candidate,memory_mb,phase,query_id,embed_ms,search_ms,total_ms,hits
qdrant,1024,cold,baths-buda,101.3,1933.6,2034.9,wv:en:Budapest/North Buda#do:thermal-bath-szent-lukacs wv:en:Budapest/South Buda#do:gellert-baths wv:en:Budapest#section:do/thermal-baths:c1 wv:en:Budapest/Víziváros#do:rudas-thermal-bath wv:es:Budapest#section:hacer/banos-termales:c1 wv:en:Budapest#section:do/thermal-baths/modern-baths:c1 wp:en:1672696#s0-c1 wv:en:Budapest#section:do/thermal-baths/traditional-public-baths:c1 wp:en:35313365#s0-c2 wv:en:Budapest/Városliget#do:szechenyi-thermal-bath
qdrant,1024,warm,baths-buda,75.6,46.2,121.8,wv:en:Budapest/North Buda#do:thermal-bath-szent-lukacs wv:en:Budapest/South Buda#do:gellert-baths wv:en:Budapest#section:do/thermal-baths:c1 wv:en:Budapest/Víziváros#do:rudas-thermal-bath wv:es:Budapest#section:hacer/banos-termales:c1 wv:en:Budapest#section:do/thermal-baths/modern-baths:c1 wp:en:1672696#s0-c1 wv:en:Budapest#section:do/thermal-baths/traditional-public-baths:c1 wp:en:35313365#s0-c2 wv:en:Budapest/Városliget#do:szechenyi-thermal-bath
qdrant,1024,warm,baths-buda-es,74.5,44.7,119.2,wv:es:Budapest#section:hacer/banos-termales:c1 wv:en:Budapest/South Buda#do:gellert-baths wv:en:Budapest/North Buda#do:thermal-bath-szent-lukacs wv:es:Budapest#section:hacer/banos-termales/banos-publicos-tradicionales/banos-modernos:c1 wv:en:Budapest#section:do/thermal-baths:c1 wv:en:Budapest#section:do/thermal-baths/modern-baths:c1 wv:en:Budapest/Víziváros#do:rudas-thermal-bath wp:en:35313365#s0-c2 wp:en:1672696#s0-c1 wv:es:Budapest#section:hacer/banos-termales/banos-publicos-tradicionales:c1
qdrant,1024,warm,szechenyi,76.7,22.3,99.0,wp:en:2613263#s1-c1 wv:en:Budapest/Városliget#do:szechenyi-thermal-bath wp:en:2613263#s0-c1 wv:en:Budapest/Városliget#section:do/leisure:c1 wp:en:35313365#s0-c2 wv:en:Budapest/Aquincum#do:csillaghegy-arpad-bath wv:en:Budapest#section:do/thermal-baths:c1 wv:en:Budapest/Erzsébetváros#see:hungaria-bath wp:en:35313365#s0-c1 wv:en:Budapest/Belváros#do:park-of-szechenyi-istvan-ter
qdrant,1024,warm,szechenyi-plain,77.6,22.9,100.4,wp:en:2613263#s2-c1 wv:en:Budapest/East Pest#do:szentmihaly-swimming-pool wv:en:Budapest/Városliget#do:szechenyi-thermal-bath wv:en:Budapest/East Pest#do:erzsebetliget-swimming-pool wv:en:Budapest/Zugló#do:bvsc-swimming-pool wv:en:Budapest/Kőbánya#do:ujhegy-swimming-pool-and-bath wv:en:Budapest/East Pest#do:ujlak-swimming-pool wp:en:2613263#s1-c1 wv:en:Budapest/Aquincum#do:szedruskert-training-pool wv:en:Budapest/Zugló#do:paskal-thermal-bath
qdrant,1024,warm,ruin-bars,74.3,23.2,97.4,osm:node/3283497736 wv:en:Budapest/Erzsébetváros#section:drink:c1 osm:node/3134154429 wv:en:Budapest/Belváros#section:drink:c1 tour:budapest:go-zeppelin-jewish-quarter wv:en:Budapest/South Buda#drink:avar-pub osm:node/9084818345 osm:node/2188749318 wv:en:Budapest/East Pest#drink:kispipa-pub wv:en:Budapest/Aquincum#drink:miamor-romaim
qdrant,1024,warm,parliament,74.7,20.5,95.2,wv:en:Budapest/Belváros#see:parliament wv:en:Budapest/Belváros#section:see/the-parliament:c1 wv:en:Budapest/Józsefváros#see:former-house-of-parliament wv:en:Budapest/Belváros#see:ethnographic-museum wv:es:Budapest#section:ver:c1 wv:en:Budapest/Hegyvidék#do:budapest-congress-center wv:en:Budapest#section:see:c3 wv:en:Budapest/Józsefváros#see:national-museum wp:en:1438363#s0-c1 wv:en:Budapest#section:see:c5
qdrant,1024,warm,free-walking-tour,77.3,24.2,101.5,tour:budapest:by-locals-pest-english tour:budapest:go-zeppelin-best-of-budapest tour:budapest:trip-to-budapest-pest tour:budapest:luna-pest-downtown tour:budapest:trip-to-budapest-art-nouveau tour:budapest:go-zeppelin-buda-castle tour:budapest:by-locals-pest-spanish wv:en:Budapest#section:do:c1 tour:budapest:trip-to-budapest-buda-castle tour:budapest:trip-to-budapest-jewish-district
qdrant,1024,warm,free-tour-es,76.9,22.5,99.4,tour:budapest:by-locals-pest-spanish tour:budapest:trip-to-budapest-pest tour:budapest:by-locals-pest-english tour:budapest:go-zeppelin-best-of-budapest tour:budapest:luna-pest-downtown tour:budapest:trip-to-budapest-buda-castle wv:en:Budapest#section:do:c1 tour:budapest:trip-to-budapest-art-nouveau tour:budapest:trip-to-budapest-jewish-district tour:budapest:go-zeppelin-buda-castle
qdrant,1024,warm,jewish-quarter-tour,74.1,21.0,95.1,tour:budapest:go-zeppelin-jewish-quarter tour:budapest:trip-to-budapest-jewish-district wv:en:Budapest/Erzsébetváros#section:understand/jewish-quarter:c1 wp:en:7706391#s9-c1 wp:en:35457863#s0-c1 wv:en:Budapest/Budavár#see:medieval-jewish-prayer-house wp:en:7706391#s7-c1 tour:budapest:trip-to-budapest-communism wp:en:39684758#s0-c1 tour:budapest:go-zeppelin-buda-castle
qdrant,1024,warm,danube-cruise,73.5,23.6,97.1,wv:en:Budapest/Belváros#do:cruising-and-eating wv:en:Budapest/South Buda#section:drink/clubs-bars:c1 wv:en:Budapest/Belváros#do:boat-trip-to-margaret-island wv:en:Budapest/Belváros#see:danube-promenade wp:en:9033099#s0-c1 wv:en:Budapest/Belváros#see:kossuth-museumship wv:en:Budapest#section:eat/restaurants:c2 wv:en:Budapest#do:hungaria-koncert wv:en:Budapest/Belváros#drink:wine-tasting-on-boat wv:en:Budapest#do:firework-above-danube-river
qdrant,1024,warm,cave-tour,71.9,22.1,94.0,wv:en:Budapest/North Buda#do:szemlo-hill-cave wv:en:Budapest/North Buda#do:palvolgy-cave osm:node/3302791818 wv:en:Budapest/North Buda#do:molnar-janos-cave wv:en:Budapest/North Buda#do:matyas-hegyi-cave wv:en:Budapest/Hegyvidék#do:buda-protected-landscape-area tour:budapest:trip-to-budapest-buda-castle wv:en:Budapest/Óbuda#see:tabor-hegyi-cave wp:en:2994351#s72-c1 wv:en:Budapest#section:do/caving:c1
qdrant,1024,warm,bike-tour,71.9,21.5,93.4,tour:budapest:by-locals-pest-english tour:budapest:go-zeppelin-best-of-budapest tour:budapest:luna-pest-downtown tour:budapest:trip-to-budapest-pest tour:budapest:by-locals-pest-spanish tour:budapest:go-zeppelin-buda-castle tour:budapest:trip-to-budapest-jewish-district tour:budapest:trip-to-budapest-buda-castle wv:en:Budapest#section:do:c1 wv:en:Budapest#transport:yellow-zebra-bike
qdrant,1024,warm,fishermans-bastion,78.7,31.7,110.4,wp:en:3733065#s7-c1 wp:en:3733065#s6-c1 wp:en:3733065#s4-c1 wp:en:3733065#s3-c2 wv:en:Budapest/Budavár#see:fisherman-s-bastion wp:en:3733065#s3-c1 wp:en:3733065#s1-c1 wp:en:3733065#s9-c1 wp:en:3733065#s0-c1 wp:en:3733065#s14-c1
qdrant,1024,warm,market-hall,74.4,26.3,100.7,wv:en:Budapest/Ferencváros#do:great-market-hall wp:en:6155085#s1-c2 wp:en:6155085#s0-c1 wp:en:6155085#s1-c1 wv:en:Budapest/Belváros#do:market-hall wv:en:Budapest/Ferencváros#see:grand-market-area wv:en:Budapest/Angyalföld#do:lehel-market-hall wv:en:Budapest/Józsefváros#do:rakoczi-square-market-hall wp:en:63518001#s0-c1 wv:en:Budapest/Víziváros#do:batthyany-square-market-hall
qdrant,1024,warm,opera,75.6,21.6,97.3,wv:en:Budapest/Terézváros#do:state-opera-or-hungarian-state-opera-house wv:en:Budapest/Terézváros#see:state-opera-house wp:en:1438363#s0-c1 wp:en:1438363#s2-c1 wp:en:1438363#s3-c1 wp:en:1438363#s1-c1 wp:en:1438363#s4-c1 wv:en:Budapest/Terézváros#do:budapest-operetta-theatre wv:en:Budapest/Angyalföld#do:open-air-theatre wv:en:Budapest/South Pest#do:sari-fedak-theatre
qdrant,1024,warm,memento-park,95.4,24.0,119.4,wv:en:Budapest/South Buda#see:memento-park tour:budapest:trip-to-budapest-communism wv:en:Budapest/Aquincum#see:graphisoft-park wv:en:Budapest/Kőbánya#do:tchaikovsky-park osm:way/83186847 wp:en:8362709#s1-c1 osm:way/469218807 wv:en:Budapest/Belváros#do:park-of-szechenyi-istvan-ter osm:way/365216106 wv:en:Budapest/North Buda#see:millenaris-park
qdrant,1024,warm,hospital-rock,72.0,22.7,94.7,wp:en:75078576#s0-c1 wp:en:44810974#s0-c1 wv:en:Budapest/Budavár#see:hospital-in-the-rock-nuclear-bunker-museum wv:en:Budapest/Belváros#see:f4-object wp:en:44810974#s6-c1 wv:en:Budapest/South Buda#see:cave-house-museum wv:en:Budapest/Kőbánya#see:central-museum-of-disaster-management wp:en:44810974#s3-c1 wp:en:75078576#s1-c1 wp:en:2994351#s21-c1
qdrant,1024,warm,shoes-memorial,69.1,24.8,93.8,wp:en:9052076#s0-c1 wp:en:9052076#s1-c1 wv:en:Budapest/Belváros#see:shoes-on-the-danube-memorial wp:en:9052076#s3-c1 wp:en:7706391#s10-c1 wp:en:9052076#s4-c1 wv:en:Budapest/Ferencváros#see:holocaust-memorial-center wp:en:39684758#s0-c1 osm:node/13390812109 osm:node/12296868961
qdrant,1024,warm,heroes-square,73.8,25.0,98.8,osm:relation/7108327 osm:relation/6411893 wp:en:2254072#s0-c1 wv:en:Budapest#section:see:c4 wv:en:Budapest/Terézváros#section:understand:c1 wv:en:Budapest/Budavár#see:homeland-defence-headquarter wv:en:Budapest/Víziváros#section:see/vizivaros/around-adam-clark-square-clark-adam-ter:c1 wv:en:Budapest/Budavár#see:castle-chapel wv:en:Budapest/Víziváros#see:castle-garden-kiosk-ybl-buda-creative-house wv:en:Budapest#section:see:c2
qdrant,1024,warm,aquincum,67.4,24.8,92.2,wv:en:Budapest/Óbuda#see:thermae-maiores wv:en:Budapest/Óbuda#see:hercules-villa wv:en:Budapest/Óbuda#see:cella-trichora wv:en:Budapest/Aquincum#see:aquincum-museum-and-archaeological-park wp:en:78012312#s0-c1 wv:en:Budapest/Józsefváros#see:museum-of-funeral wv:en:Budapest/Óbuda#see:porta-principalis-dextra wv:en:Budapest/Budavár#see:castle-museum wv:en:Budapest/Óbuda#see:aquincum-military-amphitheatre osm:node/3884465506
qdrant,1024,warm,airport-to-centre,74.3,22.9,97.2,wv:en:Budapest#section:get-in/by-plane:c2 wv:es:Budapest#section:llegar/en-avion:c3 wv:es:Budapest#section:llegar/en-avion:c4 wv:en:Budapest#section:get-in/by-plane:c1 wv:en:Budapest#section:get-around/public-transport:c2 wv:en:Budapest/Hegyvidék#section:get-in/other-transport-modes:c1 wv:es:Budapest#section:llegar/en-avion:c1 wv:es:Budapest#section:llegar/transporte-publico:c2 wp:en:56138927#s17-c1 wv:en:Budapest/Hegyvidék#section:get-in:c1
qdrant,1024,warm,airport-es,74.4,22.4,96.8,wv:es:Budapest#section:llegar/en-avion:c3 wv:es:Budapest#section:llegar/en-avion:c4 wv:es:Budapest#section:llegar/en-avion:c1 wv:en:Budapest#section:get-in/by-plane:c2 wv:es:Budapest#section:llegar/transporte-publico:c2 wv:es:Budapest#section:llegar/en-bus:c1 wv:en:Budapest#section:get-around/public-transport:c2 wv:es:Budapest#section:llegar/transporte-publico/otro:c1 wv:en:Budapest#section:get-in/by-plane:c1 wv:es:Budapest#section:llegar/en-avion:c2
qdrant,1024,warm,public-transport,78.2,22.7,100.9,wv:en:Budapest#section:get-around/public-transport/tickets-and-passes:c1 wv:en:Budapest#section:get-around/public-transport/tickets-and-passes:c2 wv:es:Budapest#section:llegar/transporte-publico/entradas-y-pases:c2 wv:en:Budapest#transport:tram-60-cogwheel-railway wv:es:Budapest#section:llegar/transporte-publico/entradas-y-pases:c1 wv:es:Budapest#section:llegar/transporte-publico/metro:c1 wp:en:31148640#s6-c1 wv:en:Budapest#section:get-around/public-transport/tram:c1 wv:en:Budapest#section:get-around/public-transport/metro:c1 wv:es:Budapest#section:seguridad/trampas-para-turistas:c1
qdrant,1024,warm,funicular,80.1,22.8,102.9,wv:en:Budapest/Budavár#section:get-in/by-funicular:c1 wv:es:Budapest#transport:funicular-del-castillo-buda wv:en:Budapest#transport:buda-castle-funicular wv:en:Budapest/Budavár#section:get-in:c1 tour:budapest:luna-buda-castle wp:en:2994351#s40-c1 wv:en:Budapest/Hegyvidék#section:get-in/buses:c1 wv:en:Budapest/Víziváros#see:buda-castle-tunnel wp:en:2994351#s53-c1 tour:budapest:go-zeppelin-buda-castle
qdrant,1024,warm,escape-room,71.1,21.0,92.2,wv:en:Budapest/Erzsébetváros#do:play-escape-room wv:en:Budapest/Városliget#do:prizone-escape wv:en:Budapest/Zugló#do:parahotel wv:en:Budapest/Kőbánya#do:pirate-cave wv:en:Budapest/Csepel#do:trap-factory wv:en:Budapest/Kőbánya#do:rage-room-budapest wp:en:2994351#s34-c1 wv:en:Budapest/Óbuda#do:brainmaze wp:en:2994351#s65-c1 wp:en:2994351#s32-c1
qdrant,1024,warm,vegan,74.6,21.3,95.9,wv:en:Budapest#section:eat/vegetarian-vegan:c1 wv:es:Budapest#section:comer/vegetariano-vegano:c1 wv:en:Budapest/Víziváros#eat:edeni-vegan osm:node/4585086090 osm:node/5770690057 wv:en:Budapest/Víziváros#eat:edeni-vegan-restaurant wv:en:Budapest/Belváros#eat:govinda-restaurants wv:en:Budapest/Aquincum#eat:govinda-csillaghegy osm:node/5528143821 osm:node/1918883383
qdrant,1024,warm,new-york-cafe,96.6,20.0,116.6,wv:en:Budapest#section:eat/coffee-houses:c1 wv:en:Budapest/Terézváros#eat:sugarshop osm:node/5474855522 wv:es:Budapest#section:comer/cafeterias:c1 wv:en:Budapest/Erzsébetváros#eat:new-york-cafe osm:node/9082621846 osm:node/13680999181 osm:node/5387347771 osm:node/692977110 osm:node/1573205258
qdrant,1024,warm,national-museum,78.5,23.3,101.8,wp:en:7799944#s0-c1 wv:en:Budapest/Erzsébetváros#see:hungarian-national-museum wv:en:Budapest/Józsefváros#see:national-museum wp:en:35457863#s2-c1 wp:en:7799944#s1-c1 wp:en:7799944#s2-c1 wp:en:7799944#s3-c1 wp:en:12058019#s0-c1 wv:en:Budapest/Budavár#see:hungarian-national-gallery wp:en:7799944#s1-c2
qdrant,1024,warm,zoo,171.6,20.0,191.6,wv:en:Budapest/Csepel#eat:arany-pancake-shop-and-pub osm:node/4079894508 osm:way/25281026 osm:way/906696800 wv:en:Budapest/South Buda#eat:becsiszelet-restaurant wv:en:Budapest/Angyalföld#do:oko-playground wv:en:Budapest/Kőbánya#do:pirate-cave wv:en:Budapest/Csepel#eat:nadfedeles-csarda osm:way/1054346248 wv:en:Budapest/South Pest#drink:nyalifali
qdrant,1024,warm,margaret-island,72.5,16.2,88.7,wp:en:20947490#s0-c1 wp:en:20947490#s1-c1 wv:en:Budapest/Aquincum#do:obuda-island wv:en:Budapest/Belváros#see:danube-promenade wp:en:9033099#s0-c1 wv:en:Budapest/Angyalföld#do:people-island osm:relation/21179013 wv:en:Budapest/Kőbánya#do:people-s-park wv:en:Budapest/Budavár#do:europe-park wv:en:Budapest/South Buda#do:independent-park
qdrant,1024,warm,climate-october,73.2,39.7,112.9,om:climate:budapest:10 om:climate:budapest:11 wv:en:Budapest#section:understand/climate:c1 wv:es:Budapest#section:comprender/clima:c1 om:climate:budapest:09 om:climate:budapest:08 om:climate:budapest:04 wv:en:Budapest#practical:finland wv:en:Budapest#practical:sweden osm:way/57716766
qdrant,1024,warm,clima-enero-es,79.1,25.4,104.5,om:climate:budapest:01 om:climate:budapest:02 osm:way/166167091 wv:en:Budapest/North Buda#see:ruins-of-pauline-monastery wv:en:Budapest/South Buda#see:kelenfold-bus-depot osm:way/166167074 om:climate:budapest:12 osm:way/166167090 wv:en:Budapest/South Buda#do:kopaszi-dam wv:en:Budapest/Terézváros#see:anker-palace
qdrant,1024,warm,baths-buda,69.1,20.3,89.3,wv:en:Budapest/North Buda#do:thermal-bath-szent-lukacs wv:en:Budapest/South Buda#do:gellert-baths wv:en:Budapest#section:do/thermal-baths:c1 wv:en:Budapest/Víziváros#do:rudas-thermal-bath wv:es:Budapest#section:hacer/banos-termales:c1 wv:en:Budapest#section:do/thermal-baths/modern-baths:c1 wp:en:1672696#s0-c1 wv:en:Budapest#section:do/thermal-baths/traditional-public-baths:c1 wp:en:35313365#s0-c2 wv:en:Budapest/Városliget#do:szechenyi-thermal-bath
qdrant,1024,warm,baths-buda-es,72.1,22.3,94.5,wv:es:Budapest#section:hacer/banos-termales:c1 wv:en:Budapest/South Buda#do:gellert-baths wv:en:Budapest/North Buda#do:thermal-bath-szent-lukacs wv:es:Budapest#section:hacer/banos-termales/banos-publicos-tradicionales/banos-modernos:c1 wv:en:Budapest#section:do/thermal-baths:c1 wv:en:Budapest#section:do/thermal-baths/modern-baths:c1 wv:en:Budapest/Víziváros#do:rudas-thermal-bath wp:en:35313365#s0-c2 wp:en:1672696#s0-c1 wv:es:Budapest#section:hacer/banos-termales/banos-publicos-tradicionales:c1
qdrant,1024,warm,szechenyi,95.5,19.7,115.2,wp:en:2613263#s1-c1 wv:en:Budapest/Városliget#do:szechenyi-thermal-bath wp:en:2613263#s0-c1 wv:en:Budapest/Városliget#section:do/leisure:c1 wp:en:35313365#s0-c2 wv:en:Budapest/Aquincum#do:csillaghegy-arpad-bath wv:en:Budapest#section:do/thermal-baths:c1 wv:en:Budapest/Erzsébetváros#see:hungaria-bath wp:en:35313365#s0-c1 wv:en:Budapest/Belváros#do:park-of-szechenyi-istvan-ter
qdrant,1024,warm,szechenyi-plain,82.6,18.9,101.5,wp:en:2613263#s2-c1 wv:en:Budapest/East Pest#do:szentmihaly-swimming-pool wv:en:Budapest/Városliget#do:szechenyi-thermal-bath wv:en:Budapest/East Pest#do:erzsebetliget-swimming-pool wv:en:Budapest/Zugló#do:bvsc-swimming-pool wv:en:Budapest/Kőbánya#do:ujhegy-swimming-pool-and-bath wv:en:Budapest/East Pest#do:ujlak-swimming-pool wp:en:2613263#s1-c1 wv:en:Budapest/Aquincum#do:szedruskert-training-pool wv:en:Budapest/Zugló#do:paskal-thermal-bath
qdrant,1024,warm,ruin-bars,75.0,25.0,100.0,osm:node/3283497736 wv:en:Budapest/Erzsébetváros#section:drink:c1 osm:node/3134154429 wv:en:Budapest/Belváros#section:drink:c1 tour:budapest:go-zeppelin-jewish-quarter wv:en:Budapest/South Buda#drink:avar-pub osm:node/9084818345 osm:node/2188749318 wv:en:Budapest/East Pest#drink:kispipa-pub wv:en:Budapest/Aquincum#drink:miamor-romaim
qdrant,1024,warm,parliament,72.7,23.7,96.4,wv:en:Budapest/Belváros#see:parliament wv:en:Budapest/Belváros#section:see/the-parliament:c1 wv:en:Budapest/Józsefváros#see:former-house-of-parliament wv:en:Budapest/Belváros#see:ethnographic-museum wv:es:Budapest#section:ver:c1 wv:en:Budapest/Hegyvidék#do:budapest-congress-center wv:en:Budapest#section:see:c3 wv:en:Budapest/Józsefváros#see:national-museum wp:en:1438363#s0-c1 wv:en:Budapest#section:see:c5
qdrant,1024,warm,free-walking-tour,73.1,27.8,100.9,tour:budapest:by-locals-pest-english tour:budapest:go-zeppelin-best-of-budapest tour:budapest:trip-to-budapest-pest tour:budapest:luna-pest-downtown tour:budapest:trip-to-budapest-art-nouveau tour:budapest:go-zeppelin-buda-castle tour:budapest:by-locals-pest-spanish wv:en:Budapest#section:do:c1 tour:budapest:trip-to-budapest-buda-castle tour:budapest:trip-to-budapest-jewish-district
qdrant,1024,warm,free-tour-es,83.3,23.9,107.2,tour:budapest:by-locals-pest-spanish tour:budapest:trip-to-budapest-pest tour:budapest:by-locals-pest-english tour:budapest:go-zeppelin-best-of-budapest tour:budapest:luna-pest-downtown tour:budapest:trip-to-budapest-buda-castle wv:en:Budapest#section:do:c1 tour:budapest:trip-to-budapest-art-nouveau tour:budapest:trip-to-budapest-jewish-district tour:budapest:go-zeppelin-buda-castle
qdrant,1024,warm,jewish-quarter-tour,77.5,23.9,101.4,tour:budapest:go-zeppelin-jewish-quarter tour:budapest:trip-to-budapest-jewish-district wv:en:Budapest/Erzsébetváros#section:understand/jewish-quarter:c1 wp:en:7706391#s9-c1 wp:en:35457863#s0-c1 wv:en:Budapest/Budavár#see:medieval-jewish-prayer-house wp:en:7706391#s7-c1 tour:budapest:trip-to-budapest-communism wp:en:39684758#s0-c1 tour:budapest:go-zeppelin-buda-castle
qdrant,1024,warm,danube-cruise,74.8,21.0,95.9,wv:en:Budapest/Belváros#do:cruising-and-eating wv:en:Budapest/South Buda#section:drink/clubs-bars:c1 wv:en:Budapest/Belváros#do:boat-trip-to-margaret-island wv:en:Budapest/Belváros#see:danube-promenade wp:en:9033099#s0-c1 wv:en:Budapest/Belváros#see:kossuth-museumship wv:en:Budapest#section:eat/restaurants:c2 wv:en:Budapest#do:hungaria-koncert wv:en:Budapest/Belváros#drink:wine-tasting-on-boat wv:en:Budapest#do:firework-above-danube-river
qdrant,1024,warm,cave-tour,73.2,22.3,95.5,wv:en:Budapest/North Buda#do:szemlo-hill-cave wv:en:Budapest/North Buda#do:palvolgy-cave osm:node/3302791818 wv:en:Budapest/North Buda#do:molnar-janos-cave wv:en:Budapest/North Buda#do:matyas-hegyi-cave wv:en:Budapest/Hegyvidék#do:buda-protected-landscape-area tour:budapest:trip-to-budapest-buda-castle wv:en:Budapest/Óbuda#see:tabor-hegyi-cave wp:en:2994351#s72-c1 wv:en:Budapest#section:do/caving:c1
qdrant,1024,warm,bike-tour,73.2,20.4,93.6,tour:budapest:by-locals-pest-english tour:budapest:go-zeppelin-best-of-budapest tour:budapest:luna-pest-downtown tour:budapest:trip-to-budapest-pest tour:budapest:by-locals-pest-spanish tour:budapest:go-zeppelin-buda-castle tour:budapest:trip-to-budapest-jewish-district tour:budapest:trip-to-budapest-buda-castle wv:en:Budapest#section:do:c1 wv:en:Budapest#transport:yellow-zebra-bike
qdrant,1024,warm,fishermans-bastion,99.5,20.7,120.2,wp:en:3733065#s7-c1 wp:en:3733065#s6-c1 wp:en:3733065#s4-c1 wp:en:3733065#s3-c2 wv:en:Budapest/Budavár#see:fisherman-s-bastion wp:en:3733065#s3-c1 wp:en:3733065#s1-c1 wp:en:3733065#s9-c1 wp:en:3733065#s0-c1 wp:en:3733065#s14-c1
qdrant,1024,warm,market-hall,77.1,22.3,99.4,wv:en:Budapest/Ferencváros#do:great-market-hall wp:en:6155085#s1-c2 wp:en:6155085#s0-c1 wp:en:6155085#s1-c1 wv:en:Budapest/Belváros#do:market-hall wv:en:Budapest/Ferencváros#see:grand-market-area wv:en:Budapest/Angyalföld#do:lehel-market-hall wv:en:Budapest/Józsefváros#do:rakoczi-square-market-hall wp:en:63518001#s0-c1 wv:en:Budapest/Víziváros#do:batthyany-square-market-hall
qdrant,1024,warm,opera,74.1,21.4,95.5,wv:en:Budapest/Terézváros#do:state-opera-or-hungarian-state-opera-house wv:en:Budapest/Terézváros#see:state-opera-house wp:en:1438363#s0-c1 wp:en:1438363#s2-c1 wp:en:1438363#s3-c1 wp:en:1438363#s1-c1 wp:en:1438363#s4-c1 wv:en:Budapest/Terézváros#do:budapest-operetta-theatre wv:en:Budapest/Angyalföld#do:open-air-theatre wv:en:Budapest/South Pest#do:sari-fedak-theatre
qdrant,1024,warm,memento-park,75.5,23.1,98.7,wv:en:Budapest/South Buda#see:memento-park tour:budapest:trip-to-budapest-communism wv:en:Budapest/Aquincum#see:graphisoft-park wv:en:Budapest/Kőbánya#do:tchaikovsky-park osm:way/83186847 wp:en:8362709#s1-c1 osm:way/469218807 wv:en:Budapest/Belváros#do:park-of-szechenyi-istvan-ter osm:way/365216106 wv:en:Budapest/North Buda#see:millenaris-park
qdrant,1024,warm,hospital-rock,96.2,21.6,117.8,wp:en:75078576#s0-c1 wp:en:44810974#s0-c1 wv:en:Budapest/Budavár#see:hospital-in-the-rock-nuclear-bunker-museum wv:en:Budapest/Belváros#see:f4-object wp:en:44810974#s6-c1 wv:en:Budapest/South Buda#see:cave-house-museum wv:en:Budapest/Kőbánya#see:central-museum-of-disaster-management wp:en:44810974#s3-c1 wp:en:75078576#s1-c1 wp:en:2994351#s21-c1
qdrant,1024,warm,shoes-memorial,68.6,20.5,89.1,wp:en:9052076#s0-c1 wp:en:9052076#s1-c1 wv:en:Budapest/Belváros#see:shoes-on-the-danube-memorial wp:en:9052076#s3-c1 wp:en:7706391#s10-c1 wp:en:9052076#s4-c1 wv:en:Budapest/Ferencváros#see:holocaust-memorial-center wp:en:39684758#s0-c1 osm:node/13390812109 osm:node/12296868961
qdrant,1024,warm,heroes-square,70.4,23.3,93.8,osm:relation/7108327 osm:relation/6411893 wp:en:2254072#s0-c1 wv:en:Budapest#section:see:c4 wv:en:Budapest/Terézváros#section:understand:c1 wv:en:Budapest/Budavár#see:homeland-defence-headquarter wv:en:Budapest/Víziváros#section:see/vizivaros/around-adam-clark-square-clark-adam-ter:c1 wv:en:Budapest/Budavár#see:castle-chapel wv:en:Budapest/Víziváros#see:castle-garden-kiosk-ybl-buda-creative-house wv:en:Budapest#section:see:c2
qdrant,1024,warm,aquincum,73.6,23.3,96.9,wv:en:Budapest/Óbuda#see:thermae-maiores wv:en:Budapest/Óbuda#see:hercules-villa wv:en:Budapest/Óbuda#see:cella-trichora wv:en:Budapest/Aquincum#see:aquincum-museum-and-archaeological-park wp:en:78012312#s0-c1 wv:en:Budapest/Józsefváros#see:museum-of-funeral wv:en:Budapest/Óbuda#see:porta-principalis-dextra wv:en:Budapest/Budavár#see:castle-museum wv:en:Budapest/Óbuda#see:aquincum-military-amphitheatre osm:node/3884465506
qdrant,1024,warm,airport-to-centre,73.1,23.3,96.4,wv:en:Budapest#section:get-in/by-plane:c2 wv:es:Budapest#section:llegar/en-avion:c3 wv:es:Budapest#section:llegar/en-avion:c4 wv:en:Budapest#section:get-in/by-plane:c1 wv:en:Budapest#section:get-around/public-transport:c2 wv:en:Budapest/Hegyvidék#section:get-in/other-transport-modes:c1 wv:es:Budapest#section:llegar/en-avion:c1 wv:es:Budapest#section:llegar/transporte-publico:c2 wp:en:56138927#s17-c1 wv:en:Budapest/Hegyvidék#section:get-in:c1
qdrant,1024,warm,airport-es,75.3,21.5,96.8,wv:es:Budapest#section:llegar/en-avion:c3 wv:es:Budapest#section:llegar/en-avion:c4 wv:es:Budapest#section:llegar/en-avion:c1 wv:en:Budapest#section:get-in/by-plane:c2 wv:es:Budapest#section:llegar/transporte-publico:c2 wv:es:Budapest#section:llegar/en-bus:c1 wv:en:Budapest#section:get-around/public-transport:c2 wv:es:Budapest#section:llegar/transporte-publico/otro:c1 wv:en:Budapest#section:get-in/by-plane:c1 wv:es:Budapest#section:llegar/en-avion:c2
qdrant,1024,warm,public-transport,91.0,24.7,115.8,wv:en:Budapest#section:get-around/public-transport/tickets-and-passes:c1 wv:en:Budapest#section:get-around/public-transport/tickets-and-passes:c2 wv:es:Budapest#section:llegar/transporte-publico/entradas-y-pases:c2 wv:en:Budapest#transport:tram-60-cogwheel-railway wv:es:Budapest#section:llegar/transporte-publico/entradas-y-pases:c1 wv:es:Budapest#section:llegar/transporte-publico/metro:c1 wp:en:31148640#s6-c1 wv:en:Budapest#section:get-around/public-transport/tram:c1 wv:en:Budapest#section:get-around/public-transport/metro:c1 wv:es:Budapest#section:seguridad/trampas-para-turistas:c1
qdrant,1024,warm,funicular,77.9,22.7,100.7,wv:en:Budapest/Budavár#section:get-in/by-funicular:c1 wv:es:Budapest#transport:funicular-del-castillo-buda wv:en:Budapest#transport:buda-castle-funicular wv:en:Budapest/Budavár#section:get-in:c1 tour:budapest:luna-buda-castle wp:en:2994351#s40-c1 wv:en:Budapest/Hegyvidék#section:get-in/buses:c1 wv:en:Budapest/Víziváros#see:buda-castle-tunnel wp:en:2994351#s53-c1 tour:budapest:go-zeppelin-buda-castle
qdrant,1024,warm,escape-room,78.3,22.4,100.8,wv:en:Budapest/Erzsébetváros#do:play-escape-room wv:en:Budapest/Városliget#do:prizone-escape wv:en:Budapest/Zugló#do:parahotel wv:en:Budapest/Kőbánya#do:pirate-cave wv:en:Budapest/Csepel#do:trap-factory wv:en:Budapest/Kőbánya#do:rage-room-budapest wp:en:2994351#s34-c1 wv:en:Budapest/Óbuda#do:brainmaze wp:en:2994351#s65-c1 wp:en:2994351#s32-c1
qdrant,1024,warm,vegan,80.1,22.6,102.8,wv:en:Budapest#section:eat/vegetarian-vegan:c1 wv:es:Budapest#section:comer/vegetariano-vegano:c1 wv:en:Budapest/Víziváros#eat:edeni-vegan osm:node/4585086090 osm:node/5770690057 wv:en:Budapest/Víziváros#eat:edeni-vegan-restaurant wv:en:Budapest/Belváros#eat:govinda-restaurants wv:en:Budapest/Aquincum#eat:govinda-csillaghegy osm:node/5528143821 osm:node/1918883383
qdrant,1024,warm,new-york-cafe,72.2,21.6,93.7,wv:en:Budapest#section:eat/coffee-houses:c1 wv:en:Budapest/Terézváros#eat:sugarshop osm:node/5474855522 wv:es:Budapest#section:comer/cafeterias:c1 wv:en:Budapest/Erzsébetváros#eat:new-york-cafe osm:node/9082621846 osm:node/13680999181 osm:node/5387347771 osm:node/692977110 osm:node/1573205258
qdrant,1024,warm,national-museum,89.9,19.0,109.0,wp:en:7799944#s0-c1 wv:en:Budapest/Erzsébetváros#see:hungarian-national-museum wv:en:Budapest/Józsefváros#see:national-museum wp:en:35457863#s2-c1 wp:en:7799944#s1-c1 wp:en:7799944#s2-c1 wp:en:7799944#s3-c1 wp:en:12058019#s0-c1 wv:en:Budapest/Budavár#see:hungarian-national-gallery wp:en:7799944#s1-c2
qdrant,1024,warm,zoo,78.4,23.4,101.9,wv:en:Budapest/Csepel#eat:arany-pancake-shop-and-pub osm:node/4079894508 osm:way/25281026 osm:way/906696800 wv:en:Budapest/South Buda#eat:becsiszelet-restaurant wv:en:Budapest/Angyalföld#do:oko-playground wv:en:Budapest/Kőbánya#do:pirate-cave wv:en:Budapest/Csepel#eat:nadfedeles-csarda osm:way/1054346248 wv:en:Budapest/South Pest#drink:nyalifali
qdrant,1024,warm,margaret-island,84.6,22.1,106.7,wp:en:20947490#s0-c1 wp:en:20947490#s1-c1 wv:en:Budapest/Aquincum#do:obuda-island wv:en:Budapest/Belváros#see:danube-promenade wp:en:9033099#s0-c1 wv:en:Budapest/Angyalföld#do:people-island osm:relation/21179013 wv:en:Budapest/Kőbánya#do:people-s-park wv:en:Budapest/Budavár#do:europe-park wv:en:Budapest/South Buda#do:independent-park
qdrant,1024,warm,climate-october,90.7,19.9,110.6,om:climate:budapest:10 om:climate:budapest:11 wv:en:Budapest#section:understand/climate:c1 wv:es:Budapest#section:comprender/clima:c1 om:climate:budapest:09 om:climate:budapest:08 om:climate:budapest:04 wv:en:Budapest#practical:finland wv:en:Budapest#practical:sweden osm:way/57716766
qdrant,1024,warm,clima-enero-es,79.0,21.9,100.9,om:climate:budapest:01 om:climate:budapest:02 osm:way/166167091 wv:en:Budapest/North Buda#see:ruins-of-pauline-monastery wv:en:Budapest/South Buda#see:kelenfold-bus-depot osm:way/166167074 om:climate:budapest:12 osm:way/166167090 wv:en:Budapest/South Buda#do:kopaszi-dam wv:en:Budapest/Terézváros#see:anker-palace
qdrant,1024,warm,baths-buda,79.4,20.5,99.9,wv:en:Budapest/North Buda#do:thermal-bath-szent-lukacs wv:en:Budapest/South Buda#do:gellert-baths wv:en:Budapest#section:do/thermal-baths:c1 wv:en:Budapest/Víziváros#do:rudas-thermal-bath wv:es:Budapest#section:hacer/banos-termales:c1 wv:en:Budapest#section:do/thermal-baths/modern-baths:c1 wp:en:1672696#s0-c1 wv:en:Budapest#section:do/thermal-baths/traditional-public-baths:c1 wp:en:35313365#s0-c2 wv:en:Budapest/Városliget#do:szechenyi-thermal-bath
qdrant,1024,warm,baths-buda-es,95.0,36.1,131.1,wv:es:Budapest#section:hacer/banos-termales:c1 wv:en:Budapest/South Buda#do:gellert-baths wv:en:Budapest/North Buda#do:thermal-bath-szent-lukacs wv:es:Budapest#section:hacer/banos-termales/banos-publicos-tradicionales/banos-modernos:c1 wv:en:Budapest#section:do/thermal-baths:c1 wv:en:Budapest#section:do/thermal-baths/modern-baths:c1 wv:en:Budapest/Víziváros#do:rudas-thermal-bath wp:en:35313365#s0-c2 wp:en:1672696#s0-c1 wv:es:Budapest#section:hacer/banos-termales/banos-publicos-tradicionales:c1
qdrant,1024,warm,szechenyi,71.5,24.1,95.6,wp:en:2613263#s1-c1 wv:en:Budapest/Városliget#do:szechenyi-thermal-bath wp:en:2613263#s0-c1 wv:en:Budapest/Városliget#section:do/leisure:c1 wp:en:35313365#s0-c2 wv:en:Budapest/Aquincum#do:csillaghegy-arpad-bath wv:en:Budapest#section:do/thermal-baths:c1 wv:en:Budapest/Erzsébetváros#see:hungaria-bath wp:en:35313365#s0-c1 wv:en:Budapest/Belváros#do:park-of-szechenyi-istvan-ter
qdrant,1024,warm,szechenyi-plain,76.0,16.9,92.9,wp:en:2613263#s2-c1 wv:en:Budapest/East Pest#do:szentmihaly-swimming-pool wv:en:Budapest/Városliget#do:szechenyi-thermal-bath wv:en:Budapest/East Pest#do:erzsebetliget-swimming-pool wv:en:Budapest/Zugló#do:bvsc-swimming-pool wv:en:Budapest/Kőbánya#do:ujhegy-swimming-pool-and-bath wv:en:Budapest/East Pest#do:ujlak-swimming-pool wp:en:2613263#s1-c1 wv:en:Budapest/Aquincum#do:szedruskert-training-pool wv:en:Budapest/Zugló#do:paskal-thermal-bath
qdrant,1024,warm,ruin-bars,459.4,18.5,478.0,osm:node/3283497736 wv:en:Budapest/Erzsébetváros#section:drink:c1 osm:node/3134154429 wv:en:Budapest/Belváros#section:drink:c1 tour:budapest:go-zeppelin-jewish-quarter wv:en:Budapest/South Buda#drink:avar-pub osm:node/9084818345 osm:node/2188749318 wv:en:Budapest/East Pest#drink:kispipa-pub wv:en:Budapest/Aquincum#drink:miamor-romaim
qdrant,1024,warm,parliament,71.4,23.3,94.7,wv:en:Budapest/Belváros#see:parliament wv:en:Budapest/Belváros#section:see/the-parliament:c1 wv:en:Budapest/Józsefváros#see:former-house-of-parliament wv:en:Budapest/Belváros#see:ethnographic-museum wv:es:Budapest#section:ver:c1 wv:en:Budapest/Hegyvidék#do:budapest-congress-center wv:en:Budapest#section:see:c3 wv:en:Budapest/Józsefváros#see:national-museum wp:en:1438363#s0-c1 wv:en:Budapest#section:see:c5
qdrant,1024,warm,free-walking-tour,77.0,21.0,98.0,tour:budapest:by-locals-pest-english tour:budapest:go-zeppelin-best-of-budapest tour:budapest:trip-to-budapest-pest tour:budapest:luna-pest-downtown tour:budapest:trip-to-budapest-art-nouveau tour:budapest:go-zeppelin-buda-castle tour:budapest:by-locals-pest-spanish wv:en:Budapest#section:do:c1 tour:budapest:trip-to-budapest-buda-castle tour:budapest:trip-to-budapest-jewish-district
qdrant,1024,warm,free-tour-es,89.7,20.9,110.5,tour:budapest:by-locals-pest-spanish tour:budapest:trip-to-budapest-pest tour:budapest:by-locals-pest-english tour:budapest:go-zeppelin-best-of-budapest tour:budapest:luna-pest-downtown tour:budapest:trip-to-budapest-buda-castle wv:en:Budapest#section:do:c1 tour:budapest:trip-to-budapest-art-nouveau tour:budapest:trip-to-budapest-jewish-district tour:budapest:go-zeppelin-buda-castle
qdrant,1024,warm,jewish-quarter-tour,72.7,26.0,98.7,tour:budapest:go-zeppelin-jewish-quarter tour:budapest:trip-to-budapest-jewish-district wv:en:Budapest/Erzsébetváros#section:understand/jewish-quarter:c1 wp:en:7706391#s9-c1 wp:en:35457863#s0-c1 wv:en:Budapest/Budavár#see:medieval-jewish-prayer-house wp:en:7706391#s7-c1 tour:budapest:trip-to-budapest-communism wp:en:39684758#s0-c1 tour:budapest:go-zeppelin-buda-castle
qdrant,1024,warm,danube-cruise,75.1,19.9,95.0,wv:en:Budapest/Belváros#do:cruising-and-eating wv:en:Budapest/South Buda#section:drink/clubs-bars:c1 wv:en:Budapest/Belváros#do:boat-trip-to-margaret-island wv:en:Budapest/Belváros#see:danube-promenade wp:en:9033099#s0-c1 wv:en:Budapest/Belváros#see:kossuth-museumship wv:en:Budapest#section:eat/restaurants:c2 wv:en:Budapest#do:hungaria-koncert wv:en:Budapest/Belváros#drink:wine-tasting-on-boat wv:en:Budapest#do:firework-above-danube-river
qdrant,1024,warm,cave-tour,76.3,24.5,100.8,wv:en:Budapest/North Buda#do:szemlo-hill-cave wv:en:Budapest/North Buda#do:palvolgy-cave osm:node/3302791818 wv:en:Budapest/North Buda#do:molnar-janos-cave wv:en:Budapest/North Buda#do:matyas-hegyi-cave wv:en:Budapest/Hegyvidék#do:buda-protected-landscape-area tour:budapest:trip-to-budapest-buda-castle wv:en:Budapest/Óbuda#see:tabor-hegyi-cave wp:en:2994351#s72-c1 wv:en:Budapest#section:do/caving:c1
qdrant,1024,warm,bike-tour,86.6,25.4,112.0,tour:budapest:by-locals-pest-english tour:budapest:go-zeppelin-best-of-budapest tour:budapest:luna-pest-downtown tour:budapest:trip-to-budapest-pest tour:budapest:by-locals-pest-spanish tour:budapest:go-zeppelin-buda-castle tour:budapest:trip-to-budapest-jewish-district tour:budapest:trip-to-budapest-buda-castle wv:en:Budapest#section:do:c1 wv:en:Budapest#transport:yellow-zebra-bike
qdrant,1024,warm,fishermans-bastion,52.4,20.2,72.6,wp:en:3733065#s7-c1 wp:en:3733065#s6-c1 wp:en:3733065#s4-c1 wp:en:3733065#s3-c2 wv:en:Budapest/Budavár#see:fisherman-s-bastion wp:en:3733065#s3-c1 wp:en:3733065#s1-c1 wp:en:3733065#s9-c1 wp:en:3733065#s0-c1 wp:en:3733065#s14-c1
qdrant,1024,warm,market-hall,49.1,22.1,71.3,wv:en:Budapest/Ferencváros#do:great-market-hall wp:en:6155085#s1-c2 wp:en:6155085#s0-c1 wp:en:6155085#s1-c1 wv:en:Budapest/Belváros#do:market-hall wv:en:Budapest/Ferencváros#see:grand-market-area wv:en:Budapest/Angyalföld#do:lehel-market-hall wv:en:Budapest/Józsefváros#do:rakoczi-square-market-hall wp:en:63518001#s0-c1 wv:en:Budapest/Víziváros#do:batthyany-square-market-hall
qdrant,1024,warm,opera,76.0,22.2,98.2,wv:en:Budapest/Terézváros#do:state-opera-or-hungarian-state-opera-house wv:en:Budapest/Terézváros#see:state-opera-house wp:en:1438363#s0-c1 wp:en:1438363#s2-c1 wp:en:1438363#s3-c1 wp:en:1438363#s1-c1 wp:en:1438363#s4-c1 wv:en:Budapest/Terézváros#do:budapest-operetta-theatre wv:en:Budapest/Angyalföld#do:open-air-theatre wv:en:Budapest/South Pest#do:sari-fedak-theatre
qdrant,1024,warm,memento-park,98.0,18.1,116.1,wv:en:Budapest/South Buda#see:memento-park tour:budapest:trip-to-budapest-communism wv:en:Budapest/Aquincum#see:graphisoft-park wv:en:Budapest/Kőbánya#do:tchaikovsky-park osm:way/83186847 wp:en:8362709#s1-c1 osm:way/469218807 wv:en:Budapest/Belváros#do:park-of-szechenyi-istvan-ter osm:way/365216106 wv:en:Budapest/North Buda#see:millenaris-park
qdrant,1024,warm,hospital-rock,52.0,22.4,74.4,wp:en:75078576#s0-c1 wp:en:44810974#s0-c1 wv:en:Budapest/Budavár#see:hospital-in-the-rock-nuclear-bunker-museum wv:en:Budapest/Belváros#see:f4-object wp:en:44810974#s6-c1 wv:en:Budapest/South Buda#see:cave-house-museum wv:en:Budapest/Kőbánya#see:central-museum-of-disaster-management wp:en:44810974#s3-c1 wp:en:75078576#s1-c1 wp:en:2994351#s21-c1
qdrant,1024,warm,shoes-memorial,73.2,26.2,99.4,wp:en:9052076#s0-c1 wp:en:9052076#s1-c1 wv:en:Budapest/Belváros#see:shoes-on-the-danube-memorial wp:en:9052076#s3-c1 wp:en:7706391#s10-c1 wp:en:9052076#s4-c1 wv:en:Budapest/Ferencváros#see:holocaust-memorial-center wp:en:39684758#s0-c1 osm:node/13390812109 osm:node/12296868961
qdrant,1024,warm,heroes-square,54.0,21.8,75.7,osm:relation/7108327 osm:relation/6411893 wp:en:2254072#s0-c1 wv:en:Budapest#section:see:c4 wv:en:Budapest/Terézváros#section:understand:c1 wv:en:Budapest/Budavár#see:homeland-defence-headquarter wv:en:Budapest/Víziváros#section:see/vizivaros/around-adam-clark-square-clark-adam-ter:c1 wv:en:Budapest/Budavár#see:castle-chapel wv:en:Budapest/Víziváros#see:castle-garden-kiosk-ybl-buda-creative-house wv:en:Budapest#section:see:c2
qdrant,1024,warm,aquincum,75.9,22.7,98.6,wv:en:Budapest/Óbuda#see:thermae-maiores wv:en:Budapest/Óbuda#see:hercules-villa wv:en:Budapest/Óbuda#see:cella-trichora wv:en:Budapest/Aquincum#see:aquincum-museum-and-archaeological-park wp:en:78012312#s0-c1 wv:en:Budapest/Józsefváros#see:museum-of-funeral wv:en:Budapest/Óbuda#see:porta-principalis-dextra wv:en:Budapest/Budavár#see:castle-museum wv:en:Budapest/Óbuda#see:aquincum-military-amphitheatre osm:node/3884465506
qdrant,1024,warm,airport-to-centre,75.2,22.4,97.6,wv:en:Budapest#section:get-in/by-plane:c2 wv:es:Budapest#section:llegar/en-avion:c3 wv:es:Budapest#section:llegar/en-avion:c4 wv:en:Budapest#section:get-in/by-plane:c1 wv:en:Budapest#section:get-around/public-transport:c2 wv:en:Budapest/Hegyvidék#section:get-in/other-transport-modes:c1 wv:es:Budapest#section:llegar/en-avion:c1 wv:es:Budapest#section:llegar/transporte-publico:c2 wp:en:56138927#s17-c1 wv:en:Budapest/Hegyvidék#section:get-in:c1
qdrant,1024,warm,airport-es,53.4,24.0,77.4,wv:es:Budapest#section:llegar/en-avion:c3 wv:es:Budapest#section:llegar/en-avion:c4 wv:es:Budapest#section:llegar/en-avion:c1 wv:en:Budapest#section:get-in/by-plane:c2 wv:es:Budapest#section:llegar/transporte-publico:c2 wv:es:Budapest#section:llegar/en-bus:c1 wv:en:Budapest#section:get-around/public-transport:c2 wv:es:Budapest#section:llegar/transporte-publico/otro:c1 wv:en:Budapest#section:get-in/by-plane:c1 wv:es:Budapest#section:llegar/en-avion:c2
qdrant,1024,warm,public-transport,75.8,21.4,97.2,wv:en:Budapest#section:get-around/public-transport/tickets-and-passes:c1 wv:en:Budapest#section:get-around/public-transport/tickets-and-passes:c2 wv:es:Budapest#section:llegar/transporte-publico/entradas-y-pases:c2 wv:en:Budapest#transport:tram-60-cogwheel-railway wv:es:Budapest#section:llegar/transporte-publico/entradas-y-pases:c1 wv:es:Budapest#section:llegar/transporte-publico/metro:c1 wp:en:31148640#s6-c1 wv:en:Budapest#section:get-around/public-transport/tram:c1 wv:en:Budapest#section:get-around/public-transport/metro:c1 wv:es:Budapest#section:seguridad/trampas-para-turistas:c1
qdrant,1024,warm,funicular,58.5,25.6,84.1,wv:en:Budapest/Budavár#section:get-in/by-funicular:c1 wv:es:Budapest#transport:funicular-del-castillo-buda wv:en:Budapest#transport:buda-castle-funicular wv:en:Budapest/Budavár#section:get-in:c1 tour:budapest:luna-buda-castle wp:en:2994351#s40-c1 wv:en:Budapest/Hegyvidék#section:get-in/buses:c1 wv:en:Budapest/Víziváros#see:buda-castle-tunnel wp:en:2994351#s53-c1 tour:budapest:go-zeppelin-buda-castle
qdrant,1024,warm,escape-room,52.9,21.8,74.7,wv:en:Budapest/Erzsébetváros#do:play-escape-room wv:en:Budapest/Városliget#do:prizone-escape wv:en:Budapest/Zugló#do:parahotel wv:en:Budapest/Kőbánya#do:pirate-cave wv:en:Budapest/Csepel#do:trap-factory wv:en:Budapest/Kőbánya#do:rage-room-budapest wp:en:2994351#s34-c1 wv:en:Budapest/Óbuda#do:brainmaze wp:en:2994351#s65-c1 wp:en:2994351#s32-c1
qdrant,1024,warm,vegan,48.8,21.5,70.3,wv:en:Budapest#section:eat/vegetarian-vegan:c1 wv:es:Budapest#section:comer/vegetariano-vegano:c1 wv:en:Budapest/Víziváros#eat:edeni-vegan osm:node/4585086090 osm:node/5770690057 wv:en:Budapest/Víziváros#eat:edeni-vegan-restaurant wv:en:Budapest/Belváros#eat:govinda-restaurants wv:en:Budapest/Aquincum#eat:govinda-csillaghegy osm:node/5528143821 osm:node/1918883383
qdrant,1024,warm,new-york-cafe,71.8,20.4,92.2,wv:en:Budapest#section:eat/coffee-houses:c1 wv:en:Budapest/Terézváros#eat:sugarshop osm:node/5474855522 wv:es:Budapest#section:comer/cafeterias:c1 wv:en:Budapest/Erzsébetváros#eat:new-york-cafe osm:node/9082621846 osm:node/13680999181 osm:node/5387347771 osm:node/692977110 osm:node/1573205258
qdrant,1024,warm,national-museum,51.0,22.8,73.8,wp:en:7799944#s0-c1 wv:en:Budapest/Erzsébetváros#see:hungarian-national-museum wv:en:Budapest/Józsefváros#see:national-museum wp:en:35457863#s2-c1 wp:en:7799944#s1-c1 wp:en:7799944#s2-c1 wp:en:7799944#s3-c1 wp:en:12058019#s0-c1 wv:en:Budapest/Budavár#see:hungarian-national-gallery wp:en:7799944#s1-c2
qdrant,1024,warm,zoo,48.9,16.3,65.2,wv:en:Budapest/Csepel#eat:arany-pancake-shop-and-pub osm:node/4079894508 osm:way/25281026 osm:way/906696800 wv:en:Budapest/South Buda#eat:becsiszelet-restaurant wv:en:Budapest/Angyalföld#do:oko-playground wv:en:Budapest/Kőbánya#do:pirate-cave wv:en:Budapest/Csepel#eat:nadfedeles-csarda osm:way/1054346248 wv:en:Budapest/South Pest#drink:nyalifali
qdrant,1024,warm,margaret-island,69.4,22.9,92.3,wp:en:20947490#s0-c1 wp:en:20947490#s1-c1 wv:en:Budapest/Aquincum#do:obuda-island wv:en:Budapest/Belváros#see:danube-promenade wp:en:9033099#s0-c1 wv:en:Budapest/Angyalföld#do:people-island osm:relation/21179013 wv:en:Budapest/Kőbánya#do:people-s-park wv:en:Budapest/Budavár#do:europe-park wv:en:Budapest/South Buda#do:independent-park
qdrant,1024,warm,climate-october,80.2,22.9,103.1,om:climate:budapest:10 om:climate:budapest:11 wv:en:Budapest#section:understand/climate:c1 wv:es:Budapest#section:comprender/clima:c1 om:climate:budapest:09 om:climate:budapest:08 om:climate:budapest:04 wv:en:Budapest#practical:finland wv:en:Budapest#practical:sweden osm:way/57716766
qdrant,1024,warm,clima-enero-es,56.3,19.2,75.5,om:climate:budapest:01 om:climate:budapest:02 osm:way/166167091 wv:en:Budapest/North Buda#see:ruins-of-pauline-monastery wv:en:Budapest/South Buda#see:kelenfold-bus-depot osm:way/166167074 om:climate:budapest:12 osm:way/166167090 wv:en:Budapest/South Buda#do:kopaszi-dam wv:en:Budapest/Terézváros#see:anker-palace
qdrant,1024,warm,baths-buda,54.7,23.0,77.8,wv:en:Budapest/North Buda#do:thermal-bath-szent-lukacs wv:en:Budapest/South Buda#do:gellert-baths wv:en:Budapest#section:do/thermal-baths:c1 wv:en:Budapest/Víziváros#do:rudas-thermal-bath wv:es:Budapest#section:hacer/banos-termales:c1 wv:en:Budapest#section:do/thermal-baths/modern-baths:c1 wp:en:1672696#s0-c1 wv:en:Budapest#section:do/thermal-baths/traditional-public-baths:c1 wp:en:35313365#s0-c2 wv:en:Budapest/Városliget#do:szechenyi-thermal-bath
qdrant,1024,warm,baths-buda-es,75.0,21.2,96.2,wv:es:Budapest#section:hacer/banos-termales:c1 wv:en:Budapest/South Buda#do:gellert-baths wv:en:Budapest/North Buda#do:thermal-bath-szent-lukacs wv:es:Budapest#section:hacer/banos-termales/banos-publicos-tradicionales/banos-modernos:c1 wv:en:Budapest#section:do/thermal-baths:c1 wv:en:Budapest#section:do/thermal-baths/modern-baths:c1 wv:en:Budapest/Víziváros#do:rudas-thermal-bath wp:en:35313365#s0-c2 wp:en:1672696#s0-c1 wv:es:Budapest#section:hacer/banos-termales/banos-publicos-tradicionales:c1
qdrant,1024,warm,szechenyi,71.5,22.5,93.9,wp:en:2613263#s1-c1 wv:en:Budapest/Városliget#do:szechenyi-thermal-bath wp:en:2613263#s0-c1 wv:en:Budapest/Városliget#section:do/leisure:c1 wp:en:35313365#s0-c2 wv:en:Budapest/Aquincum#do:csillaghegy-arpad-bath wv:en:Budapest#section:do/thermal-baths:c1 wv:en:Budapest/Erzsébetváros#see:hungaria-bath wp:en:35313365#s0-c1 wv:en:Budapest/Belváros#do:park-of-szechenyi-istvan-ter
qdrant,1024,warm,szechenyi-plain,62.1,23.8,85.9,wp:en:2613263#s2-c1 wv:en:Budapest/East Pest#do:szentmihaly-swimming-pool wv:en:Budapest/Városliget#do:szechenyi-thermal-bath wv:en:Budapest/East Pest#do:erzsebetliget-swimming-pool wv:en:Budapest/Zugló#do:bvsc-swimming-pool wv:en:Budapest/Kőbánya#do:ujhegy-swimming-pool-and-bath wv:en:Budapest/East Pest#do:ujlak-swimming-pool wp:en:2613263#s1-c1 wv:en:Budapest/Aquincum#do:szedruskert-training-pool wv:en:Budapest/Zugló#do:paskal-thermal-bath
qdrant,1024,warm,ruin-bars,51.4,22.5,73.9,osm:node/3283497736 wv:en:Budapest/Erzsébetváros#section:drink:c1 osm:node/3134154429 wv:en:Budapest/Belváros#section:drink:c1 tour:budapest:go-zeppelin-jewish-quarter wv:en:Budapest/South Buda#drink:avar-pub osm:node/9084818345 osm:node/2188749318 wv:en:Budapest/East Pest#drink:kispipa-pub wv:en:Budapest/Aquincum#drink:miamor-romaim
qdrant,1024,warm,parliament,75.6,19.9,95.5,wv:en:Budapest/Belváros#see:parliament wv:en:Budapest/Belváros#section:see/the-parliament:c1 wv:en:Budapest/Józsefváros#see:former-house-of-parliament wv:en:Budapest/Belváros#see:ethnographic-museum wv:es:Budapest#section:ver:c1 wv:en:Budapest/Hegyvidék#do:budapest-congress-center wv:en:Budapest#section:see:c3 wv:en:Budapest/Józsefváros#see:national-museum wp:en:1438363#s0-c1 wv:en:Budapest#section:see:c5
qdrant,1024,warm,free-walking-tour,72.0,21.9,93.9,tour:budapest:by-locals-pest-english tour:budapest:go-zeppelin-best-of-budapest tour:budapest:trip-to-budapest-pest tour:budapest:luna-pest-downtown tour:budapest:trip-to-budapest-art-nouveau tour:budapest:go-zeppelin-buda-castle tour:budapest:by-locals-pest-spanish wv:en:Budapest#section:do:c1 tour:budapest:trip-to-budapest-buda-castle tour:budapest:trip-to-budapest-jewish-district
qdrant,1024,warm,free-tour-es,73.2,23.0,96.1,tour:budapest:by-locals-pest-spanish tour:budapest:trip-to-budapest-pest tour:budapest:by-locals-pest-english tour:budapest:go-zeppelin-best-of-budapest tour:budapest:luna-pest-downtown tour:budapest:trip-to-budapest-buda-castle wv:en:Budapest#section:do:c1 tour:budapest:trip-to-budapest-art-nouveau tour:budapest:trip-to-budapest-jewish-district tour:budapest:go-zeppelin-buda-castle
qdrant,1024,warm,jewish-quarter-tour,77.2,18.1,95.3,tour:budapest:go-zeppelin-jewish-quarter tour:budapest:trip-to-budapest-jewish-district wv:en:Budapest/Erzsébetváros#section:understand/jewish-quarter:c1 wp:en:7706391#s9-c1 wp:en:35457863#s0-c1 wv:en:Budapest/Budavár#see:medieval-jewish-prayer-house wp:en:7706391#s7-c1 tour:budapest:trip-to-budapest-communism wp:en:39684758#s0-c1 tour:budapest:go-zeppelin-buda-castle
qdrant,1024,warm,danube-cruise,57.0,22.5,79.6,wv:en:Budapest/Belváros#do:cruising-and-eating wv:en:Budapest/South Buda#section:drink/clubs-bars:c1 wv:en:Budapest/Belváros#do:boat-trip-to-margaret-island wv:en:Budapest/Belváros#see:danube-promenade wp:en:9033099#s0-c1 wv:en:Budapest/Belváros#see:kossuth-museumship wv:en:Budapest#section:eat/restaurants:c2 wv:en:Budapest#do:hungaria-koncert wv:en:Budapest/Belváros#drink:wine-tasting-on-boat wv:en:Budapest#do:firework-above-danube-river
qdrant,1024,warm,cave-tour,53.4,24.2,77.7,wv:en:Budapest/North Buda#do:szemlo-hill-cave wv:en:Budapest/North Buda#do:palvolgy-cave osm:node/3302791818 wv:en:Budapest/North Buda#do:molnar-janos-cave wv:en:Budapest/North Buda#do:matyas-hegyi-cave wv:en:Budapest/Hegyvidék#do:buda-protected-landscape-area tour:budapest:trip-to-budapest-buda-castle wv:en:Budapest/Óbuda#see:tabor-hegyi-cave wp:en:2994351#s72-c1 wv:en:Budapest#section:do/caving:c1
qdrant,1024,warm,bike-tour,74.6,28.5,103.1,tour:budapest:by-locals-pest-english tour:budapest:go-zeppelin-best-of-budapest tour:budapest:luna-pest-downtown tour:budapest:trip-to-budapest-pest tour:budapest:by-locals-pest-spanish tour:budapest:go-zeppelin-buda-castle tour:budapest:trip-to-budapest-jewish-district tour:budapest:trip-to-budapest-buda-castle wv:en:Budapest#section:do:c1 wv:en:Budapest#transport:yellow-zebra-bike
qdrant,1024,warm,fishermans-bastion,70.9,24.0,94.9,wp:en:3733065#s7-c1 wp:en:3733065#s6-c1 wp:en:3733065#s4-c1 wp:en:3733065#s3-c2 wv:en:Budapest/Budavár#see:fisherman-s-bastion wp:en:3733065#s3-c1 wp:en:3733065#s1-c1 wp:en:3733065#s9-c1 wp:en:3733065#s0-c1 wp:en:3733065#s14-c1
qdrant,1024,warm,market-hall,75.7,22.3,98.0,wv:en:Budapest/Ferencváros#do:great-market-hall wp:en:6155085#s1-c2 wp:en:6155085#s0-c1 wp:en:6155085#s1-c1 wv:en:Budapest/Belváros#do:market-hall wv:en:Budapest/Ferencváros#see:grand-market-area wv:en:Budapest/Angyalföld#do:lehel-market-hall wv:en:Budapest/Józsefváros#do:rakoczi-square-market-hall wp:en:63518001#s0-c1 wv:en:Budapest/Víziváros#do:batthyany-square-market-hall
qdrant,1024,warm,opera,77.1,21.8,98.9,wv:en:Budapest/Terézváros#do:state-opera-or-hungarian-state-opera-house wv:en:Budapest/Terézváros#see:state-opera-house wp:en:1438363#s0-c1 wp:en:1438363#s2-c1 wp:en:1438363#s3-c1 wp:en:1438363#s1-c1 wp:en:1438363#s4-c1 wv:en:Budapest/Terézváros#do:budapest-operetta-theatre wv:en:Budapest/Angyalföld#do:open-air-theatre wv:en:Budapest/South Pest#do:sari-fedak-theatre
qdrant,1024,warm,memento-park,74.7,20.3,95.0,wv:en:Budapest/South Buda#see:memento-park tour:budapest:trip-to-budapest-communism wv:en:Budapest/Aquincum#see:graphisoft-park wv:en:Budapest/Kőbánya#do:tchaikovsky-park osm:way/83186847 wp:en:8362709#s1-c1 osm:way/469218807 wv:en:Budapest/Belváros#do:park-of-szechenyi-istvan-ter osm:way/365216106 wv:en:Budapest/North Buda#see:millenaris-park
qdrant,1024,warm,hospital-rock,73.6,23.1,96.7,wp:en:75078576#s0-c1 wp:en:44810974#s0-c1 wv:en:Budapest/Budavár#see:hospital-in-the-rock-nuclear-bunker-museum wv:en:Budapest/Belváros#see:f4-object wp:en:44810974#s6-c1 wv:en:Budapest/South Buda#see:cave-house-museum wv:en:Budapest/Kőbánya#see:central-museum-of-disaster-management wp:en:44810974#s3-c1 wp:en:75078576#s1-c1 wp:en:2994351#s21-c1
qdrant,1024,warm,shoes-memorial,75.1,22.1,97.2,wp:en:9052076#s0-c1 wp:en:9052076#s1-c1 wv:en:Budapest/Belváros#see:shoes-on-the-danube-memorial wp:en:9052076#s3-c1 wp:en:7706391#s10-c1 wp:en:9052076#s4-c1 wv:en:Budapest/Ferencváros#see:holocaust-memorial-center wp:en:39684758#s0-c1 osm:node/13390812109 osm:node/12296868961
qdrant,1024,warm,heroes-square,76.2,19.2,95.4,osm:relation/7108327 osm:relation/6411893 wp:en:2254072#s0-c1 wv:en:Budapest#section:see:c4 wv:en:Budapest/Terézváros#section:understand:c1 wv:en:Budapest/Budavár#see:homeland-defence-headquarter wv:en:Budapest/Víziváros#section:see/vizivaros/around-adam-clark-square-clark-adam-ter:c1 wv:en:Budapest/Budavár#see:castle-chapel wv:en:Budapest/Víziváros#see:castle-garden-kiosk-ybl-buda-creative-house wv:en:Budapest#section:see:c2
qdrant,1024,warm,aquincum,73.0,23.9,96.9,wv:en:Budapest/Óbuda#see:thermae-maiores wv:en:Budapest/Óbuda#see:hercules-villa wv:en:Budapest/Óbuda#see:cella-trichora wv:en:Budapest/Aquincum#see:aquincum-museum-and-archaeological-park wp:en:78012312#s0-c1 wv:en:Budapest/Józsefváros#see:museum-of-funeral wv:en:Budapest/Óbuda#see:porta-principalis-dextra wv:en:Budapest/Budavár#see:castle-museum wv:en:Budapest/Óbuda#see:aquincum-military-amphitheatre osm:node/3884465506
qdrant,1024,warm,airport-to-centre,56.4,27.3,83.7,wv:en:Budapest#section:get-in/by-plane:c2 wv:es:Budapest#section:llegar/en-avion:c3 wv:es:Budapest#section:llegar/en-avion:c4 wv:en:Budapest#section:get-in/by-plane:c1 wv:en:Budapest#section:get-around/public-transport:c2 wv:en:Budapest/Hegyvidék#section:get-in/other-transport-modes:c1 wv:es:Budapest#section:llegar/en-avion:c1 wv:es:Budapest#section:llegar/transporte-publico:c2 wp:en:56138927#s17-c1 wv:en:Budapest/Hegyvidék#section:get-in:c1
qdrant,1024,warm,airport-es,73.2,21.4,94.6,wv:es:Budapest#section:llegar/en-avion:c3 wv:es:Budapest#section:llegar/en-avion:c4 wv:es:Budapest#section:llegar/en-avion:c1 wv:en:Budapest#section:get-in/by-plane:c2 wv:es:Budapest#section:llegar/transporte-publico:c2 wv:es:Budapest#section:llegar/en-bus:c1 wv:en:Budapest#section:get-around/public-transport:c2 wv:es:Budapest#section:llegar/transporte-publico/otro:c1 wv:en:Budapest#section:get-in/by-plane:c1 wv:es:Budapest#section:llegar/en-avion:c2
qdrant,1024,warm,public-transport,76.5,21.9,98.4,wv:en:Budapest#section:get-around/public-transport/tickets-and-passes:c1 wv:en:Budapest#section:get-around/public-transport/tickets-and-passes:c2 wv:es:Budapest#section:llegar/transporte-publico/entradas-y-pases:c2 wv:en:Budapest#transport:tram-60-cogwheel-railway wv:es:Budapest#section:llegar/transporte-publico/entradas-y-pases:c1 wv:es:Budapest#section:llegar/transporte-publico/metro:c1 wp:en:31148640#s6-c1 wv:en:Budapest#section:get-around/public-transport/tram:c1 wv:en:Budapest#section:get-around/public-transport/metro:c1 wv:es:Budapest#section:seguridad/trampas-para-turistas:c1
qdrant,1024,warm,funicular,54.5,20.7,75.1,wv:en:Budapest/Budavár#section:get-in/by-funicular:c1 wv:es:Budapest#transport:funicular-del-castillo-buda wv:en:Budapest#transport:buda-castle-funicular wv:en:Budapest/Budavár#section:get-in:c1 tour:budapest:luna-buda-castle wp:en:2994351#s40-c1 wv:en:Budapest/Hegyvidék#section:get-in/buses:c1 wv:en:Budapest/Víziváros#see:buda-castle-tunnel wp:en:2994351#s53-c1 tour:budapest:go-zeppelin-buda-castle
qdrant,1024,warm,escape-room,53.2,25.1,78.3,wv:en:Budapest/Erzsébetváros#do:play-escape-room wv:en:Budapest/Városliget#do:prizone-escape wv:en:Budapest/Zugló#do:parahotel wv:en:Budapest/Kőbánya#do:pirate-cave wv:en:Budapest/Csepel#do:trap-factory wv:en:Budapest/Kőbánya#do:rage-room-budapest wp:en:2994351#s34-c1 wv:en:Budapest/Óbuda#do:brainmaze wp:en:2994351#s65-c1 wp:en:2994351#s32-c1
qdrant,1024,warm,vegan,81.2,20.6,101.8,wv:en:Budapest#section:eat/vegetarian-vegan:c1 wv:es:Budapest#section:comer/vegetariano-vegano:c1 wv:en:Budapest/Víziváros#eat:edeni-vegan osm:node/4585086090 osm:node/5770690057 wv:en:Budapest/Víziváros#eat:edeni-vegan-restaurant wv:en:Budapest/Belváros#eat:govinda-restaurants wv:en:Budapest/Aquincum#eat:govinda-csillaghegy osm:node/5528143821 osm:node/1918883383
qdrant,1024,warm,new-york-cafe,73.7,15.8,89.5,wv:en:Budapest#section:eat/coffee-houses:c1 wv:en:Budapest/Terézváros#eat:sugarshop osm:node/5474855522 wv:es:Budapest#section:comer/cafeterias:c1 wv:en:Budapest/Erzsébetváros#eat:new-york-cafe osm:node/9082621846 osm:node/13680999181 osm:node/5387347771 osm:node/692977110 osm:node/1573205258
qdrant,1024,warm,national-museum,61.4,23.0,84.4,wp:en:7799944#s0-c1 wv:en:Budapest/Erzsébetváros#see:hungarian-national-museum wv:en:Budapest/Józsefváros#see:national-museum wp:en:35457863#s2-c1 wp:en:7799944#s1-c1 wp:en:7799944#s2-c1 wp:en:7799944#s3-c1 wp:en:12058019#s0-c1 wv:en:Budapest/Budavár#see:hungarian-national-gallery wp:en:7799944#s1-c2
qdrant,1024,warm,zoo,56.7,21.9,78.6,wv:en:Budapest/Csepel#eat:arany-pancake-shop-and-pub osm:node/4079894508 osm:way/25281026 osm:way/906696800 wv:en:Budapest/South Buda#eat:becsiszelet-restaurant wv:en:Budapest/Angyalföld#do:oko-playground wv:en:Budapest/Kőbánya#do:pirate-cave wv:en:Budapest/Csepel#eat:nadfedeles-csarda osm:way/1054346248 wv:en:Budapest/South Pest#drink:nyalifali
qdrant,1024,warm,margaret-island,74.7,20.2,94.9,wp:en:20947490#s0-c1 wp:en:20947490#s1-c1 wv:en:Budapest/Aquincum#do:obuda-island wv:en:Budapest/Belváros#see:danube-promenade wp:en:9033099#s0-c1 wv:en:Budapest/Angyalföld#do:people-island osm:relation/21179013 wv:en:Budapest/Kőbánya#do:people-s-park wv:en:Budapest/Budavár#do:europe-park wv:en:Budapest/South Buda#do:independent-park
qdrant,1024,warm,climate-october,79.6,24.1,103.8,om:climate:budapest:10 om:climate:budapest:11 wv:en:Budapest#section:understand/climate:c1 wv:es:Budapest#section:comprender/clima:c1 om:climate:budapest:09 om:climate:budapest:08 om:climate:budapest:04 wv:en:Budapest#practical:finland wv:en:Budapest#practical:sweden osm:way/57716766
qdrant,1024,warm,clima-enero-es,52.5,23.6,76.1,om:climate:budapest:01 om:climate:budapest:02 osm:way/166167091 wv:en:Budapest/North Buda#see:ruins-of-pauline-monastery wv:en:Budapest/South Buda#see:kelenfold-bus-depot osm:way/166167074 om:climate:budapest:12 osm:way/166167090 wv:en:Budapest/South Buda#do:kopaszi-dam wv:en:Budapest/Terézváros#see:anker-palace
qdrant,2048,cold,baths-buda,96.3,1656.3,1752.6,wv:en:Budapest/North Buda#do:thermal-bath-szent-lukacs wv:en:Budapest/South Buda#do:gellert-baths wv:en:Budapest#section:do/thermal-baths:c1 wv:en:Budapest/Víziváros#do:rudas-thermal-bath wv:es:Budapest#section:hacer/banos-termales:c1 wv:en:Budapest#section:do/thermal-baths/modern-baths:c1 wp:en:1672696#s0-c1 wv:en:Budapest#section:do/thermal-baths/traditional-public-baths:c1 wp:en:35313365#s0-c2 wv:en:Budapest/Városliget#do:szechenyi-thermal-bath
qdrant,2048,warm,baths-buda,78.8,23.8,102.6,wv:en:Budapest/North Buda#do:thermal-bath-szent-lukacs wv:en:Budapest/South Buda#do:gellert-baths wv:en:Budapest#section:do/thermal-baths:c1 wv:en:Budapest/Víziváros#do:rudas-thermal-bath wv:es:Budapest#section:hacer/banos-termales:c1 wv:en:Budapest#section:do/thermal-baths/modern-baths:c1 wp:en:1672696#s0-c1 wv:en:Budapest#section:do/thermal-baths/traditional-public-baths:c1 wp:en:35313365#s0-c2 wv:en:Budapest/Városliget#do:szechenyi-thermal-bath
qdrant,2048,warm,baths-buda-es,75.7,22.9,98.5,wv:es:Budapest#section:hacer/banos-termales:c1 wv:en:Budapest/South Buda#do:gellert-baths wv:en:Budapest/North Buda#do:thermal-bath-szent-lukacs wv:es:Budapest#section:hacer/banos-termales/banos-publicos-tradicionales/banos-modernos:c1 wv:en:Budapest#section:do/thermal-baths:c1 wv:en:Budapest#section:do/thermal-baths/modern-baths:c1 wv:en:Budapest/Víziváros#do:rudas-thermal-bath wp:en:35313365#s0-c2 wp:en:1672696#s0-c1 wv:es:Budapest#section:hacer/banos-termales/banos-publicos-tradicionales:c1
qdrant,2048,warm,szechenyi,99.6,25.0,124.6,wp:en:2613263#s1-c1 wv:en:Budapest/Városliget#do:szechenyi-thermal-bath wp:en:2613263#s0-c1 wv:en:Budapest/Városliget#section:do/leisure:c1 wp:en:35313365#s0-c2 wv:en:Budapest/Aquincum#do:csillaghegy-arpad-bath wv:en:Budapest#section:do/thermal-baths:c1 wv:en:Budapest/Erzsébetváros#see:hungaria-bath wp:en:35313365#s0-c1 wv:en:Budapest/Belváros#do:park-of-szechenyi-istvan-ter
qdrant,2048,warm,szechenyi-plain,77.2,41.1,118.3,wp:en:2613263#s2-c1 wv:en:Budapest/East Pest#do:szentmihaly-swimming-pool wv:en:Budapest/Városliget#do:szechenyi-thermal-bath wv:en:Budapest/East Pest#do:erzsebetliget-swimming-pool wv:en:Budapest/Zugló#do:bvsc-swimming-pool wv:en:Budapest/Kőbánya#do:ujhegy-swimming-pool-and-bath wv:en:Budapest/East Pest#do:ujlak-swimming-pool wp:en:2613263#s1-c1 wv:en:Budapest/Aquincum#do:szedruskert-training-pool wv:en:Budapest/Zugló#do:paskal-thermal-bath
qdrant,2048,warm,ruin-bars,74.2,29.5,103.7,osm:node/3283497736 wv:en:Budapest/Erzsébetváros#section:drink:c1 osm:node/3134154429 wv:en:Budapest/Belváros#section:drink:c1 tour:budapest:go-zeppelin-jewish-quarter wv:en:Budapest/South Buda#drink:avar-pub osm:node/9084818345 osm:node/2188749318 wv:en:Budapest/East Pest#drink:kispipa-pub wv:en:Budapest/Aquincum#drink:miamor-romaim
qdrant,2048,warm,parliament,74.0,23.0,97.0,wv:en:Budapest/Belváros#see:parliament wv:en:Budapest/Belváros#section:see/the-parliament:c1 wv:en:Budapest/Józsefváros#see:former-house-of-parliament wv:en:Budapest/Belváros#see:ethnographic-museum wv:es:Budapest#section:ver:c1 wv:en:Budapest/Hegyvidék#do:budapest-congress-center wv:en:Budapest#section:see:c3 wv:en:Budapest/Józsefváros#see:national-museum wp:en:1438363#s0-c1 wv:en:Budapest#section:see:c5
qdrant,2048,warm,free-walking-tour,73.0,28.4,101.5,tour:budapest:by-locals-pest-english tour:budapest:go-zeppelin-best-of-budapest tour:budapest:trip-to-budapest-pest tour:budapest:luna-pest-downtown tour:budapest:trip-to-budapest-art-nouveau tour:budapest:go-zeppelin-buda-castle tour:budapest:by-locals-pest-spanish wv:en:Budapest#section:do:c1 tour:budapest:trip-to-budapest-buda-castle tour:budapest:trip-to-budapest-jewish-district
qdrant,2048,warm,free-tour-es,70.2,21.9,92.1,tour:budapest:by-locals-pest-spanish tour:budapest:trip-to-budapest-pest tour:budapest:by-locals-pest-english tour:budapest:go-zeppelin-best-of-budapest tour:budapest:luna-pest-downtown tour:budapest:trip-to-budapest-buda-castle wv:en:Budapest#section:do:c1 tour:budapest:trip-to-budapest-art-nouveau tour:budapest:trip-to-budapest-jewish-district tour:budapest:go-zeppelin-buda-castle
qdrant,2048,warm,jewish-quarter-tour,75.0,21.6,96.6,tour:budapest:go-zeppelin-jewish-quarter tour:budapest:trip-to-budapest-jewish-district wv:en:Budapest/Erzsébetváros#section:understand/jewish-quarter:c1 wp:en:7706391#s9-c1 wp:en:35457863#s0-c1 wv:en:Budapest/Budavár#see:medieval-jewish-prayer-house wp:en:7706391#s7-c1 tour:budapest:trip-to-budapest-communism wp:en:39684758#s0-c1 tour:budapest:go-zeppelin-buda-castle
qdrant,2048,warm,danube-cruise,74.4,41.9,116.3,wv:en:Budapest/Belváros#do:cruising-and-eating wv:en:Budapest/South Buda#section:drink/clubs-bars:c1 wv:en:Budapest/Belváros#do:boat-trip-to-margaret-island wv:en:Budapest/Belváros#see:danube-promenade wp:en:9033099#s0-c1 wv:en:Budapest/Belváros#see:kossuth-museumship wv:en:Budapest#section:eat/restaurants:c2 wv:en:Budapest#do:hungaria-koncert wv:en:Budapest/Belváros#drink:wine-tasting-on-boat wv:en:Budapest#do:firework-above-danube-river
qdrant,2048,warm,cave-tour,71.5,20.3,91.7,wv:en:Budapest/North Buda#do:szemlo-hill-cave wv:en:Budapest/North Buda#do:palvolgy-cave osm:node/3302791818 wv:en:Budapest/North Buda#do:molnar-janos-cave wv:en:Budapest/North Buda#do:matyas-hegyi-cave wv:en:Budapest/Hegyvidék#do:buda-protected-landscape-area tour:budapest:trip-to-budapest-buda-castle wv:en:Budapest/Óbuda#see:tabor-hegyi-cave wp:en:2994351#s72-c1 wv:en:Budapest#section:do/caving:c1
qdrant,2048,warm,bike-tour,73.3,25.0,98.3,tour:budapest:by-locals-pest-english tour:budapest:go-zeppelin-best-of-budapest tour:budapest:luna-pest-downtown tour:budapest:trip-to-budapest-pest tour:budapest:by-locals-pest-spanish tour:budapest:go-zeppelin-buda-castle tour:budapest:trip-to-budapest-jewish-district tour:budapest:trip-to-budapest-buda-castle wv:en:Budapest#section:do:c1 wv:en:Budapest#transport:yellow-zebra-bike
qdrant,2048,warm,fishermans-bastion,75.6,24.2,99.7,wp:en:3733065#s7-c1 wp:en:3733065#s6-c1 wp:en:3733065#s4-c1 wp:en:3733065#s3-c2 wv:en:Budapest/Budavár#see:fisherman-s-bastion wp:en:3733065#s3-c1 wp:en:3733065#s1-c1 wp:en:3733065#s9-c1 wp:en:3733065#s0-c1 wp:en:3733065#s14-c1
qdrant,2048,warm,market-hall,80.4,24.9,105.3,wv:en:Budapest/Ferencváros#do:great-market-hall wp:en:6155085#s1-c2 wp:en:6155085#s0-c1 wp:en:6155085#s1-c1 wv:en:Budapest/Belváros#do:market-hall wv:en:Budapest/Ferencváros#see:grand-market-area wv:en:Budapest/Angyalföld#do:lehel-market-hall wv:en:Budapest/Józsefváros#do:rakoczi-square-market-hall wp:en:63518001#s0-c1 wv:en:Budapest/Víziváros#do:batthyany-square-market-hall
qdrant,2048,warm,opera,70.3,24.5,94.8,wv:en:Budapest/Terézváros#do:state-opera-or-hungarian-state-opera-house wv:en:Budapest/Terézváros#see:state-opera-house wp:en:1438363#s0-c1 wp:en:1438363#s2-c1 wp:en:1438363#s3-c1 wp:en:1438363#s1-c1 wp:en:1438363#s4-c1 wv:en:Budapest/Terézváros#do:budapest-operetta-theatre wv:en:Budapest/Angyalföld#do:open-air-theatre wv:en:Budapest/South Pest#do:sari-fedak-theatre
qdrant,2048,warm,memento-park,71.7,25.1,96.9,wv:en:Budapest/South Buda#see:memento-park tour:budapest:trip-to-budapest-communism wv:en:Budapest/Aquincum#see:graphisoft-park wv:en:Budapest/Kőbánya#do:tchaikovsky-park osm:way/83186847 wp:en:8362709#s1-c1 osm:way/469218807 wv:en:Budapest/Belváros#do:park-of-szechenyi-istvan-ter osm:way/365216106 wv:en:Budapest/North Buda#see:millenaris-park
qdrant,2048,warm,hospital-rock,74.4,24.4,98.8,wp:en:75078576#s0-c1 wp:en:44810974#s0-c1 wv:en:Budapest/Budavár#see:hospital-in-the-rock-nuclear-bunker-museum wv:en:Budapest/Belváros#see:f4-object wp:en:44810974#s6-c1 wv:en:Budapest/South Buda#see:cave-house-museum wv:en:Budapest/Kőbánya#see:central-museum-of-disaster-management wp:en:44810974#s3-c1 wp:en:75078576#s1-c1 wp:en:2994351#s21-c1
qdrant,2048,warm,shoes-memorial,77.6,19.2,96.8,wp:en:9052076#s0-c1 wp:en:9052076#s1-c1 wv:en:Budapest/Belváros#see:shoes-on-the-danube-memorial wp:en:9052076#s3-c1 wp:en:7706391#s10-c1 wp:en:9052076#s4-c1 wv:en:Budapest/Ferencváros#see:holocaust-memorial-center wp:en:39684758#s0-c1 osm:node/13390812109 osm:node/12296868961
qdrant,2048,warm,heroes-square,72.0,25.5,97.5,osm:relation/7108327 osm:relation/6411893 wp:en:2254072#s0-c1 wv:en:Budapest#section:see:c4 wv:en:Budapest/Terézváros#section:understand:c1 wv:en:Budapest/Budavár#see:homeland-defence-headquarter wv:en:Budapest/Víziváros#section:see/vizivaros/around-adam-clark-square-clark-adam-ter:c1 wv:en:Budapest/Budavár#see:castle-chapel wv:en:Budapest/Víziváros#see:castle-garden-kiosk-ybl-buda-creative-house wv:en:Budapest#section:see:c2
qdrant,2048,warm,aquincum,94.4,23.9,118.3,wv:en:Budapest/Óbuda#see:thermae-maiores wv:en:Budapest/Óbuda#see:hercules-villa wv:en:Budapest/Óbuda#see:cella-trichora wv:en:Budapest/Aquincum#see:aquincum-museum-and-archaeological-park wp:en:78012312#s0-c1 wv:en:Budapest/Józsefváros#see:museum-of-funeral wv:en:Budapest/Óbuda#see:porta-principalis-dextra wv:en:Budapest/Budavár#see:castle-museum wv:en:Budapest/Óbuda#see:aquincum-military-amphitheatre osm:node/3884465506
qdrant,2048,warm,airport-to-centre,72.8,22.1,94.8,wv:en:Budapest#section:get-in/by-plane:c2 wv:es:Budapest#section:llegar/en-avion:c3 wv:es:Budapest#section:llegar/en-avion:c4 wv:en:Budapest#section:get-in/by-plane:c1 wv:en:Budapest#section:get-around/public-transport:c2 wv:en:Budapest/Hegyvidék#section:get-in/other-transport-modes:c1 wv:es:Budapest#section:llegar/en-avion:c1 wv:es:Budapest#section:llegar/transporte-publico:c2 wp:en:56138927#s17-c1 wv:en:Budapest/Hegyvidék#section:get-in:c1
qdrant,2048,warm,airport-es,78.6,24.0,102.6,wv:es:Budapest#section:llegar/en-avion:c3 wv:es:Budapest#section:llegar/en-avion:c4 wv:es:Budapest#section:llegar/en-avion:c1 wv:en:Budapest#section:get-in/by-plane:c2 wv:es:Budapest#section:llegar/transporte-publico:c2 wv:es:Budapest#section:llegar/en-bus:c1 wv:en:Budapest#section:get-around/public-transport:c2 wv:es:Budapest#section:llegar/transporte-publico/otro:c1 wv:en:Budapest#section:get-in/by-plane:c1 wv:es:Budapest#section:llegar/en-avion:c2
qdrant,2048,warm,public-transport,83.4,20.7,104.0,wv:en:Budapest#section:get-around/public-transport/tickets-and-passes:c1 wv:en:Budapest#section:get-around/public-transport/tickets-and-passes:c2 wv:es:Budapest#section:llegar/transporte-publico/entradas-y-pases:c2 wv:en:Budapest#transport:tram-60-cogwheel-railway wv:es:Budapest#section:llegar/transporte-publico/entradas-y-pases:c1 wv:es:Budapest#section:llegar/transporte-publico/metro:c1 wp:en:31148640#s6-c1 wv:en:Budapest#section:get-around/public-transport/tram:c1 wv:en:Budapest#section:get-around/public-transport/metro:c1 wv:es:Budapest#section:seguridad/trampas-para-turistas:c1
qdrant,2048,warm,funicular,74.8,23.3,98.0,wv:en:Budapest/Budavár#section:get-in/by-funicular:c1 wv:es:Budapest#transport:funicular-del-castillo-buda wv:en:Budapest#transport:buda-castle-funicular wv:en:Budapest/Budavár#section:get-in:c1 tour:budapest:luna-buda-castle wp:en:2994351#s40-c1 wv:en:Budapest/Hegyvidék#section:get-in/buses:c1 wv:en:Budapest/Víziváros#see:buda-castle-tunnel wp:en:2994351#s53-c1 tour:budapest:go-zeppelin-buda-castle
qdrant,2048,warm,escape-room,68.0,23.4,91.4,wv:en:Budapest/Erzsébetváros#do:play-escape-room wv:en:Budapest/Városliget#do:prizone-escape wv:en:Budapest/Zugló#do:parahotel wv:en:Budapest/Kőbánya#do:pirate-cave wv:en:Budapest/Csepel#do:trap-factory wv:en:Budapest/Kőbánya#do:rage-room-budapest wp:en:2994351#s34-c1 wv:en:Budapest/Óbuda#do:brainmaze wp:en:2994351#s65-c1 wp:en:2994351#s32-c1
qdrant,2048,warm,vegan,68.0,28.6,96.6,wv:en:Budapest#section:eat/vegetarian-vegan:c1 wv:es:Budapest#section:comer/vegetariano-vegano:c1 wv:en:Budapest/Víziváros#eat:edeni-vegan osm:node/4585086090 osm:node/5770690057 wv:en:Budapest/Víziváros#eat:edeni-vegan-restaurant wv:en:Budapest/Belváros#eat:govinda-restaurants wv:en:Budapest/Aquincum#eat:govinda-csillaghegy osm:node/5528143821 osm:node/1918883383
qdrant,2048,warm,new-york-cafe,73.8,27.7,101.5,wv:en:Budapest#section:eat/coffee-houses:c1 wv:en:Budapest/Terézváros#eat:sugarshop osm:node/5474855522 wv:es:Budapest#section:comer/cafeterias:c1 wv:en:Budapest/Erzsébetváros#eat:new-york-cafe osm:node/9082621846 osm:node/13680999181 osm:node/5387347771 osm:node/692977110 osm:node/1573205258
qdrant,2048,warm,national-museum,72.6,22.7,95.3,wp:en:7799944#s0-c1 wv:en:Budapest/Erzsébetváros#see:hungarian-national-museum wv:en:Budapest/Józsefváros#see:national-museum wp:en:35457863#s2-c1 wp:en:7799944#s1-c1 wp:en:7799944#s2-c1 wp:en:7799944#s3-c1 wp:en:12058019#s0-c1 wv:en:Budapest/Budavár#see:hungarian-national-gallery wp:en:7799944#s1-c2
qdrant,2048,warm,zoo,80.9,23.3,104.2,wv:en:Budapest/Csepel#eat:arany-pancake-shop-and-pub osm:node/4079894508 osm:way/25281026 osm:way/906696800 wv:en:Budapest/South Buda#eat:becsiszelet-restaurant wv:en:Budapest/Angyalföld#do:oko-playground wv:en:Budapest/Kőbánya#do:pirate-cave wv:en:Budapest/Csepel#eat:nadfedeles-csarda osm:way/1054346248 wv:en:Budapest/South Pest#drink:nyalifali
qdrant,2048,warm,margaret-island,78.0,26.1,104.1,wp:en:20947490#s0-c1 wp:en:20947490#s1-c1 wv:en:Budapest/Aquincum#do:obuda-island wv:en:Budapest/Belváros#see:danube-promenade wp:en:9033099#s0-c1 wv:en:Budapest/Angyalföld#do:people-island osm:relation/21179013 wv:en:Budapest/Kőbánya#do:people-s-park wv:en:Budapest/Budavár#do:europe-park wv:en:Budapest/South Buda#do:independent-park
qdrant,2048,warm,climate-october,91.8,28.1,119.9,om:climate:budapest:10 om:climate:budapest:11 wv:en:Budapest#section:understand/climate:c1 wv:es:Budapest#section:comprender/clima:c1 om:climate:budapest:09 om:climate:budapest:08 om:climate:budapest:04 wv:en:Budapest#practical:finland wv:en:Budapest#practical:sweden osm:way/57716766
qdrant,2048,warm,clima-enero-es,74.7,22.9,97.6,om:climate:budapest:01 om:climate:budapest:02 osm:way/166167091 wv:en:Budapest/North Buda#see:ruins-of-pauline-monastery wv:en:Budapest/South Buda#see:kelenfold-bus-depot osm:way/166167074 om:climate:budapest:12 osm:way/166167090 wv:en:Budapest/South Buda#do:kopaszi-dam wv:en:Budapest/Terézváros#see:anker-palace
qdrant,2048,warm,baths-buda,125.3,23.7,149.0,wv:en:Budapest/North Buda#do:thermal-bath-szent-lukacs wv:en:Budapest/South Buda#do:gellert-baths wv:en:Budapest#section:do/thermal-baths:c1 wv:en:Budapest/Víziváros#do:rudas-thermal-bath wv:es:Budapest#section:hacer/banos-termales:c1 wv:en:Budapest#section:do/thermal-baths/modern-baths:c1 wp:en:1672696#s0-c1 wv:en:Budapest#section:do/thermal-baths/traditional-public-baths:c1 wp:en:35313365#s0-c2 wv:en:Budapest/Városliget#do:szechenyi-thermal-bath
qdrant,2048,warm,baths-buda-es,76.0,27.8,103.8,wv:es:Budapest#section:hacer/banos-termales:c1 wv:en:Budapest/South Buda#do:gellert-baths wv:en:Budapest/North Buda#do:thermal-bath-szent-lukacs wv:es:Budapest#section:hacer/banos-termales/banos-publicos-tradicionales/banos-modernos:c1 wv:en:Budapest#section:do/thermal-baths:c1 wv:en:Budapest#section:do/thermal-baths/modern-baths:c1 wv:en:Budapest/Víziváros#do:rudas-thermal-bath wp:en:35313365#s0-c2 wp:en:1672696#s0-c1 wv:es:Budapest#section:hacer/banos-termales/banos-publicos-tradicionales:c1
qdrant,2048,warm,szechenyi,81.6,22.2,103.8,wp:en:2613263#s1-c1 wv:en:Budapest/Városliget#do:szechenyi-thermal-bath wp:en:2613263#s0-c1 wv:en:Budapest/Városliget#section:do/leisure:c1 wp:en:35313365#s0-c2 wv:en:Budapest/Aquincum#do:csillaghegy-arpad-bath wv:en:Budapest#section:do/thermal-baths:c1 wv:en:Budapest/Erzsébetváros#see:hungaria-bath wp:en:35313365#s0-c1 wv:en:Budapest/Belváros#do:park-of-szechenyi-istvan-ter
qdrant,2048,warm,szechenyi-plain,80.5,23.0,103.5,wp:en:2613263#s2-c1 wv:en:Budapest/East Pest#do:szentmihaly-swimming-pool wv:en:Budapest/Városliget#do:szechenyi-thermal-bath wv:en:Budapest/East Pest#do:erzsebetliget-swimming-pool wv:en:Budapest/Zugló#do:bvsc-swimming-pool wv:en:Budapest/Kőbánya#do:ujhegy-swimming-pool-and-bath wv:en:Budapest/East Pest#do:ujlak-swimming-pool wp:en:2613263#s1-c1 wv:en:Budapest/Aquincum#do:szedruskert-training-pool wv:en:Budapest/Zugló#do:paskal-thermal-bath
qdrant,2048,warm,ruin-bars,82.5,24.4,106.9,osm:node/3283497736 wv:en:Budapest/Erzsébetváros#section:drink:c1 osm:node/3134154429 wv:en:Budapest/Belváros#section:drink:c1 tour:budapest:go-zeppelin-jewish-quarter wv:en:Budapest/South Buda#drink:avar-pub osm:node/9084818345 osm:node/2188749318 wv:en:Budapest/East Pest#drink:kispipa-pub wv:en:Budapest/Aquincum#drink:miamor-romaim
qdrant,2048,warm,parliament,93.6,29.4,123.0,wv:en:Budapest/Belváros#see:parliament wv:en:Budapest/Belváros#section:see/the-parliament:c1 wv:en:Budapest/Józsefváros#see:former-house-of-parliament wv:en:Budapest/Belváros#see:ethnographic-museum wv:es:Budapest#section:ver:c1 wv:en:Budapest/Hegyvidék#do:budapest-congress-center wv:en:Budapest#section:see:c3 wv:en:Budapest/Józsefváros#see:national-museum wp:en:1438363#s0-c1 wv:en:Budapest#section:see:c5
qdrant,2048,warm,free-walking-tour,69.4,23.1,92.5,tour:budapest:by-locals-pest-english tour:budapest:go-zeppelin-best-of-budapest tour:budapest:trip-to-budapest-pest tour:budapest:luna-pest-downtown tour:budapest:trip-to-budapest-art-nouveau tour:budapest:go-zeppelin-buda-castle tour:budapest:by-locals-pest-spanish wv:en:Budapest#section:do:c1 tour:budapest:trip-to-budapest-buda-castle tour:budapest:trip-to-budapest-jewish-district
qdrant,2048,warm,free-tour-es,77.3,24.0,101.3,tour:budapest:by-locals-pest-spanish tour:budapest:trip-to-budapest-pest tour:budapest:by-locals-pest-english tour:budapest:go-zeppelin-best-of-budapest tour:budapest:luna-pest-downtown tour:budapest:trip-to-budapest-buda-castle wv:en:Budapest#section:do:c1 tour:budapest:trip-to-budapest-art-nouveau tour:budapest:trip-to-budapest-jewish-district tour:budapest:go-zeppelin-buda-castle
qdrant,2048,warm,jewish-quarter-tour,82.6,24.5,107.0,tour:budapest:go-zeppelin-jewish-quarter tour:budapest:trip-to-budapest-jewish-district wv:en:Budapest/Erzsébetváros#section:understand/jewish-quarter:c1 wp:en:7706391#s9-c1 wp:en:35457863#s0-c1 wv:en:Budapest/Budavár#see:medieval-jewish-prayer-house wp:en:7706391#s7-c1 tour:budapest:trip-to-budapest-communism wp:en:39684758#s0-c1 tour:budapest:go-zeppelin-buda-castle
qdrant,2048,warm,danube-cruise,77.7,29.3,107.0,wv:en:Budapest/Belváros#do:cruising-and-eating wv:en:Budapest/South Buda#section:drink/clubs-bars:c1 wv:en:Budapest/Belváros#do:boat-trip-to-margaret-island wv:en:Budapest/Belváros#see:danube-promenade wp:en:9033099#s0-c1 wv:en:Budapest/Belváros#see:kossuth-museumship wv:en:Budapest#section:eat/restaurants:c2 wv:en:Budapest#do:hungaria-koncert wv:en:Budapest/Belváros#drink:wine-tasting-on-boat wv:en:Budapest#do:firework-above-danube-river
qdrant,2048,warm,cave-tour,86.0,22.4,108.4,wv:en:Budapest/North Buda#do:szemlo-hill-cave wv:en:Budapest/North Buda#do:palvolgy-cave osm:node/3302791818 wv:en:Budapest/North Buda#do:molnar-janos-cave wv:en:Budapest/North Buda#do:matyas-hegyi-cave wv:en:Budapest/Hegyvidék#do:buda-protected-landscape-area tour:budapest:trip-to-budapest-buda-castle wv:en:Budapest/Óbuda#see:tabor-hegyi-cave wp:en:2994351#s72-c1 wv:en:Budapest#section:do/caving:c1
qdrant,2048,warm,bike-tour,75.7,21.2,96.9,tour:budapest:by-locals-pest-english tour:budapest:go-zeppelin-best-of-budapest tour:budapest:luna-pest-downtown tour:budapest:trip-to-budapest-pest tour:budapest:by-locals-pest-spanish tour:budapest:go-zeppelin-buda-castle tour:budapest:trip-to-budapest-jewish-district tour:budapest:trip-to-budapest-buda-castle wv:en:Budapest#section:do:c1 wv:en:Budapest#transport:yellow-zebra-bike
qdrant,2048,warm,fishermans-bastion,70.4,18.0,88.4,wp:en:3733065#s7-c1 wp:en:3733065#s6-c1 wp:en:3733065#s4-c1 wp:en:3733065#s3-c2 wv:en:Budapest/Budavár#see:fisherman-s-bastion wp:en:3733065#s3-c1 wp:en:3733065#s1-c1 wp:en:3733065#s9-c1 wp:en:3733065#s0-c1 wp:en:3733065#s14-c1
qdrant,2048,warm,market-hall,74.4,23.5,97.9,wv:en:Budapest/Ferencváros#do:great-market-hall wp:en:6155085#s1-c2 wp:en:6155085#s0-c1 wp:en:6155085#s1-c1 wv:en:Budapest/Belváros#do:market-hall wv:en:Budapest/Ferencváros#see:grand-market-area wv:en:Budapest/Angyalföld#do:lehel-market-hall wv:en:Budapest/Józsefváros#do:rakoczi-square-market-hall wp:en:63518001#s0-c1 wv:en:Budapest/Víziváros#do:batthyany-square-market-hall
qdrant,2048,warm,opera,69.8,22.5,92.3,wv:en:Budapest/Terézváros#do:state-opera-or-hungarian-state-opera-house wv:en:Budapest/Terézváros#see:state-opera-house wp:en:1438363#s0-c1 wp:en:1438363#s2-c1 wp:en:1438363#s3-c1 wp:en:1438363#s1-c1 wp:en:1438363#s4-c1 wv:en:Budapest/Terézváros#do:budapest-operetta-theatre wv:en:Budapest/Angyalföld#do:open-air-theatre wv:en:Budapest/South Pest#do:sari-fedak-theatre
qdrant,2048,warm,memento-park,75.9,21.9,97.8,wv:en:Budapest/South Buda#see:memento-park tour:budapest:trip-to-budapest-communism wv:en:Budapest/Aquincum#see:graphisoft-park wv:en:Budapest/Kőbánya#do:tchaikovsky-park osm:way/83186847 wp:en:8362709#s1-c1 osm:way/469218807 wv:en:Budapest/Belváros#do:park-of-szechenyi-istvan-ter osm:way/365216106 wv:en:Budapest/North Buda#see:millenaris-park
qdrant,2048,warm,hospital-rock,76.3,25.8,102.1,wp:en:75078576#s0-c1 wp:en:44810974#s0-c1 wv:en:Budapest/Budavár#see:hospital-in-the-rock-nuclear-bunker-museum wv:en:Budapest/Belváros#see:f4-object wp:en:44810974#s6-c1 wv:en:Budapest/South Buda#see:cave-house-museum wv:en:Budapest/Kőbánya#see:central-museum-of-disaster-management wp:en:44810974#s3-c1 wp:en:75078576#s1-c1 wp:en:2994351#s21-c1
qdrant,2048,warm,shoes-memorial,78.5,30.7,109.2,wp:en:9052076#s0-c1 wp:en:9052076#s1-c1 wv:en:Budapest/Belváros#see:shoes-on-the-danube-memorial wp:en:9052076#s3-c1 wp:en:7706391#s10-c1 wp:en:9052076#s4-c1 wv:en:Budapest/Ferencváros#see:holocaust-memorial-center wp:en:39684758#s0-c1 osm:node/13390812109 osm:node/12296868961
qdrant,2048,warm,heroes-square,77.2,30.4,107.6,osm:relation/7108327 osm:relation/6411893 wp:en:2254072#s0-c1 wv:en:Budapest#section:see:c4 wv:en:Budapest/Terézváros#section:understand:c1 wv:en:Budapest/Budavár#see:homeland-defence-headquarter wv:en:Budapest/Víziváros#section:see/vizivaros/around-adam-clark-square-clark-adam-ter:c1 wv:en:Budapest/Budavár#see:castle-chapel wv:en:Budapest/Víziváros#see:castle-garden-kiosk-ybl-buda-creative-house wv:en:Budapest#section:see:c2
qdrant,2048,warm,aquincum,73.6,25.6,99.2,wv:en:Budapest/Óbuda#see:thermae-maiores wv:en:Budapest/Óbuda#see:hercules-villa wv:en:Budapest/Óbuda#see:cella-trichora wv:en:Budapest/Aquincum#see:aquincum-museum-and-archaeological-park wp:en:78012312#s0-c1 wv:en:Budapest/Józsefváros#see:museum-of-funeral wv:en:Budapest/Óbuda#see:porta-principalis-dextra wv:en:Budapest/Budavár#see:castle-museum wv:en:Budapest/Óbuda#see:aquincum-military-amphitheatre osm:node/3884465506
qdrant,2048,warm,airport-to-centre,81.5,22.8,104.3,wv:en:Budapest#section:get-in/by-plane:c2 wv:es:Budapest#section:llegar/en-avion:c3 wv:es:Budapest#section:llegar/en-avion:c4 wv:en:Budapest#section:get-in/by-plane:c1 wv:en:Budapest#section:get-around/public-transport:c2 wv:en:Budapest/Hegyvidék#section:get-in/other-transport-modes:c1 wv:es:Budapest#section:llegar/en-avion:c1 wv:es:Budapest#section:llegar/transporte-publico:c2 wp:en:56138927#s17-c1 wv:en:Budapest/Hegyvidék#section:get-in:c1
qdrant,2048,warm,airport-es,72.1,23.7,95.8,wv:es:Budapest#section:llegar/en-avion:c3 wv:es:Budapest#section:llegar/en-avion:c4 wv:es:Budapest#section:llegar/en-avion:c1 wv:en:Budapest#section:get-in/by-plane:c2 wv:es:Budapest#section:llegar/transporte-publico:c2 wv:es:Budapest#section:llegar/en-bus:c1 wv:en:Budapest#section:get-around/public-transport:c2 wv:es:Budapest#section:llegar/transporte-publico/otro:c1 wv:en:Budapest#section:get-in/by-plane:c1 wv:es:Budapest#section:llegar/en-avion:c2
qdrant,2048,warm,public-transport,86.0,24.7,110.6,wv:en:Budapest#section:get-around/public-transport/tickets-and-passes:c1 wv:en:Budapest#section:get-around/public-transport/tickets-and-passes:c2 wv:es:Budapest#section:llegar/transporte-publico/entradas-y-pases:c2 wv:en:Budapest#transport:tram-60-cogwheel-railway wv:es:Budapest#section:llegar/transporte-publico/entradas-y-pases:c1 wv:es:Budapest#section:llegar/transporte-publico/metro:c1 wp:en:31148640#s6-c1 wv:en:Budapest#section:get-around/public-transport/tram:c1 wv:en:Budapest#section:get-around/public-transport/metro:c1 wv:es:Budapest#section:seguridad/trampas-para-turistas:c1
qdrant,2048,warm,funicular,76.8,16.9,93.7,wv:en:Budapest/Budavár#section:get-in/by-funicular:c1 wv:es:Budapest#transport:funicular-del-castillo-buda wv:en:Budapest#transport:buda-castle-funicular wv:en:Budapest/Budavár#section:get-in:c1 tour:budapest:luna-buda-castle wp:en:2994351#s40-c1 wv:en:Budapest/Hegyvidék#section:get-in/buses:c1 wv:en:Budapest/Víziváros#see:buda-castle-tunnel wp:en:2994351#s53-c1 tour:budapest:go-zeppelin-buda-castle
qdrant,2048,warm,escape-room,75.5,24.1,99.6,wv:en:Budapest/Erzsébetváros#do:play-escape-room wv:en:Budapest/Városliget#do:prizone-escape wv:en:Budapest/Zugló#do:parahotel wv:en:Budapest/Kőbánya#do:pirate-cave wv:en:Budapest/Csepel#do:trap-factory wv:en:Budapest/Kőbánya#do:rage-room-budapest wp:en:2994351#s34-c1 wv:en:Budapest/Óbuda#do:brainmaze wp:en:2994351#s65-c1 wp:en:2994351#s32-c1
qdrant,2048,warm,vegan,69.0,26.5,95.5,wv:en:Budapest#section:eat/vegetarian-vegan:c1 wv:es:Budapest#section:comer/vegetariano-vegano:c1 wv:en:Budapest/Víziváros#eat:edeni-vegan osm:node/4585086090 osm:node/5770690057 wv:en:Budapest/Víziváros#eat:edeni-vegan-restaurant wv:en:Budapest/Belváros#eat:govinda-restaurants wv:en:Budapest/Aquincum#eat:govinda-csillaghegy osm:node/5528143821 osm:node/1918883383
qdrant,2048,warm,new-york-cafe,81.2,20.4,101.6,wv:en:Budapest#section:eat/coffee-houses:c1 wv:en:Budapest/Terézváros#eat:sugarshop osm:node/5474855522 wv:es:Budapest#section:comer/cafeterias:c1 wv:en:Budapest/Erzsébetváros#eat:new-york-cafe osm:node/9082621846 osm:node/13680999181 osm:node/5387347771 osm:node/692977110 osm:node/1573205258
qdrant,2048,warm,national-museum,79.2,23.9,103.0,wp:en:7799944#s0-c1 wv:en:Budapest/Erzsébetváros#see:hungarian-national-museum wv:en:Budapest/Józsefváros#see:national-museum wp:en:35457863#s2-c1 wp:en:7799944#s1-c1 wp:en:7799944#s2-c1 wp:en:7799944#s3-c1 wp:en:12058019#s0-c1 wv:en:Budapest/Budavár#see:hungarian-national-gallery wp:en:7799944#s1-c2
qdrant,2048,warm,zoo,95.3,24.7,120.0,wv:en:Budapest/Csepel#eat:arany-pancake-shop-and-pub osm:node/4079894508 osm:way/25281026 osm:way/906696800 wv:en:Budapest/South Buda#eat:becsiszelet-restaurant wv:en:Budapest/Angyalföld#do:oko-playground wv:en:Budapest/Kőbánya#do:pirate-cave wv:en:Budapest/Csepel#eat:nadfedeles-csarda osm:way/1054346248 wv:en:Budapest/South Pest#drink:nyalifali
qdrant,2048,warm,margaret-island,75.7,23.7,99.4,wp:en:20947490#s0-c1 wp:en:20947490#s1-c1 wv:en:Budapest/Aquincum#do:obuda-island wv:en:Budapest/Belváros#see:danube-promenade wp:en:9033099#s0-c1 wv:en:Budapest/Angyalföld#do:people-island osm:relation/21179013 wv:en:Budapest/Kőbánya#do:people-s-park wv:en:Budapest/Budavár#do:europe-park wv:en:Budapest/South Buda#do:independent-park
qdrant,2048,warm,climate-october,77.4,22.4,99.8,om:climate:budapest:10 om:climate:budapest:11 wv:en:Budapest#section:understand/climate:c1 wv:es:Budapest#section:comprender/clima:c1 om:climate:budapest:09 om:climate:budapest:08 om:climate:budapest:04 wv:en:Budapest#practical:finland wv:en:Budapest#practical:sweden osm:way/57716766
qdrant,2048,warm,clima-enero-es,74.7,26.2,100.9,om:climate:budapest:01 om:climate:budapest:02 osm:way/166167091 wv:en:Budapest/North Buda#see:ruins-of-pauline-monastery wv:en:Budapest/South Buda#see:kelenfold-bus-depot osm:way/166167074 om:climate:budapest:12 osm:way/166167090 wv:en:Budapest/South Buda#do:kopaszi-dam wv:en:Budapest/Terézváros#see:anker-palace
qdrant,2048,warm,baths-buda,75.5,22.7,98.2,wv:en:Budapest/North Buda#do:thermal-bath-szent-lukacs wv:en:Budapest/South Buda#do:gellert-baths wv:en:Budapest#section:do/thermal-baths:c1 wv:en:Budapest/Víziváros#do:rudas-thermal-bath wv:es:Budapest#section:hacer/banos-termales:c1 wv:en:Budapest#section:do/thermal-baths/modern-baths:c1 wp:en:1672696#s0-c1 wv:en:Budapest#section:do/thermal-baths/traditional-public-baths:c1 wp:en:35313365#s0-c2 wv:en:Budapest/Városliget#do:szechenyi-thermal-bath
qdrant,2048,warm,baths-buda-es,76.0,17.9,93.9,wv:es:Budapest#section:hacer/banos-termales:c1 wv:en:Budapest/South Buda#do:gellert-baths wv:en:Budapest/North Buda#do:thermal-bath-szent-lukacs wv:es:Budapest#section:hacer/banos-termales/banos-publicos-tradicionales/banos-modernos:c1 wv:en:Budapest#section:do/thermal-baths:c1 wv:en:Budapest#section:do/thermal-baths/modern-baths:c1 wv:en:Budapest/Víziváros#do:rudas-thermal-bath wp:en:35313365#s0-c2 wp:en:1672696#s0-c1 wv:es:Budapest#section:hacer/banos-termales/banos-publicos-tradicionales:c1
qdrant,2048,warm,szechenyi,88.1,22.8,110.9,wp:en:2613263#s1-c1 wv:en:Budapest/Városliget#do:szechenyi-thermal-bath wp:en:2613263#s0-c1 wv:en:Budapest/Városliget#section:do/leisure:c1 wp:en:35313365#s0-c2 wv:en:Budapest/Aquincum#do:csillaghegy-arpad-bath wv:en:Budapest#section:do/thermal-baths:c1 wv:en:Budapest/Erzsébetváros#see:hungaria-bath wp:en:35313365#s0-c1 wv:en:Budapest/Belváros#do:park-of-szechenyi-istvan-ter
qdrant,2048,warm,szechenyi-plain,79.8,20.2,100.1,wp:en:2613263#s2-c1 wv:en:Budapest/East Pest#do:szentmihaly-swimming-pool wv:en:Budapest/Városliget#do:szechenyi-thermal-bath wv:en:Budapest/East Pest#do:erzsebetliget-swimming-pool wv:en:Budapest/Zugló#do:bvsc-swimming-pool wv:en:Budapest/Kőbánya#do:ujhegy-swimming-pool-and-bath wv:en:Budapest/East Pest#do:ujlak-swimming-pool wp:en:2613263#s1-c1 wv:en:Budapest/Aquincum#do:szedruskert-training-pool wv:en:Budapest/Zugló#do:paskal-thermal-bath
qdrant,2048,warm,ruin-bars,74.2,19.2,93.4,osm:node/3283497736 wv:en:Budapest/Erzsébetváros#section:drink:c1 osm:node/3134154429 wv:en:Budapest/Belváros#section:drink:c1 tour:budapest:go-zeppelin-jewish-quarter wv:en:Budapest/South Buda#drink:avar-pub osm:node/9084818345 osm:node/2188749318 wv:en:Budapest/East Pest#drink:kispipa-pub wv:en:Budapest/Aquincum#drink:miamor-romaim
qdrant,2048,warm,parliament,76.1,22.5,98.6,wv:en:Budapest/Belváros#see:parliament wv:en:Budapest/Belváros#section:see/the-parliament:c1 wv:en:Budapest/Józsefváros#see:former-house-of-parliament wv:en:Budapest/Belváros#see:ethnographic-museum wv:es:Budapest#section:ver:c1 wv:en:Budapest/Hegyvidék#do:budapest-congress-center wv:en:Budapest#section:see:c3 wv:en:Budapest/Józsefváros#see:national-museum wp:en:1438363#s0-c1 wv:en:Budapest#section:see:c5
qdrant,2048,warm,free-walking-tour,80.2,23.4,103.6,tour:budapest:by-locals-pest-english tour:budapest:go-zeppelin-best-of-budapest tour:budapest:trip-to-budapest-pest tour:budapest:luna-pest-downtown tour:budapest:trip-to-budapest-art-nouveau tour:budapest:go-zeppelin-buda-castle tour:budapest:by-locals-pest-spanish wv:en:Budapest#section:do:c1 tour:budapest:trip-to-budapest-buda-castle tour:budapest:trip-to-budapest-jewish-district
qdrant,2048,warm,free-tour-es,74.3,21.1,95.4,tour:budapest:by-locals-pest-spanish tour:budapest:trip-to-budapest-pest tour:budapest:by-locals-pest-english tour:budapest:go-zeppelin-best-of-budapest tour:budapest:luna-pest-downtown tour:budapest:trip-to-budapest-buda-castle wv:en:Budapest#section:do:c1 tour:budapest:trip-to-budapest-art-nouveau tour:budapest:trip-to-budapest-jewish-district tour:budapest:go-zeppelin-buda-castle
qdrant,2048,warm,jewish-quarter-tour,73.1,24.4,97.5,tour:budapest:go-zeppelin-jewish-quarter tour:budapest:trip-to-budapest-jewish-district wv:en:Budapest/Erzsébetváros#section:understand/jewish-quarter:c1 wp:en:7706391#s9-c1 wp:en:35457863#s0-c1 wv:en:Budapest/Budavár#see:medieval-jewish-prayer-house wp:en:7706391#s7-c1 tour:budapest:trip-to-budapest-communism wp:en:39684758#s0-c1 tour:budapest:go-zeppelin-buda-castle
qdrant,2048,warm,danube-cruise,80.9,26.3,107.2,wv:en:Budapest/Belváros#do:cruising-and-eating wv:en:Budapest/South Buda#section:drink/clubs-bars:c1 wv:en:Budapest/Belváros#do:boat-trip-to-margaret-island wv:en:Budapest/Belváros#see:danube-promenade wp:en:9033099#s0-c1 wv:en:Budapest/Belváros#see:kossuth-museumship wv:en:Budapest#section:eat/restaurants:c2 wv:en:Budapest#do:hungaria-koncert wv:en:Budapest/Belváros#drink:wine-tasting-on-boat wv:en:Budapest#do:firework-above-danube-river
qdrant,2048,warm,cave-tour,54.7,41.6,96.3,wv:en:Budapest/North Buda#do:szemlo-hill-cave wv:en:Budapest/North Buda#do:palvolgy-cave osm:node/3302791818 wv:en:Budapest/North Buda#do:molnar-janos-cave wv:en:Budapest/North Buda#do:matyas-hegyi-cave wv:en:Budapest/Hegyvidék#do:buda-protected-landscape-area tour:budapest:trip-to-budapest-buda-castle wv:en:Budapest/Óbuda#see:tabor-hegyi-cave wp:en:2994351#s72-c1 wv:en:Budapest#section:do/caving:c1
qdrant,2048,warm,bike-tour,59.3,22.4,81.7,tour:budapest:by-locals-pest-english tour:budapest:go-zeppelin-best-of-budapest tour:budapest:luna-pest-downtown tour:budapest:trip-to-budapest-pest tour:budapest:by-locals-pest-spanish tour:budapest:go-zeppelin-buda-castle tour:budapest:trip-to-budapest-jewish-district tour:budapest:trip-to-budapest-buda-castle wv:en:Budapest#section:do:c1 wv:en:Budapest#transport:yellow-zebra-bike
qdrant,2048,warm,fishermans-bastion,78.0,26.2,104.2,wp:en:3733065#s7-c1 wp:en:3733065#s6-c1 wp:en:3733065#s4-c1 wp:en:3733065#s3-c2 wv:en:Budapest/Budavár#see:fisherman-s-bastion wp:en:3733065#s3-c1 wp:en:3733065#s1-c1 wp:en:3733065#s9-c1 wp:en:3733065#s0-c1 wp:en:3733065#s14-c1
qdrant,2048,warm,market-hall,73.8,26.5,100.3,wv:en:Budapest/Ferencváros#do:great-market-hall wp:en:6155085#s1-c2 wp:en:6155085#s0-c1 wp:en:6155085#s1-c1 wv:en:Budapest/Belváros#do:market-hall wv:en:Budapest/Ferencváros#see:grand-market-area wv:en:Budapest/Angyalföld#do:lehel-market-hall wv:en:Budapest/Józsefváros#do:rakoczi-square-market-hall wp:en:63518001#s0-c1 wv:en:Budapest/Víziváros#do:batthyany-square-market-hall
qdrant,2048,warm,opera,55.2,23.1,78.3,wv:en:Budapest/Terézváros#do:state-opera-or-hungarian-state-opera-house wv:en:Budapest/Terézváros#see:state-opera-house wp:en:1438363#s0-c1 wp:en:1438363#s2-c1 wp:en:1438363#s3-c1 wp:en:1438363#s1-c1 wp:en:1438363#s4-c1 wv:en:Budapest/Terézváros#do:budapest-operetta-theatre wv:en:Budapest/Angyalföld#do:open-air-theatre wv:en:Budapest/South Pest#do:sari-fedak-theatre
qdrant,2048,warm,memento-park,54.6,20.1,74.7,wv:en:Budapest/South Buda#see:memento-park tour:budapest:trip-to-budapest-communism wv:en:Budapest/Aquincum#see:graphisoft-park wv:en:Budapest/Kőbánya#do:tchaikovsky-park osm:way/83186847 wp:en:8362709#s1-c1 osm:way/469218807 wv:en:Budapest/Belváros#do:park-of-szechenyi-istvan-ter osm:way/365216106 wv:en:Budapest/North Buda#see:millenaris-park
qdrant,2048,warm,hospital-rock,52.0,23.8,75.8,wp:en:75078576#s0-c1 wp:en:44810974#s0-c1 wv:en:Budapest/Budavár#see:hospital-in-the-rock-nuclear-bunker-museum wv:en:Budapest/Belváros#see:f4-object wp:en:44810974#s6-c1 wv:en:Budapest/South Buda#see:cave-house-museum wv:en:Budapest/Kőbánya#see:central-museum-of-disaster-management wp:en:44810974#s3-c1 wp:en:75078576#s1-c1 wp:en:2994351#s21-c1
qdrant,2048,warm,shoes-memorial,57.5,25.2,82.7,wp:en:9052076#s0-c1 wp:en:9052076#s1-c1 wv:en:Budapest/Belváros#see:shoes-on-the-danube-memorial wp:en:9052076#s3-c1 wp:en:7706391#s10-c1 wp:en:9052076#s4-c1 wv:en:Budapest/Ferencváros#see:holocaust-memorial-center wp:en:39684758#s0-c1 osm:node/13390812109 osm:node/12296868961
qdrant,2048,warm,heroes-square,80.2,18.2,98.4,osm:relation/7108327 osm:relation/6411893 wp:en:2254072#s0-c1 wv:en:Budapest#section:see:c4 wv:en:Budapest/Terézváros#section:understand:c1 wv:en:Budapest/Budavár#see:homeland-defence-headquarter wv:en:Budapest/Víziváros#section:see/vizivaros/around-adam-clark-square-clark-adam-ter:c1 wv:en:Budapest/Budavár#see:castle-chapel wv:en:Budapest/Víziváros#see:castle-garden-kiosk-ybl-buda-creative-house wv:en:Budapest#section:see:c2
qdrant,2048,warm,aquincum,49.3,21.7,70.9,wv:en:Budapest/Óbuda#see:thermae-maiores wv:en:Budapest/Óbuda#see:hercules-villa wv:en:Budapest/Óbuda#see:cella-trichora wv:en:Budapest/Aquincum#see:aquincum-museum-and-archaeological-park wp:en:78012312#s0-c1 wv:en:Budapest/Józsefváros#see:museum-of-funeral wv:en:Budapest/Óbuda#see:porta-principalis-dextra wv:en:Budapest/Budavár#see:castle-museum wv:en:Budapest/Óbuda#see:aquincum-military-amphitheatre osm:node/3884465506
qdrant,2048,warm,airport-to-centre,74.1,24.6,98.7,wv:en:Budapest#section:get-in/by-plane:c2 wv:es:Budapest#section:llegar/en-avion:c3 wv:es:Budapest#section:llegar/en-avion:c4 wv:en:Budapest#section:get-in/by-plane:c1 wv:en:Budapest#section:get-around/public-transport:c2 wv:en:Budapest/Hegyvidék#section:get-in/other-transport-modes:c1 wv:es:Budapest#section:llegar/en-avion:c1 wv:es:Budapest#section:llegar/transporte-publico:c2 wp:en:56138927#s17-c1 wv:en:Budapest/Hegyvidék#section:get-in:c1
qdrant,2048,warm,airport-es,49.7,22.2,72.0,wv:es:Budapest#section:llegar/en-avion:c3 wv:es:Budapest#section:llegar/en-avion:c4 wv:es:Budapest#section:llegar/en-avion:c1 wv:en:Budapest#section:get-in/by-plane:c2 wv:es:Budapest#section:llegar/transporte-publico:c2 wv:es:Budapest#section:llegar/en-bus:c1 wv:en:Budapest#section:get-around/public-transport:c2 wv:es:Budapest#section:llegar/transporte-publico/otro:c1 wv:en:Budapest#section:get-in/by-plane:c1 wv:es:Budapest#section:llegar/en-avion:c2
qdrant,2048,warm,public-transport,74.3,21.5,95.8,wv:en:Budapest#section:get-around/public-transport/tickets-and-passes:c1 wv:en:Budapest#section:get-around/public-transport/tickets-and-passes:c2 wv:es:Budapest#section:llegar/transporte-publico/entradas-y-pases:c2 wv:en:Budapest#transport:tram-60-cogwheel-railway wv:es:Budapest#section:llegar/transporte-publico/entradas-y-pases:c1 wv:es:Budapest#section:llegar/transporte-publico/metro:c1 wp:en:31148640#s6-c1 wv:en:Budapest#section:get-around/public-transport/tram:c1 wv:en:Budapest#section:get-around/public-transport/metro:c1 wv:es:Budapest#section:seguridad/trampas-para-turistas:c1
qdrant,2048,warm,funicular,72.3,19.9,92.2,wv:en:Budapest/Budavár#section:get-in/by-funicular:c1 wv:es:Budapest#transport:funicular-del-castillo-buda wv:en:Budapest#transport:buda-castle-funicular wv:en:Budapest/Budavár#section:get-in:c1 tour:budapest:luna-buda-castle wp:en:2994351#s40-c1 wv:en:Budapest/Hegyvidék#section:get-in/buses:c1 wv:en:Budapest/Víziváros#see:buda-castle-tunnel wp:en:2994351#s53-c1 tour:budapest:go-zeppelin-buda-castle
qdrant,2048,warm,escape-room,125.9,18.1,144.0,wv:en:Budapest/Erzsébetváros#do:play-escape-room wv:en:Budapest/Városliget#do:prizone-escape wv:en:Budapest/Zugló#do:parahotel wv:en:Budapest/Kőbánya#do:pirate-cave wv:en:Budapest/Csepel#do:trap-factory wv:en:Budapest/Kőbánya#do:rage-room-budapest wp:en:2994351#s34-c1 wv:en:Budapest/Óbuda#do:brainmaze wp:en:2994351#s65-c1 wp:en:2994351#s32-c1
qdrant,2048,warm,vegan,73.2,22.3,95.5,wv:en:Budapest#section:eat/vegetarian-vegan:c1 wv:es:Budapest#section:comer/vegetariano-vegano:c1 wv:en:Budapest/Víziváros#eat:edeni-vegan osm:node/4585086090 osm:node/5770690057 wv:en:Budapest/Víziváros#eat:edeni-vegan-restaurant wv:en:Budapest/Belváros#eat:govinda-restaurants wv:en:Budapest/Aquincum#eat:govinda-csillaghegy osm:node/5528143821 osm:node/1918883383
qdrant,2048,warm,new-york-cafe,50.7,23.1,73.8,wv:en:Budapest#section:eat/coffee-houses:c1 wv:en:Budapest/Terézváros#eat:sugarshop osm:node/5474855522 wv:es:Budapest#section:comer/cafeterias:c1 wv:en:Budapest/Erzsébetváros#eat:new-york-cafe osm:node/9082621846 osm:node/13680999181 osm:node/5387347771 osm:node/692977110 osm:node/1573205258
qdrant,2048,warm,national-museum,64.0,20.8,84.8,wp:en:7799944#s0-c1 wv:en:Budapest/Erzsébetváros#see:hungarian-national-museum wv:en:Budapest/Józsefváros#see:national-museum wp:en:35457863#s2-c1 wp:en:7799944#s1-c1 wp:en:7799944#s2-c1 wp:en:7799944#s3-c1 wp:en:12058019#s0-c1 wv:en:Budapest/Budavár#see:hungarian-national-gallery wp:en:7799944#s1-c2
qdrant,2048,warm,zoo,72.8,23.5,96.3,wv:en:Budapest/Csepel#eat:arany-pancake-shop-and-pub osm:node/4079894508 osm:way/25281026 osm:way/906696800 wv:en:Budapest/South Buda#eat:becsiszelet-restaurant wv:en:Budapest/Angyalföld#do:oko-playground wv:en:Budapest/Kőbánya#do:pirate-cave wv:en:Budapest/Csepel#eat:nadfedeles-csarda osm:way/1054346248 wv:en:Budapest/South Pest#drink:nyalifali
qdrant,2048,warm,margaret-island,49.5,23.6,73.2,wp:en:20947490#s0-c1 wp:en:20947490#s1-c1 wv:en:Budapest/Aquincum#do:obuda-island wv:en:Budapest/Belváros#see:danube-promenade wp:en:9033099#s0-c1 wv:en:Budapest/Angyalföld#do:people-island osm:relation/21179013 wv:en:Budapest/Kőbánya#do:people-s-park wv:en:Budapest/Budavár#do:europe-park wv:en:Budapest/South Buda#do:independent-park
qdrant,2048,warm,climate-october,75.0,29.2,104.2,om:climate:budapest:10 om:climate:budapest:11 wv:en:Budapest#section:understand/climate:c1 wv:es:Budapest#section:comprender/clima:c1 om:climate:budapest:09 om:climate:budapest:08 om:climate:budapest:04 wv:en:Budapest#practical:finland wv:en:Budapest#practical:sweden osm:way/57716766
qdrant,2048,warm,clima-enero-es,73.9,25.5,99.4,om:climate:budapest:01 om:climate:budapest:02 osm:way/166167091 wv:en:Budapest/North Buda#see:ruins-of-pauline-monastery wv:en:Budapest/South Buda#see:kelenfold-bus-depot osm:way/166167074 om:climate:budapest:12 osm:way/166167090 wv:en:Budapest/South Buda#do:kopaszi-dam wv:en:Budapest/Terézváros#see:anker-palace
qdrant,2048,warm,baths-buda,51.5,21.8,73.3,wv:en:Budapest/North Buda#do:thermal-bath-szent-lukacs wv:en:Budapest/South Buda#do:gellert-baths wv:en:Budapest#section:do/thermal-baths:c1 wv:en:Budapest/Víziváros#do:rudas-thermal-bath wv:es:Budapest#section:hacer/banos-termales:c1 wv:en:Budapest#section:do/thermal-baths/modern-baths:c1 wp:en:1672696#s0-c1 wv:en:Budapest#section:do/thermal-baths/traditional-public-baths:c1 wp:en:35313365#s0-c2 wv:en:Budapest/Városliget#do:szechenyi-thermal-bath
qdrant,2048,warm,baths-buda-es,75.8,20.8,96.6,wv:es:Budapest#section:hacer/banos-termales:c1 wv:en:Budapest/South Buda#do:gellert-baths wv:en:Budapest/North Buda#do:thermal-bath-szent-lukacs wv:es:Budapest#section:hacer/banos-termales/banos-publicos-tradicionales/banos-modernos:c1 wv:en:Budapest#section:do/thermal-baths:c1 wv:en:Budapest#section:do/thermal-baths/modern-baths:c1 wv:en:Budapest/Víziváros#do:rudas-thermal-bath wp:en:35313365#s0-c2 wp:en:1672696#s0-c1 wv:es:Budapest#section:hacer/banos-termales/banos-publicos-tradicionales:c1
qdrant,2048,warm,szechenyi,53.8,18.7,72.5,wp:en:2613263#s1-c1 wv:en:Budapest/Városliget#do:szechenyi-thermal-bath wp:en:2613263#s0-c1 wv:en:Budapest/Városliget#section:do/leisure:c1 wp:en:35313365#s0-c2 wv:en:Budapest/Aquincum#do:csillaghegy-arpad-bath wv:en:Budapest#section:do/thermal-baths:c1 wv:en:Budapest/Erzsébetváros#see:hungaria-bath wp:en:35313365#s0-c1 wv:en:Budapest/Belváros#do:park-of-szechenyi-istvan-ter
qdrant,2048,warm,szechenyi-plain,78.7,24.4,103.1,wp:en:2613263#s2-c1 wv:en:Budapest/East Pest#do:szentmihaly-swimming-pool wv:en:Budapest/Városliget#do:szechenyi-thermal-bath wv:en:Budapest/East Pest#do:erzsebetliget-swimming-pool wv:en:Budapest/Zugló#do:bvsc-swimming-pool wv:en:Budapest/Kőbánya#do:ujhegy-swimming-pool-and-bath wv:en:Budapest/East Pest#do:ujlak-swimming-pool wp:en:2613263#s1-c1 wv:en:Budapest/Aquincum#do:szedruskert-training-pool wv:en:Budapest/Zugló#do:paskal-thermal-bath
qdrant,2048,warm,ruin-bars,56.7,21.7,78.3,osm:node/3283497736 wv:en:Budapest/Erzsébetváros#section:drink:c1 osm:node/3134154429 wv:en:Budapest/Belváros#section:drink:c1 tour:budapest:go-zeppelin-jewish-quarter wv:en:Budapest/South Buda#drink:avar-pub osm:node/9084818345 osm:node/2188749318 wv:en:Budapest/East Pest#drink:kispipa-pub wv:en:Budapest/Aquincum#drink:miamor-romaim
qdrant,2048,warm,parliament,77.1,24.7,101.8,wv:en:Budapest/Belváros#see:parliament wv:en:Budapest/Belváros#section:see/the-parliament:c1 wv:en:Budapest/Józsefváros#see:former-house-of-parliament wv:en:Budapest/Belváros#see:ethnographic-museum wv:es:Budapest#section:ver:c1 wv:en:Budapest/Hegyvidék#do:budapest-congress-center wv:en:Budapest#section:see:c3 wv:en:Budapest/Józsefváros#see:national-museum wp:en:1438363#s0-c1 wv:en:Budapest#section:see:c5
qdrant,2048,warm,free-walking-tour,56.3,26.9,83.1,tour:budapest:by-locals-pest-english tour:budapest:go-zeppelin-best-of-budapest tour:budapest:trip-to-budapest-pest tour:budapest:luna-pest-downtown tour:budapest:trip-to-budapest-art-nouveau tour:budapest:go-zeppelin-buda-castle tour:budapest:by-locals-pest-spanish wv:en:Budapest#section:do:c1 tour:budapest:trip-to-budapest-buda-castle tour:budapest:trip-to-budapest-jewish-district
qdrant,2048,warm,free-tour-es,78.5,21.9,100.4,tour:budapest:by-locals-pest-spanish tour:budapest:trip-to-budapest-pest tour:budapest:by-locals-pest-english tour:budapest:go-zeppelin-best-of-budapest tour:budapest:luna-pest-downtown tour:budapest:trip-to-budapest-buda-castle wv:en:Budapest#section:do:c1 tour:budapest:trip-to-budapest-art-nouveau tour:budapest:trip-to-budapest-jewish-district tour:budapest:go-zeppelin-buda-castle
qdrant,2048,warm,jewish-quarter-tour,76.5,22.2,98.8,tour:budapest:go-zeppelin-jewish-quarter tour:budapest:trip-to-budapest-jewish-district wv:en:Budapest/Erzsébetváros#section:understand/jewish-quarter:c1 wp:en:7706391#s9-c1 wp:en:35457863#s0-c1 wv:en:Budapest/Budavár#see:medieval-jewish-prayer-house wp:en:7706391#s7-c1 tour:budapest:trip-to-budapest-communism wp:en:39684758#s0-c1 tour:budapest:go-zeppelin-buda-castle
qdrant,2048,warm,danube-cruise,70.4,24.4,94.8,wv:en:Budapest/Belváros#do:cruising-and-eating wv:en:Budapest/South Buda#section:drink/clubs-bars:c1 wv:en:Budapest/Belváros#do:boat-trip-to-margaret-island wv:en:Budapest/Belváros#see:danube-promenade wp:en:9033099#s0-c1 wv:en:Budapest/Belváros#see:kossuth-museumship wv:en:Budapest#section:eat/restaurants:c2 wv:en:Budapest#do:hungaria-koncert wv:en:Budapest/Belváros#drink:wine-tasting-on-boat wv:en:Budapest#do:firework-above-danube-river
qdrant,2048,warm,cave-tour,69.8,24.1,93.9,wv:en:Budapest/North Buda#do:szemlo-hill-cave wv:en:Budapest/North Buda#do:palvolgy-cave osm:node/3302791818 wv:en:Budapest/North Buda#do:molnar-janos-cave wv:en:Budapest/North Buda#do:matyas-hegyi-cave wv:en:Budapest/Hegyvidék#do:buda-protected-landscape-area tour:budapest:trip-to-budapest-buda-castle wv:en:Budapest/Óbuda#see:tabor-hegyi-cave wp:en:2994351#s72-c1 wv:en:Budapest#section:do/caving:c1
qdrant,2048,warm,bike-tour,50.3,30.8,81.1,tour:budapest:by-locals-pest-english tour:budapest:go-zeppelin-best-of-budapest tour:budapest:luna-pest-downtown tour:budapest:trip-to-budapest-pest tour:budapest:by-locals-pest-spanish tour:budapest:go-zeppelin-buda-castle tour:budapest:trip-to-budapest-jewish-district tour:budapest:trip-to-budapest-buda-castle wv:en:Budapest#section:do:c1 wv:en:Budapest#transport:yellow-zebra-bike
qdrant,2048,warm,fishermans-bastion,57.8,20.3,78.1,wp:en:3733065#s7-c1 wp:en:3733065#s6-c1 wp:en:3733065#s4-c1 wp:en:3733065#s3-c2 wv:en:Budapest/Budavár#see:fisherman-s-bastion wp:en:3733065#s3-c1 wp:en:3733065#s1-c1 wp:en:3733065#s9-c1 wp:en:3733065#s0-c1 wp:en:3733065#s14-c1
qdrant,2048,warm,market-hall,73.8,16.1,89.9,wv:en:Budapest/Ferencváros#do:great-market-hall wp:en:6155085#s1-c2 wp:en:6155085#s0-c1 wp:en:6155085#s1-c1 wv:en:Budapest/Belváros#do:market-hall wv:en:Budapest/Ferencváros#see:grand-market-area wv:en:Budapest/Angyalföld#do:lehel-market-hall wv:en:Budapest/Józsefváros#do:rakoczi-square-market-hall wp:en:63518001#s0-c1 wv:en:Budapest/Víziváros#do:batthyany-square-market-hall
qdrant,2048,warm,opera,72.1,21.3,93.4,wv:en:Budapest/Terézváros#do:state-opera-or-hungarian-state-opera-house wv:en:Budapest/Terézváros#see:state-opera-house wp:en:1438363#s0-c1 wp:en:1438363#s2-c1 wp:en:1438363#s3-c1 wp:en:1438363#s1-c1 wp:en:1438363#s4-c1 wv:en:Budapest/Terézváros#do:budapest-operetta-theatre wv:en:Budapest/Angyalföld#do:open-air-theatre wv:en:Budapest/South Pest#do:sari-fedak-theatre
qdrant,2048,warm,memento-park,75.7,23.4,99.1,wv:en:Budapest/South Buda#see:memento-park tour:budapest:trip-to-budapest-communism wv:en:Budapest/Aquincum#see:graphisoft-park wv:en:Budapest/Kőbánya#do:tchaikovsky-park osm:way/83186847 wp:en:8362709#s1-c1 osm:way/469218807 wv:en:Budapest/Belváros#do:park-of-szechenyi-istvan-ter osm:way/365216106 wv:en:Budapest/North Buda#see:millenaris-park
qdrant,2048,warm,hospital-rock,89.0,20.4,109.4,wp:en:75078576#s0-c1 wp:en:44810974#s0-c1 wv:en:Budapest/Budavár#see:hospital-in-the-rock-nuclear-bunker-museum wv:en:Budapest/Belváros#see:f4-object wp:en:44810974#s6-c1 wv:en:Budapest/South Buda#see:cave-house-museum wv:en:Budapest/Kőbánya#see:central-museum-of-disaster-management wp:en:44810974#s3-c1 wp:en:75078576#s1-c1 wp:en:2994351#s21-c1
qdrant,2048,warm,shoes-memorial,54.8,19.2,74.0,wp:en:9052076#s0-c1 wp:en:9052076#s1-c1 wv:en:Budapest/Belváros#see:shoes-on-the-danube-memorial wp:en:9052076#s3-c1 wp:en:7706391#s10-c1 wp:en:9052076#s4-c1 wv:en:Budapest/Ferencváros#see:holocaust-memorial-center wp:en:39684758#s0-c1 osm:node/13390812109 osm:node/12296868961
qdrant,2048,warm,heroes-square,75.4,22.6,98.0,osm:relation/7108327 osm:relation/6411893 wp:en:2254072#s0-c1 wv:en:Budapest#section:see:c4 wv:en:Budapest/Terézváros#section:understand:c1 wv:en:Budapest/Budavár#see:homeland-defence-headquarter wv:en:Budapest/Víziváros#section:see/vizivaros/around-adam-clark-square-clark-adam-ter:c1 wv:en:Budapest/Budavár#see:castle-chapel wv:en:Budapest/Víziváros#see:castle-garden-kiosk-ybl-buda-creative-house wv:en:Budapest#section:see:c2
qdrant,2048,warm,aquincum,76.2,17.6,93.8,wv:en:Budapest/Óbuda#see:thermae-maiores wv:en:Budapest/Óbuda#see:hercules-villa wv:en:Budapest/Óbuda#see:cella-trichora wv:en:Budapest/Aquincum#see:aquincum-museum-and-archaeological-park wp:en:78012312#s0-c1 wv:en:Budapest/Józsefváros#see:museum-of-funeral wv:en:Budapest/Óbuda#see:porta-principalis-dextra wv:en:Budapest/Budavár#see:castle-museum wv:en:Budapest/Óbuda#see:aquincum-military-amphitheatre osm:node/3884465506
qdrant,2048,warm,airport-to-centre,63.0,21.7,84.8,wv:en:Budapest#section:get-in/by-plane:c2 wv:es:Budapest#section:llegar/en-avion:c3 wv:es:Budapest#section:llegar/en-avion:c4 wv:en:Budapest#section:get-in/by-plane:c1 wv:en:Budapest#section:get-around/public-transport:c2 wv:en:Budapest/Hegyvidék#section:get-in/other-transport-modes:c1 wv:es:Budapest#section:llegar/en-avion:c1 wv:es:Budapest#section:llegar/transporte-publico:c2 wp:en:56138927#s17-c1 wv:en:Budapest/Hegyvidék#section:get-in:c1
qdrant,2048,warm,airport-es,55.6,21.6,77.2,wv:es:Budapest#section:llegar/en-avion:c3 wv:es:Budapest#section:llegar/en-avion:c4 wv:es:Budapest#section:llegar/en-avion:c1 wv:en:Budapest#section:get-in/by-plane:c2 wv:es:Budapest#section:llegar/transporte-publico:c2 wv:es:Budapest#section:llegar/en-bus:c1 wv:en:Budapest#section:get-around/public-transport:c2 wv:es:Budapest#section:llegar/transporte-publico/otro:c1 wv:en:Budapest#section:get-in/by-plane:c1 wv:es:Budapest#section:llegar/en-avion:c2
qdrant,2048,warm,public-transport,75.4,24.5,100.0,wv:en:Budapest#section:get-around/public-transport/tickets-and-passes:c1 wv:en:Budapest#section:get-around/public-transport/tickets-and-passes:c2 wv:es:Budapest#section:llegar/transporte-publico/entradas-y-pases:c2 wv:en:Budapest#transport:tram-60-cogwheel-railway wv:es:Budapest#section:llegar/transporte-publico/entradas-y-pases:c1 wv:es:Budapest#section:llegar/transporte-publico/metro:c1 wp:en:31148640#s6-c1 wv:en:Budapest#section:get-around/public-transport/tram:c1 wv:en:Budapest#section:get-around/public-transport/metro:c1 wv:es:Budapest#section:seguridad/trampas-para-turistas:c1
qdrant,2048,warm,funicular,54.1,22.7,76.8,wv:en:Budapest/Budavár#section:get-in/by-funicular:c1 wv:es:Budapest#transport:funicular-del-castillo-buda wv:en:Budapest#transport:buda-castle-funicular wv:en:Budapest/Budavár#section:get-in:c1 tour:budapest:luna-buda-castle wp:en:2994351#s40-c1 wv:en:Budapest/Hegyvidék#section:get-in/buses:c1 wv:en:Budapest/Víziváros#see:buda-castle-tunnel wp:en:2994351#s53-c1 tour:budapest:go-zeppelin-buda-castle
qdrant,2048,warm,escape-room,54.5,19.6,74.2,wv:en:Budapest/Erzsébetváros#do:play-escape-room wv:en:Budapest/Városliget#do:prizone-escape wv:en:Budapest/Zugló#do:parahotel wv:en:Budapest/Kőbánya#do:pirate-cave wv:en:Budapest/Csepel#do:trap-factory wv:en:Budapest/Kőbánya#do:rage-room-budapest wp:en:2994351#s34-c1 wv:en:Budapest/Óbuda#do:brainmaze wp:en:2994351#s65-c1 wp:en:2994351#s32-c1
qdrant,2048,warm,vegan,53.4,17.2,70.6,wv:en:Budapest#section:eat/vegetarian-vegan:c1 wv:es:Budapest#section:comer/vegetariano-vegano:c1 wv:en:Budapest/Víziváros#eat:edeni-vegan osm:node/4585086090 osm:node/5770690057 wv:en:Budapest/Víziváros#eat:edeni-vegan-restaurant wv:en:Budapest/Belváros#eat:govinda-restaurants wv:en:Budapest/Aquincum#eat:govinda-csillaghegy osm:node/5528143821 osm:node/1918883383
qdrant,2048,warm,new-york-cafe,53.7,27.9,81.6,wv:en:Budapest#section:eat/coffee-houses:c1 wv:en:Budapest/Terézváros#eat:sugarshop osm:node/5474855522 wv:es:Budapest#section:comer/cafeterias:c1 wv:en:Budapest/Erzsébetváros#eat:new-york-cafe osm:node/9082621846 osm:node/13680999181 osm:node/5387347771 osm:node/692977110 osm:node/1573205258
qdrant,2048,warm,national-museum,74.6,19.3,93.9,wp:en:7799944#s0-c1 wv:en:Budapest/Erzsébetváros#see:hungarian-national-museum wv:en:Budapest/Józsefváros#see:national-museum wp:en:35457863#s2-c1 wp:en:7799944#s1-c1 wp:en:7799944#s2-c1 wp:en:7799944#s3-c1 wp:en:12058019#s0-c1 wv:en:Budapest/Budavár#see:hungarian-national-gallery wp:en:7799944#s1-c2
qdrant,2048,warm,zoo,52.4,22.2,74.5,wv:en:Budapest/Csepel#eat:arany-pancake-shop-and-pub osm:node/4079894508 osm:way/25281026 osm:way/906696800 wv:en:Budapest/South Buda#eat:becsiszelet-restaurant wv:en:Budapest/Angyalföld#do:oko-playground wv:en:Budapest/Kőbánya#do:pirate-cave wv:en:Budapest/Csepel#eat:nadfedeles-csarda osm:way/1054346248 wv:en:Budapest/South Pest#drink:nyalifali
qdrant,2048,warm,margaret-island,51.6,24.7,76.3,wp:en:20947490#s0-c1 wp:en:20947490#s1-c1 wv:en:Budapest/Aquincum#do:obuda-island wv:en:Budapest/Belváros#see:danube-promenade wp:en:9033099#s0-c1 wv:en:Budapest/Angyalföld#do:people-island osm:relation/21179013 wv:en:Budapest/Kőbánya#do:people-s-park wv:en:Budapest/Budavár#do:europe-park wv:en:Budapest/South Buda#do:independent-park
qdrant,2048,warm,climate-october,73.5,24.2,97.6,om:climate:budapest:10 om:climate:budapest:11 wv:en:Budapest#section:understand/climate:c1 wv:es:Budapest#section:comprender/clima:c1 om:climate:budapest:09 om:climate:budapest:08 om:climate:budapest:04 wv:en:Budapest#practical:finland wv:en:Budapest#practical:sweden osm:way/57716766
qdrant,2048,warm,clima-enero-es,67.8,25.3,93.0,om:climate:budapest:01 om:climate:budapest:02 osm:way/166167091 wv:en:Budapest/North Buda#see:ruins-of-pauline-monastery wv:en:Budapest/South Buda#see:kelenfold-bus-depot osm:way/166167074 om:climate:budapest:12 osm:way/166167090 wv:en:Budapest/South Buda#do:kopaszi-dam wv:en:Budapest/Terézváros#see:anker-palace
