candidate,memory_mb,phase,query_id,embed_ms,search_ms,total_ms,hits
qdrant,1024,cold,baths-buda,107.5,1716.8,1824.3,"[""wv:en:Budapest/North Buda#do:thermal-bath-szent-lukacs"", ""wv:en:Budapest/South Buda#do:gellert-baths"", ""wv:en:Budapest#section:do/thermal-baths:c1"", ""wv:en:Budapest/Víziváros#do:rudas-thermal-bath"", ""wv:es:Budapest#section:hacer/banos-termales:c1"", ""wv:en:Budapest#section:do/thermal-baths/modern-baths:c1"", ""wp:en:1672696#s0-c1"", ""wv:en:Budapest#section:do/thermal-baths/traditional-public-baths:c1"", ""wp:en:35313365#s0-c2"", ""wv:en:Budapest/Városliget#do:szechenyi-thermal-bath""]"
qdrant,1024,warm,baths-buda,80.3,22.3,102.6,"[""wv:en:Budapest/North Buda#do:thermal-bath-szent-lukacs"", ""wv:en:Budapest/South Buda#do:gellert-baths"", ""wv:en:Budapest#section:do/thermal-baths:c1"", ""wv:en:Budapest/Víziváros#do:rudas-thermal-bath"", ""wv:es:Budapest#section:hacer/banos-termales:c1"", ""wv:en:Budapest#section:do/thermal-baths/modern-baths:c1"", ""wp:en:1672696#s0-c1"", ""wv:en:Budapest#section:do/thermal-baths/traditional-public-baths:c1"", ""wp:en:35313365#s0-c2"", ""wv:en:Budapest/Városliget#do:szechenyi-thermal-bath""]"
qdrant,1024,warm,baths-buda-es,83.2,22.0,105.2,"[""wv:es:Budapest#section:hacer/banos-termales:c1"", ""wv:en:Budapest/South Buda#do:gellert-baths"", ""wv:en:Budapest/North Buda#do:thermal-bath-szent-lukacs"", ""wv:es:Budapest#section:hacer/banos-termales/banos-publicos-tradicionales/banos-modernos:c1"", ""wv:en:Budapest#section:do/thermal-baths:c1"", ""wv:en:Budapest#section:do/thermal-baths/modern-baths:c1"", ""wv:en:Budapest/Víziváros#do:rudas-thermal-bath"", ""wp:en:35313365#s0-c2"", ""wp:en:1672696#s0-c1"", ""wv:es:Budapest#section:hacer/banos-termales/banos-publicos-tradicionales:c1""]"
qdrant,1024,warm,szechenyi,84.2,23.0,107.2,"[""wp:en:2613263#s1-c1"", ""wv:en:Budapest/Városliget#do:szechenyi-thermal-bath"", ""wp:en:2613263#s0-c1"", ""wv:en:Budapest/Városliget#section:do/leisure:c1"", ""wp:en:35313365#s0-c2"", ""wv:en:Budapest/Aquincum#do:csillaghegy-arpad-bath"", ""wv:en:Budapest#section:do/thermal-baths:c1"", ""wv:en:Budapest/Erzsébetváros#see:hungaria-bath"", ""wp:en:35313365#s0-c1"", ""wv:en:Budapest/Belváros#do:park-of-szechenyi-istvan-ter""]"
qdrant,1024,warm,szechenyi-plain,83.6,36.0,119.6,"[""wp:en:2613263#s2-c1"", ""wv:en:Budapest/East Pest#do:szentmihaly-swimming-pool"", ""wv:en:Budapest/Városliget#do:szechenyi-thermal-bath"", ""wv:en:Budapest/East Pest#do:erzsebetliget-swimming-pool"", ""wv:en:Budapest/Zugló#do:bvsc-swimming-pool"", ""wv:en:Budapest/Kőbánya#do:ujhegy-swimming-pool-and-bath"", ""wv:en:Budapest/East Pest#do:ujlak-swimming-pool"", ""wp:en:2613263#s1-c1"", ""wv:en:Budapest/Aquincum#do:szedruskert-training-pool"", ""wv:en:Budapest/Zugló#do:paskal-thermal-bath""]"
qdrant,1024,warm,ruin-bars,82.2,37.1,119.3,"[""osm:node/3283497736"", ""wv:en:Budapest/Erzsébetváros#section:drink:c1"", ""osm:node/3134154429"", ""wv:en:Budapest/Belváros#section:drink:c1"", ""tour:budapest:go-zeppelin-jewish-quarter"", ""wv:en:Budapest/South Buda#drink:avar-pub"", ""osm:node/9084818345"", ""osm:node/2188749318"", ""wv:en:Budapest/East Pest#drink:kispipa-pub"", ""wv:en:Budapest/Aquincum#drink:miamor-romaim""]"
qdrant,1024,warm,parliament,74.0,21.5,95.5,"[""wv:en:Budapest/Belváros#see:parliament"", ""wv:en:Budapest/Belváros#section:see/the-parliament:c1"", ""wv:en:Budapest/Józsefváros#see:former-house-of-parliament"", ""wv:en:Budapest/Belváros#see:ethnographic-museum"", ""wv:es:Budapest#section:ver:c1"", ""wv:en:Budapest/Hegyvidék#do:budapest-congress-center"", ""wv:en:Budapest#section:see:c3"", ""wv:en:Budapest/Józsefváros#see:national-museum"", ""wp:en:1438363#s0-c1"", ""wv:en:Budapest#section:see:c5""]"
qdrant,1024,warm,free-walking-tour,82.8,29.3,112.1,"[""tour:budapest:by-locals-pest-english"", ""tour:budapest:go-zeppelin-best-of-budapest"", ""tour:budapest:trip-to-budapest-pest"", ""tour:budapest:luna-pest-downtown"", ""tour:budapest:trip-to-budapest-art-nouveau"", ""tour:budapest:go-zeppelin-buda-castle"", ""tour:budapest:by-locals-pest-spanish"", ""wv:en:Budapest#section:do:c1"", ""tour:budapest:trip-to-budapest-buda-castle"", ""tour:budapest:trip-to-budapest-jewish-district""]"
qdrant,1024,warm,free-tour-es,87.3,22.8,110.1,"[""tour:budapest:by-locals-pest-spanish"", ""tour:budapest:trip-to-budapest-pest"", ""tour:budapest:by-locals-pest-english"", ""tour:budapest:go-zeppelin-best-of-budapest"", ""tour:budapest:luna-pest-downtown"", ""tour:budapest:trip-to-budapest-buda-castle"", ""wv:en:Budapest#section:do:c1"", ""tour:budapest:trip-to-budapest-art-nouveau"", ""tour:budapest:trip-to-budapest-jewish-district"", ""tour:budapest:go-zeppelin-buda-castle""]"
qdrant,1024,warm,jewish-quarter-tour,89.8,22.5,112.3,"[""tour:budapest:go-zeppelin-jewish-quarter"", ""tour:budapest:trip-to-budapest-jewish-district"", ""wv:en:Budapest/Erzsébetváros#section:understand/jewish-quarter:c1"", ""wp:en:7706391#s9-c1"", ""wp:en:35457863#s0-c1"", ""wv:en:Budapest/Budavár#see:medieval-jewish-prayer-house"", ""wp:en:7706391#s7-c1"", ""tour:budapest:trip-to-budapest-communism"", ""wp:en:39684758#s0-c1"", ""tour:budapest:go-zeppelin-buda-castle""]"
qdrant,1024,warm,danube-cruise,79.4,28.4,107.8,"[""wv:en:Budapest/Belváros#do:cruising-and-eating"", ""wv:en:Budapest/South Buda#section:drink/clubs-bars:c1"", ""wv:en:Budapest/Belváros#do:boat-trip-to-margaret-island"", ""wv:en:Budapest/Belváros#see:danube-promenade"", ""wp:en:9033099#s0-c1"", ""wv:en:Budapest/Belváros#see:kossuth-museumship"", ""wv:en:Budapest#section:eat/restaurants:c2"", ""wv:en:Budapest#do:hungaria-koncert"", ""wv:en:Budapest/Belváros#drink:wine-tasting-on-boat"", ""wv:en:Budapest#do:firework-above-danube-river""]"
qdrant,1024,warm,cave-tour,87.3,22.5,109.7,"[""wv:en:Budapest/North Buda#do:szemlo-hill-cave"", ""wv:en:Budapest/North Buda#do:palvolgy-cave"", ""osm:node/3302791818"", ""wv:en:Budapest/North Buda#do:molnar-janos-cave"", ""wv:en:Budapest/North Buda#do:matyas-hegyi-cave"", ""wv:en:Budapest/Hegyvidék#do:buda-protected-landscape-area"", ""tour:budapest:trip-to-budapest-buda-castle"", ""wv:en:Budapest/Óbuda#see:tabor-hegyi-cave"", ""wp:en:2994351#s72-c1"", ""wv:en:Budapest#section:do/caving:c1""]"
qdrant,1024,warm,bike-tour,77.1,21.5,98.7,"[""tour:budapest:by-locals-pest-english"", ""tour:budapest:go-zeppelin-best-of-budapest"", ""tour:budapest:luna-pest-downtown"", ""tour:budapest:trip-to-budapest-pest"", ""tour:budapest:by-locals-pest-spanish"", ""tour:budapest:go-zeppelin-buda-castle"", ""tour:budapest:trip-to-budapest-jewish-district"", ""tour:budapest:trip-to-budapest-buda-castle"", ""wv:en:Budapest#section:do:c1"", ""wv:en:Budapest#transport:yellow-zebra-bike""]"
qdrant,1024,warm,fishermans-bastion,77.3,23.7,100.9,"[""wp:en:3733065#s7-c1"", ""wp:en:3733065#s6-c1"", ""wp:en:3733065#s4-c1"", ""wp:en:3733065#s3-c2"", ""wv:en:Budapest/Budavár#see:fisherman-s-bastion"", ""wp:en:3733065#s3-c1"", ""wp:en:3733065#s1-c1"", ""wp:en:3733065#s9-c1"", ""wp:en:3733065#s0-c1"", ""wp:en:3733065#s14-c1""]"
qdrant,1024,warm,market-hall,80.6,22.8,103.3,"[""wv:en:Budapest/Ferencváros#do:great-market-hall"", ""wp:en:6155085#s1-c2"", ""wp:en:6155085#s0-c1"", ""wp:en:6155085#s1-c1"", ""wv:en:Budapest/Belváros#do:market-hall"", ""wv:en:Budapest/Ferencváros#see:grand-market-area"", ""wv:en:Budapest/Angyalföld#do:lehel-market-hall"", ""wv:en:Budapest/Józsefváros#do:rakoczi-square-market-hall"", ""wp:en:63518001#s0-c1"", ""wv:en:Budapest/Víziváros#do:batthyany-square-market-hall""]"
qdrant,1024,warm,opera,73.8,21.6,95.3,"[""wv:en:Budapest/Terézváros#do:state-opera-or-hungarian-state-opera-house"", ""wv:en:Budapest/Terézváros#see:state-opera-house"", ""wp:en:1438363#s0-c1"", ""wp:en:1438363#s2-c1"", ""wp:en:1438363#s3-c1"", ""wp:en:1438363#s1-c1"", ""wp:en:1438363#s4-c1"", ""wv:en:Budapest/Terézváros#do:budapest-operetta-theatre"", ""wv:en:Budapest/Angyalföld#do:open-air-theatre"", ""wv:en:Budapest/South Pest#do:sari-fedak-theatre""]"
qdrant,1024,warm,memento-park,78.7,22.0,100.7,"[""wv:en:Budapest/South Buda#see:memento-park"", ""tour:budapest:trip-to-budapest-communism"", ""wv:en:Budapest/Aquincum#see:graphisoft-park"", ""wv:en:Budapest/Kőbánya#do:tchaikovsky-park"", ""osm:way/83186847"", ""wp:en:8362709#s1-c1"", ""osm:way/469218807"", ""wv:en:Budapest/Belváros#do:park-of-szechenyi-istvan-ter"", ""osm:way/365216106"", ""wv:en:Budapest/North Buda#see:millenaris-park""]"
qdrant,1024,warm,hospital-rock,86.1,23.0,109.1,"[""wp:en:75078576#s0-c1"", ""wp:en:44810974#s0-c1"", ""wv:en:Budapest/Budavár#see:hospital-in-the-rock-nuclear-bunker-museum"", ""wv:en:Budapest/Belváros#see:f4-object"", ""wp:en:44810974#s6-c1"", ""wv:en:Budapest/South Buda#see:cave-house-museum"", ""wv:en:Budapest/Kőbánya#see:central-museum-of-disaster-management"", ""wp:en:44810974#s3-c1"", ""wp:en:75078576#s1-c1"", ""wp:en:2994351#s21-c1""]"
qdrant,1024,warm,shoes-memorial,79.5,23.9,103.4,"[""wp:en:9052076#s0-c1"", ""wp:en:9052076#s1-c1"", ""wv:en:Budapest/Belváros#see:shoes-on-the-danube-memorial"", ""wp:en:9052076#s3-c1"", ""wp:en:7706391#s10-c1"", ""wp:en:9052076#s4-c1"", ""wv:en:Budapest/Ferencváros#see:holocaust-memorial-center"", ""wp:en:39684758#s0-c1"", ""osm:node/13390812109"", ""osm:node/12296868961""]"
qdrant,1024,warm,heroes-square,75.9,23.2,99.1,"[""osm:relation/7108327"", ""osm:relation/6411893"", ""wp:en:2254072#s0-c1"", ""wv:en:Budapest#section:see:c4"", ""wv:en:Budapest/Terézváros#section:understand:c1"", ""wv:en:Budapest/Budavár#see:homeland-defence-headquarter"", ""wv:en:Budapest/Víziváros#section:see/vizivaros/around-adam-clark-square-clark-adam-ter:c1"", ""wv:en:Budapest/Budavár#see:castle-chapel"", ""wv:en:Budapest/Víziváros#see:castle-garden-kiosk-ybl-buda-creative-house"", ""wv:en:Budapest#section:see:c2""]"
qdrant,1024,warm,aquincum,103.6,22.9,126.5,"[""wv:en:Budapest/Óbuda#see:thermae-maiores"", ""wv:en:Budapest/Óbuda#see:hercules-villa"", ""wv:en:Budapest/Óbuda#see:cella-trichora"", ""wv:en:Budapest/Aquincum#see:aquincum-museum-and-archaeological-park"", ""wp:en:78012312#s0-c1"", ""wv:en:Budapest/Józsefváros#see:museum-of-funeral"", ""wv:en:Budapest/Óbuda#see:porta-principalis-dextra"", ""wv:en:Budapest/Budavár#see:castle-museum"", ""wv:en:Budapest/Óbuda#see:aquincum-military-amphitheatre"", ""osm:node/3884465506""]"
qdrant,1024,warm,airport-to-centre,84.2,22.4,106.7,"[""wv:en:Budapest#section:get-in/by-plane:c2"", ""wv:es:Budapest#section:llegar/en-avion:c3"", ""wv:es:Budapest#section:llegar/en-avion:c4"", ""wv:en:Budapest#section:get-in/by-plane:c1"", ""wv:en:Budapest#section:get-around/public-transport:c2"", ""wv:en:Budapest/Hegyvidék#section:get-in/other-transport-modes:c1"", ""wv:es:Budapest#section:llegar/en-avion:c1"", ""wv:es:Budapest#section:llegar/transporte-publico:c2"", ""wp:en:56138927#s17-c1"", ""wv:en:Budapest/Hegyvidék#section:get-in:c1""]"
qdrant,1024,warm,airport-es,74.5,23.9,98.4,"[""wv:es:Budapest#section:llegar/en-avion:c3"", ""wv:es:Budapest#section:llegar/en-avion:c4"", ""wv:es:Budapest#section:llegar/en-avion:c1"", ""wv:en:Budapest#section:get-in/by-plane:c2"", ""wv:es:Budapest#section:llegar/transporte-publico:c2"", ""wv:es:Budapest#section:llegar/en-bus:c1"", ""wv:en:Budapest#section:get-around/public-transport:c2"", ""wv:es:Budapest#section:llegar/transporte-publico/otro:c1"", ""wv:en:Budapest#section:get-in/by-plane:c1"", ""wv:es:Budapest#section:llegar/en-avion:c2""]"
qdrant,1024,warm,public-transport,82.3,25.8,108.1,"[""wv:en:Budapest#section:get-around/public-transport/tickets-and-passes:c1"", ""wv:en:Budapest#section:get-around/public-transport/tickets-and-passes:c2"", ""wv:es:Budapest#section:llegar/transporte-publico/entradas-y-pases:c2"", ""wv:en:Budapest#transport:tram-60-cogwheel-railway"", ""wv:es:Budapest#section:llegar/transporte-publico/entradas-y-pases:c1"", ""wv:es:Budapest#section:llegar/transporte-publico/metro:c1"", ""wp:en:31148640#s6-c1"", ""wv:en:Budapest#section:get-around/public-transport/tram:c1"", ""wv:en:Budapest#section:get-around/public-transport/metro:c1"", ""wv:es:Budapest#section:seguridad/trampas-para-turistas:c1""]"
qdrant,1024,warm,funicular,77.6,21.6,99.2,"[""wv:en:Budapest/Budavár#section:get-in/by-funicular:c1"", ""wv:es:Budapest#transport:funicular-del-castillo-buda"", ""wv:en:Budapest#transport:buda-castle-funicular"", ""wv:en:Budapest/Budavár#section:get-in:c1"", ""tour:budapest:luna-buda-castle"", ""wp:en:2994351#s40-c1"", ""wv:en:Budapest/Hegyvidék#section:get-in/buses:c1"", ""wv:en:Budapest/Víziváros#see:buda-castle-tunnel"", ""wp:en:2994351#s53-c1"", ""tour:budapest:go-zeppelin-buda-castle""]"
qdrant,1024,warm,escape-room,78.1,23.5,101.6,"[""wv:en:Budapest/Erzsébetváros#do:play-escape-room"", ""wv:en:Budapest/Városliget#do:prizone-escape"", ""wv:en:Budapest/Zugló#do:parahotel"", ""wv:en:Budapest/Kőbánya#do:pirate-cave"", ""wv:en:Budapest/Csepel#do:trap-factory"", ""wv:en:Budapest/Kőbánya#do:rage-room-budapest"", ""wp:en:2994351#s34-c1"", ""wv:en:Budapest/Óbuda#do:brainmaze"", ""wp:en:2994351#s65-c1"", ""wp:en:2994351#s32-c1""]"
qdrant,1024,warm,vegan,75.7,23.2,98.9,"[""wv:en:Budapest#section:eat/vegetarian-vegan:c1"", ""wv:es:Budapest#section:comer/vegetariano-vegano:c1"", ""wv:en:Budapest/Víziváros#eat:edeni-vegan"", ""osm:node/4585086090"", ""osm:node/5770690057"", ""wv:en:Budapest/Víziváros#eat:edeni-vegan-restaurant"", ""wv:en:Budapest/Belváros#eat:govinda-restaurants"", ""wv:en:Budapest/Aquincum#eat:govinda-csillaghegy"", ""osm:node/5528143821"", ""osm:node/1918883383""]"
qdrant,1024,warm,new-york-cafe,74.7,22.2,97.0,"[""wv:en:Budapest#section:eat/coffee-houses:c1"", ""wv:en:Budapest/Terézváros#eat:sugarshop"", ""osm:node/5474855522"", ""wv:es:Budapest#section:comer/cafeterias:c1"", ""wv:en:Budapest/Erzsébetváros#eat:new-york-cafe"", ""osm:node/9082621846"", ""osm:node/13680999181"", ""osm:node/5387347771"", ""osm:node/692977110"", ""osm:node/1573205258""]"
qdrant,1024,warm,national-museum,133.4,22.1,155.5,"[""wp:en:7799944#s0-c1"", ""wv:en:Budapest/Erzsébetváros#see:hungarian-national-museum"", ""wv:en:Budapest/Józsefváros#see:national-museum"", ""wp:en:35457863#s2-c1"", ""wp:en:7799944#s1-c1"", ""wp:en:7799944#s2-c1"", ""wp:en:7799944#s3-c1"", ""wp:en:12058019#s0-c1"", ""wv:en:Budapest/Budavár#see:hungarian-national-gallery"", ""wp:en:7799944#s1-c2""]"
qdrant,1024,warm,zoo,73.8,23.9,97.6,"[""wv:en:Budapest/Csepel#eat:arany-pancake-shop-and-pub"", ""osm:node/4079894508"", ""osm:way/25281026"", ""osm:way/906696800"", ""wv:en:Budapest/South Buda#eat:becsiszelet-restaurant"", ""wv:en:Budapest/Angyalföld#do:oko-playground"", ""wv:en:Budapest/Kőbánya#do:pirate-cave"", ""wv:en:Budapest/Csepel#eat:nadfedeles-csarda"", ""osm:way/1054346248"", ""wv:en:Budapest/South Pest#drink:nyalifali""]"
qdrant,1024,warm,margaret-island,77.2,17.5,94.7,"[""wp:en:20947490#s0-c1"", ""wp:en:20947490#s1-c1"", ""wv:en:Budapest/Aquincum#do:obuda-island"", ""wv:en:Budapest/Belváros#see:danube-promenade"", ""wp:en:9033099#s0-c1"", ""wv:en:Budapest/Angyalföld#do:people-island"", ""osm:relation/21179013"", ""wv:en:Budapest/Kőbánya#do:people-s-park"", ""wv:en:Budapest/Budavár#do:europe-park"", ""wv:en:Budapest/South Buda#do:independent-park""]"
qdrant,1024,warm,climate-october,71.0,24.4,95.5,"[""om:climate:budapest:10"", ""om:climate:budapest:11"", ""wv:en:Budapest#section:understand/climate:c1"", ""wv:es:Budapest#section:comprender/clima:c1"", ""om:climate:budapest:09"", ""om:climate:budapest:08"", ""om:climate:budapest:04"", ""wv:en:Budapest#practical:finland"", ""wv:en:Budapest#practical:sweden"", ""osm:way/57716766""]"
qdrant,1024,warm,clima-enero-es,75.3,21.1,96.5,"[""om:climate:budapest:01"", ""om:climate:budapest:02"", ""osm:way/166167091"", ""wv:en:Budapest/North Buda#see:ruins-of-pauline-monastery"", ""wv:en:Budapest/South Buda#see:kelenfold-bus-depot"", ""osm:way/166167074"", ""om:climate:budapest:12"", ""osm:way/166167090"", ""wv:en:Budapest/South Buda#do:kopaszi-dam"", ""wv:en:Budapest/Terézváros#see:anker-palace""]"
qdrant,1024,warm,baths-buda,79.1,22.9,102.1,"[""wv:en:Budapest/North Buda#do:thermal-bath-szent-lukacs"", ""wv:en:Budapest/South Buda#do:gellert-baths"", ""wv:en:Budapest#section:do/thermal-baths:c1"", ""wv:en:Budapest/Víziváros#do:rudas-thermal-bath"", ""wv:es:Budapest#section:hacer/banos-termales:c1"", ""wv:en:Budapest#section:do/thermal-baths/modern-baths:c1"", ""wp:en:1672696#s0-c1"", ""wv:en:Budapest#section:do/thermal-baths/traditional-public-baths:c1"", ""wp:en:35313365#s0-c2"", ""wv:en:Budapest/Városliget#do:szechenyi-thermal-bath""]"
qdrant,1024,warm,baths-buda-es,85.1,21.6,106.7,"[""wv:es:Budapest#section:hacer/banos-termales:c1"", ""wv:en:Budapest/South Buda#do:gellert-baths"", ""wv:en:Budapest/North Buda#do:thermal-bath-szent-lukacs"", ""wv:es:Budapest#section:hacer/banos-termales/banos-publicos-tradicionales/banos-modernos:c1"", ""wv:en:Budapest#section:do/thermal-baths:c1"", ""wv:en:Budapest#section:do/thermal-baths/modern-baths:c1"", ""wv:en:Budapest/Víziváros#do:rudas-thermal-bath"", ""wp:en:35313365#s0-c2"", ""wp:en:1672696#s0-c1"", ""wv:es:Budapest#section:hacer/banos-termales/banos-publicos-tradicionales:c1""]"
qdrant,1024,warm,szechenyi,75.6,40.1,115.6,"[""wp:en:2613263#s1-c1"", ""wv:en:Budapest/Városliget#do:szechenyi-thermal-bath"", ""wp:en:2613263#s0-c1"", ""wv:en:Budapest/Városliget#section:do/leisure:c1"", ""wp:en:35313365#s0-c2"", ""wv:en:Budapest/Aquincum#do:csillaghegy-arpad-bath"", ""wv:en:Budapest#section:do/thermal-baths:c1"", ""wv:en:Budapest/Erzsébetváros#see:hungaria-bath"", ""wp:en:35313365#s0-c1"", ""wv:en:Budapest/Belváros#do:park-of-szechenyi-istvan-ter""]"
qdrant,1024,warm,szechenyi-plain,1239.8,19.4,1259.2,"[""wp:en:2613263#s2-c1"", ""wv:en:Budapest/East Pest#do:szentmihaly-swimming-pool"", ""wv:en:Budapest/Városliget#do:szechenyi-thermal-bath"", ""wv:en:Budapest/East Pest#do:erzsebetliget-swimming-pool"", ""wv:en:Budapest/Zugló#do:bvsc-swimming-pool"", ""wv:en:Budapest/Kőbánya#do:ujhegy-swimming-pool-and-bath"", ""wv:en:Budapest/East Pest#do:ujlak-swimming-pool"", ""wp:en:2613263#s1-c1"", ""wv:en:Budapest/Aquincum#do:szedruskert-training-pool"", ""wv:en:Budapest/Zugló#do:paskal-thermal-bath""]"
qdrant,1024,warm,ruin-bars,76.0,25.9,102.0,"[""osm:node/3283497736"", ""wv:en:Budapest/Erzsébetváros#section:drink:c1"", ""osm:node/3134154429"", ""wv:en:Budapest/Belváros#section:drink:c1"", ""tour:budapest:go-zeppelin-jewish-quarter"", ""wv:en:Budapest/South Buda#drink:avar-pub"", ""osm:node/9084818345"", ""osm:node/2188749318"", ""wv:en:Budapest/East Pest#drink:kispipa-pub"", ""wv:en:Budapest/Aquincum#drink:miamor-romaim""]"
qdrant,1024,warm,parliament,75.4,23.2,98.6,"[""wv:en:Budapest/Belváros#see:parliament"", ""wv:en:Budapest/Belváros#section:see/the-parliament:c1"", ""wv:en:Budapest/Józsefváros#see:former-house-of-parliament"", ""wv:en:Budapest/Belváros#see:ethnographic-museum"", ""wv:es:Budapest#section:ver:c1"", ""wv:en:Budapest/Hegyvidék#do:budapest-congress-center"", ""wv:en:Budapest#section:see:c3"", ""wv:en:Budapest/Józsefváros#see:national-museum"", ""wp:en:1438363#s0-c1"", ""wv:en:Budapest#section:see:c5""]"
qdrant,1024,warm,free-walking-tour,73.3,28.5,101.7,"[""tour:budapest:by-locals-pest-english"", ""tour:budapest:go-zeppelin-best-of-budapest"", ""tour:budapest:trip-to-budapest-pest"", ""tour:budapest:luna-pest-downtown"", ""tour:budapest:trip-to-budapest-art-nouveau"", ""tour:budapest:go-zeppelin-buda-castle"", ""tour:budapest:by-locals-pest-spanish"", ""wv:en:Budapest#section:do:c1"", ""tour:budapest:trip-to-budapest-buda-castle"", ""tour:budapest:trip-to-budapest-jewish-district""]"
qdrant,1024,warm,free-tour-es,74.5,21.7,96.2,"[""tour:budapest:by-locals-pest-spanish"", ""tour:budapest:trip-to-budapest-pest"", ""tour:budapest:by-locals-pest-english"", ""tour:budapest:go-zeppelin-best-of-budapest"", ""tour:budapest:luna-pest-downtown"", ""tour:budapest:trip-to-budapest-buda-castle"", ""wv:en:Budapest#section:do:c1"", ""tour:budapest:trip-to-budapest-art-nouveau"", ""tour:budapest:trip-to-budapest-jewish-district"", ""tour:budapest:go-zeppelin-buda-castle""]"
qdrant,1024,warm,jewish-quarter-tour,77.7,24.2,101.9,"[""tour:budapest:go-zeppelin-jewish-quarter"", ""tour:budapest:trip-to-budapest-jewish-district"", ""wv:en:Budapest/Erzsébetváros#section:understand/jewish-quarter:c1"", ""wp:en:7706391#s9-c1"", ""wp:en:35457863#s0-c1"", ""wv:en:Budapest/Budavár#see:medieval-jewish-prayer-house"", ""wp:en:7706391#s7-c1"", ""tour:budapest:trip-to-budapest-communism"", ""wp:en:39684758#s0-c1"", ""tour:budapest:go-zeppelin-buda-castle""]"
qdrant,1024,warm,danube-cruise,71.4,21.5,92.9,"[""wv:en:Budapest/Belváros#do:cruising-and-eating"", ""wv:en:Budapest/South Buda#section:drink/clubs-bars:c1"", ""wv:en:Budapest/Belváros#do:boat-trip-to-margaret-island"", ""wv:en:Budapest/Belváros#see:danube-promenade"", ""wp:en:9033099#s0-c1"", ""wv:en:Budapest/Belváros#see:kossuth-museumship"", ""wv:en:Budapest#section:eat/restaurants:c2"", ""wv:en:Budapest#do:hungaria-koncert"", ""wv:en:Budapest/Belváros#drink:wine-tasting-on-boat"", ""wv:en:Budapest#do:firework-above-danube-river""]"
qdrant,1024,warm,cave-tour,94.3,22.1,116.4,"[""wv:en:Budapest/North Buda#do:szemlo-hill-cave"", ""wv:en:Budapest/North Buda#do:palvolgy-cave"", ""osm:node/3302791818"", ""wv:en:Budapest/North Buda#do:molnar-janos-cave"", ""wv:en:Budapest/North Buda#do:matyas-hegyi-cave"", ""wv:en:Budapest/Hegyvidék#do:buda-protected-landscape-area"", ""tour:budapest:trip-to-budapest-buda-castle"", ""wv:en:Budapest/Óbuda#see:tabor-hegyi-cave"", ""wp:en:2994351#s72-c1"", ""wv:en:Budapest#section:do/caving:c1""]"
qdrant,1024,warm,bike-tour,81.5,24.9,106.4,"[""tour:budapest:by-locals-pest-english"", ""tour:budapest:go-zeppelin-best-of-budapest"", ""tour:budapest:luna-pest-downtown"", ""tour:budapest:trip-to-budapest-pest"", ""tour:budapest:by-locals-pest-spanish"", ""tour:budapest:go-zeppelin-buda-castle"", ""tour:budapest:trip-to-budapest-jewish-district"", ""tour:budapest:trip-to-budapest-buda-castle"", ""wv:en:Budapest#section:do:c1"", ""wv:en:Budapest#transport:yellow-zebra-bike""]"
qdrant,1024,warm,fishermans-bastion,74.8,20.7,95.5,"[""wp:en:3733065#s7-c1"", ""wp:en:3733065#s6-c1"", ""wp:en:3733065#s4-c1"", ""wp:en:3733065#s3-c2"", ""wv:en:Budapest/Budavár#see:fisherman-s-bastion"", ""wp:en:3733065#s3-c1"", ""wp:en:3733065#s1-c1"", ""wp:en:3733065#s9-c1"", ""wp:en:3733065#s0-c1"", ""wp:en:3733065#s14-c1""]"
qdrant,1024,warm,market-hall,77.9,23.1,101.0,"[""wv:en:Budapest/Ferencváros#do:great-market-hall"", ""wp:en:6155085#s1-c2"", ""wp:en:6155085#s0-c1"", ""wp:en:6155085#s1-c1"", ""wv:en:Budapest/Belváros#do:market-hall"", ""wv:en:Budapest/Ferencváros#see:grand-market-area"", ""wv:en:Budapest/Angyalföld#do:lehel-market-hall"", ""wv:en:Budapest/Józsefváros#do:rakoczi-square-market-hall"", ""wp:en:63518001#s0-c1"", ""wv:en:Budapest/Víziváros#do:batthyany-square-market-hall""]"
qdrant,1024,warm,opera,75.4,22.2,97.7,"[""wv:en:Budapest/Terézváros#do:state-opera-or-hungarian-state-opera-house"", ""wv:en:Budapest/Terézváros#see:state-opera-house"", ""wp:en:1438363#s0-c1"", ""wp:en:1438363#s2-c1"", ""wp:en:1438363#s3-c1"", ""wp:en:1438363#s1-c1"", ""wp:en:1438363#s4-c1"", ""wv:en:Budapest/Terézváros#do:budapest-operetta-theatre"", ""wv:en:Budapest/Angyalföld#do:open-air-theatre"", ""wv:en:Budapest/South Pest#do:sari-fedak-theatre""]"
qdrant,1024,warm,memento-park,87.3,22.9,110.2,"[""wv:en:Budapest/South Buda#see:memento-park"", ""tour:budapest:trip-to-budapest-communism"", ""wv:en:Budapest/Aquincum#see:graphisoft-park"", ""wv:en:Budapest/Kőbánya#do:tchaikovsky-park"", ""osm:way/83186847"", ""wp:en:8362709#s1-c1"", ""osm:way/469218807"", ""wv:en:Budapest/Belváros#do:park-of-szechenyi-istvan-ter"", ""osm:way/365216106"", ""wv:en:Budapest/North Buda#see:millenaris-park""]"
qdrant,1024,warm,hospital-rock,77.8,21.7,99.5,"[""wp:en:75078576#s0-c1"", ""wp:en:44810974#s0-c1"", ""wv:en:Budapest/Budavár#see:hospital-in-the-rock-nuclear-bunker-museum"", ""wv:en:Budapest/Belváros#see:f4-object"", ""wp:en:44810974#s6-c1"", ""wv:en:Budapest/South Buda#see:cave-house-museum"", ""wv:en:Budapest/Kőbánya#see:central-museum-of-disaster-management"", ""wp:en:44810974#s3-c1"", ""wp:en:75078576#s1-c1"", ""wp:en:2994351#s21-c1""]"
qdrant,1024,warm,shoes-memorial,71.9,24.6,96.6,"[""wp:en:9052076#s0-c1"", ""wp:en:9052076#s1-c1"", ""wv:en:Budapest/Belváros#see:shoes-on-the-danube-memorial"", ""wp:en:9052076#s3-c1"", ""wp:en:7706391#s10-c1"", ""wp:en:9052076#s4-c1"", ""wv:en:Budapest/Ferencváros#see:holocaust-memorial-center"", ""wp:en:39684758#s0-c1"", ""osm:node/13390812109"", ""osm:node/12296868961""]"
qdrant,1024,warm,heroes-square,81.6,22.5,104.1,"[""osm:relation/7108327"", ""osm:relation/6411893"", ""wp:en:2254072#s0-c1"", ""wv:en:Budapest#section:see:c4"", ""wv:en:Budapest/Terézváros#section:understand:c1"", ""wv:en:Budapest/Budavár#see:homeland-defence-headquarter"", ""wv:en:Budapest/Víziváros#section:see/vizivaros/around-adam-clark-square-clark-adam-ter:c1"", ""wv:en:Budapest/Budavár#see:castle-chapel"", ""wv:en:Budapest/Víziváros#see:castle-garden-kiosk-ybl-buda-creative-house"", ""wv:en:Budapest#section:see:c2""]"
qdrant,1024,warm,aquincum,73.9,22.1,96.0,"[""wv:en:Budapest/Óbuda#see:thermae-maiores"", ""wv:en:Budapest/Óbuda#see:hercules-villa"", ""wv:en:Budapest/Óbuda#see:cella-trichora"", ""wv:en:Budapest/Aquincum#see:aquincum-museum-and-archaeological-park"", ""wp:en:78012312#s0-c1"", ""wv:en:Budapest/Józsefváros#see:museum-of-funeral"", ""wv:en:Budapest/Óbuda#see:porta-principalis-dextra"", ""wv:en:Budapest/Budavár#see:castle-museum"", ""wv:en:Budapest/Óbuda#see:aquincum-military-amphitheatre"", ""osm:node/3884465506""]"
qdrant,1024,warm,airport-to-centre,83.8,23.7,107.6,"[""wv:en:Budapest#section:get-in/by-plane:c2"", ""wv:es:Budapest#section:llegar/en-avion:c3"", ""wv:es:Budapest#section:llegar/en-avion:c4"", ""wv:en:Budapest#section:get-in/by-plane:c1"", ""wv:en:Budapest#section:get-around/public-transport:c2"", ""wv:en:Budapest/Hegyvidék#section:get-in/other-transport-modes:c1"", ""wv:es:Budapest#section:llegar/en-avion:c1"", ""wv:es:Budapest#section:llegar/transporte-publico:c2"", ""wp:en:56138927#s17-c1"", ""wv:en:Budapest/Hegyvidék#section:get-in:c1""]"
qdrant,1024,warm,airport-es,73.4,22.3,95.7,"[""wv:es:Budapest#section:llegar/en-avion:c3"", ""wv:es:Budapest#section:llegar/en-avion:c4"", ""wv:es:Budapest#section:llegar/en-avion:c1"", ""wv:en:Budapest#section:get-in/by-plane:c2"", ""wv:es:Budapest#section:llegar/transporte-publico:c2"", ""wv:es:Budapest#section:llegar/en-bus:c1"", ""wv:en:Budapest#section:get-around/public-transport:c2"", ""wv:es:Budapest#section:llegar/transporte-publico/otro:c1"", ""wv:en:Budapest#section:get-in/by-plane:c1"", ""wv:es:Budapest#section:llegar/en-avion:c2""]"
qdrant,1024,warm,public-transport,72.9,21.9,94.7,"[""wv:en:Budapest#section:get-around/public-transport/tickets-and-passes:c1"", ""wv:en:Budapest#section:get-around/public-transport/tickets-and-passes:c2"", ""wv:es:Budapest#section:llegar/transporte-publico/entradas-y-pases:c2"", ""wv:en:Budapest#transport:tram-60-cogwheel-railway"", ""wv:es:Budapest#section:llegar/transporte-publico/entradas-y-pases:c1"", ""wv:es:Budapest#section:llegar/transporte-publico/metro:c1"", ""wp:en:31148640#s6-c1"", ""wv:en:Budapest#section:get-around/public-transport/tram:c1"", ""wv:en:Budapest#section:get-around/public-transport/metro:c1"", ""wv:es:Budapest#section:seguridad/trampas-para-turistas:c1""]"
qdrant,1024,warm,funicular,77.4,21.2,98.6,"[""wv:en:Budapest/Budavár#section:get-in/by-funicular:c1"", ""wv:es:Budapest#transport:funicular-del-castillo-buda"", ""wv:en:Budapest#transport:buda-castle-funicular"", ""wv:en:Budapest/Budavár#section:get-in:c1"", ""tour:budapest:luna-buda-castle"", ""wp:en:2994351#s40-c1"", ""wv:en:Budapest/Hegyvidék#section:get-in/buses:c1"", ""wv:en:Budapest/Víziváros#see:buda-castle-tunnel"", ""wp:en:2994351#s53-c1"", ""tour:budapest:go-zeppelin-buda-castle""]"
qdrant,1024,warm,escape-room,77.7,22.7,100.4,"[""wv:en:Budapest/Erzsébetváros#do:play-escape-room"", ""wv:en:Budapest/Városliget#do:prizone-escape"", ""wv:en:Budapest/Zugló#do:parahotel"", ""wv:en:Budapest/Kőbánya#do:pirate-cave"", ""wv:en:Budapest/Csepel#do:trap-factory"", ""wv:en:Budapest/Kőbánya#do:rage-room-budapest"", ""wp:en:2994351#s34-c1"", ""wv:en:Budapest/Óbuda#do:brainmaze"", ""wp:en:2994351#s65-c1"", ""wp:en:2994351#s32-c1""]"
qdrant,1024,warm,vegan,77.1,21.8,98.9,"[""wv:en:Budapest#section:eat/vegetarian-vegan:c1"", ""wv:es:Budapest#section:comer/vegetariano-vegano:c1"", ""wv:en:Budapest/Víziváros#eat:edeni-vegan"", ""osm:node/4585086090"", ""osm:node/5770690057"", ""wv:en:Budapest/Víziváros#eat:edeni-vegan-restaurant"", ""wv:en:Budapest/Belváros#eat:govinda-restaurants"", ""wv:en:Budapest/Aquincum#eat:govinda-csillaghegy"", ""osm:node/5528143821"", ""osm:node/1918883383""]"
qdrant,1024,warm,new-york-cafe,81.4,22.9,104.4,"[""wv:en:Budapest#section:eat/coffee-houses:c1"", ""wv:en:Budapest/Terézváros#eat:sugarshop"", ""osm:node/5474855522"", ""wv:es:Budapest#section:comer/cafeterias:c1"", ""wv:en:Budapest/Erzsébetváros#eat:new-york-cafe"", ""osm:node/9082621846"", ""osm:node/13680999181"", ""osm:node/5387347771"", ""osm:node/692977110"", ""osm:node/1573205258""]"
qdrant,1024,warm,national-museum,67.9,19.5,87.4,"[""wp:en:7799944#s0-c1"", ""wv:en:Budapest/Erzsébetváros#see:hungarian-national-museum"", ""wv:en:Budapest/Józsefváros#see:national-museum"", ""wp:en:35457863#s2-c1"", ""wp:en:7799944#s1-c1"", ""wp:en:7799944#s2-c1"", ""wp:en:7799944#s3-c1"", ""wp:en:12058019#s0-c1"", ""wv:en:Budapest/Budavár#see:hungarian-national-gallery"", ""wp:en:7799944#s1-c2""]"
qdrant,1024,warm,zoo,79.6,22.8,102.4,"[""wv:en:Budapest/Csepel#eat:arany-pancake-shop-and-pub"", ""osm:node/4079894508"", ""osm:way/25281026"", ""osm:way/906696800"", ""wv:en:Budapest/South Buda#eat:becsiszelet-restaurant"", ""wv:en:Budapest/Angyalföld#do:oko-playground"", ""wv:en:Budapest/Kőbánya#do:pirate-cave"", ""wv:en:Budapest/Csepel#eat:nadfedeles-csarda"", ""osm:way/1054346248"", ""wv:en:Budapest/South Pest#drink:nyalifali""]"
qdrant,1024,warm,margaret-island,72.7,24.2,96.9,"[""wp:en:20947490#s0-c1"", ""wp:en:20947490#s1-c1"", ""wv:en:Budapest/Aquincum#do:obuda-island"", ""wv:en:Budapest/Belváros#see:danube-promenade"", ""wp:en:9033099#s0-c1"", ""wv:en:Budapest/Angyalföld#do:people-island"", ""osm:relation/21179013"", ""wv:en:Budapest/Kőbánya#do:people-s-park"", ""wv:en:Budapest/Budavár#do:europe-park"", ""wv:en:Budapest/South Buda#do:independent-park""]"
qdrant,1024,warm,climate-october,75.6,23.2,98.8,"[""om:climate:budapest:10"", ""om:climate:budapest:11"", ""wv:en:Budapest#section:understand/climate:c1"", ""wv:es:Budapest#section:comprender/clima:c1"", ""om:climate:budapest:09"", ""om:climate:budapest:08"", ""om:climate:budapest:04"", ""wv:en:Budapest#practical:finland"", ""wv:en:Budapest#practical:sweden"", ""osm:way/57716766""]"
qdrant,1024,warm,clima-enero-es,76.7,19.0,95.7,"[""om:climate:budapest:01"", ""om:climate:budapest:02"", ""osm:way/166167091"", ""wv:en:Budapest/North Buda#see:ruins-of-pauline-monastery"", ""wv:en:Budapest/South Buda#see:kelenfold-bus-depot"", ""osm:way/166167074"", ""om:climate:budapest:12"", ""osm:way/166167090"", ""wv:en:Budapest/South Buda#do:kopaszi-dam"", ""wv:en:Budapest/Terézváros#see:anker-palace""]"
qdrant,1024,warm,baths-buda,73.4,24.0,97.3,"[""wv:en:Budapest/North Buda#do:thermal-bath-szent-lukacs"", ""wv:en:Budapest/South Buda#do:gellert-baths"", ""wv:en:Budapest#section:do/thermal-baths:c1"", ""wv:en:Budapest/Víziváros#do:rudas-thermal-bath"", ""wv:es:Budapest#section:hacer/banos-termales:c1"", ""wv:en:Budapest#section:do/thermal-baths/modern-baths:c1"", ""wp:en:1672696#s0-c1"", ""wv:en:Budapest#section:do/thermal-baths/traditional-public-baths:c1"", ""wp:en:35313365#s0-c2"", ""wv:en:Budapest/Városliget#do:szechenyi-thermal-bath""]"
qdrant,1024,warm,baths-buda-es,77.1,20.7,97.8,"[""wv:es:Budapest#section:hacer/banos-termales:c1"", ""wv:en:Budapest/South Buda#do:gellert-baths"", ""wv:en:Budapest/North Buda#do:thermal-bath-szent-lukacs"", ""wv:es:Budapest#section:hacer/banos-termales/banos-publicos-tradicionales/banos-modernos:c1"", ""wv:en:Budapest#section:do/thermal-baths:c1"", ""wv:en:Budapest#section:do/thermal-baths/modern-baths:c1"", ""wv:en:Budapest/Víziváros#do:rudas-thermal-bath"", ""wp:en:35313365#s0-c2"", ""wp:en:1672696#s0-c1"", ""wv:es:Budapest#section:hacer/banos-termales/banos-publicos-tradicionales:c1""]"
qdrant,1024,warm,szechenyi,69.8,23.8,93.6,"[""wp:en:2613263#s1-c1"", ""wv:en:Budapest/Városliget#do:szechenyi-thermal-bath"", ""wp:en:2613263#s0-c1"", ""wv:en:Budapest/Városliget#section:do/leisure:c1"", ""wp:en:35313365#s0-c2"", ""wv:en:Budapest/Aquincum#do:csillaghegy-arpad-bath"", ""wv:en:Budapest#section:do/thermal-baths:c1"", ""wv:en:Budapest/Erzsébetváros#see:hungaria-bath"", ""wp:en:35313365#s0-c1"", ""wv:en:Budapest/Belváros#do:park-of-szechenyi-istvan-ter""]"
qdrant,1024,warm,szechenyi-plain,74.1,22.5,96.6,"[""wp:en:2613263#s2-c1"", ""wv:en:Budapest/East Pest#do:szentmihaly-swimming-pool"", ""wv:en:Budapest/Városliget#do:szechenyi-thermal-bath"", ""wv:en:Budapest/East Pest#do:erzsebetliget-swimming-pool"", ""wv:en:Budapest/Zugló#do:bvsc-swimming-pool"", ""wv:en:Budapest/Kőbánya#do:ujhegy-swimming-pool-and-bath"", ""wv:en:Budapest/East Pest#do:ujlak-swimming-pool"", ""wp:en:2613263#s1-c1"", ""wv:en:Budapest/Aquincum#do:szedruskert-training-pool"", ""wv:en:Budapest/Zugló#do:paskal-thermal-bath""]"
qdrant,1024,warm,ruin-bars,68.5,21.1,89.5,"[""osm:node/3283497736"", ""wv:en:Budapest/Erzsébetváros#section:drink:c1"", ""osm:node/3134154429"", ""wv:en:Budapest/Belváros#section:drink:c1"", ""tour:budapest:go-zeppelin-jewish-quarter"", ""wv:en:Budapest/South Buda#drink:avar-pub"", ""osm:node/9084818345"", ""osm:node/2188749318"", ""wv:en:Budapest/East Pest#drink:kispipa-pub"", ""wv:en:Budapest/Aquincum#drink:miamor-romaim""]"
qdrant,1024,warm,parliament,75.0,24.0,99.1,"[""wv:en:Budapest/Belváros#see:parliament"", ""wv:en:Budapest/Belváros#section:see/the-parliament:c1"", ""wv:en:Budapest/Józsefváros#see:former-house-of-parliament"", ""wv:en:Budapest/Belváros#see:ethnographic-museum"", ""wv:es:Budapest#section:ver:c1"", ""wv:en:Budapest/Hegyvidék#do:budapest-congress-center"", ""wv:en:Budapest#section:see:c3"", ""wv:en:Budapest/Józsefváros#see:national-museum"", ""wp:en:1438363#s0-c1"", ""wv:en:Budapest#section:see:c5""]"
qdrant,1024,warm,free-walking-tour,75.3,30.3,105.7,"[""tour:budapest:by-locals-pest-english"", ""tour:budapest:go-zeppelin-best-of-budapest"", ""tour:budapest:trip-to-budapest-pest"", ""tour:budapest:luna-pest-downtown"", ""tour:budapest:trip-to-budapest-art-nouveau"", ""tour:budapest:go-zeppelin-buda-castle"", ""tour:budapest:by-locals-pest-spanish"", ""wv:en:Budapest#section:do:c1"", ""tour:budapest:trip-to-budapest-buda-castle"", ""tour:budapest:trip-to-budapest-jewish-district""]"
qdrant,1024,warm,free-tour-es,73.0,20.9,93.8,"[""tour:budapest:by-locals-pest-spanish"", ""tour:budapest:trip-to-budapest-pest"", ""tour:budapest:by-locals-pest-english"", ""tour:budapest:go-zeppelin-best-of-budapest"", ""tour:budapest:luna-pest-downtown"", ""tour:budapest:trip-to-budapest-buda-castle"", ""wv:en:Budapest#section:do:c1"", ""tour:budapest:trip-to-budapest-art-nouveau"", ""tour:budapest:trip-to-budapest-jewish-district"", ""tour:budapest:go-zeppelin-buda-castle""]"
qdrant,1024,warm,jewish-quarter-tour,76.5,23.7,100.2,"[""tour:budapest:go-zeppelin-jewish-quarter"", ""tour:budapest:trip-to-budapest-jewish-district"", ""wv:en:Budapest/Erzsébetváros#section:understand/jewish-quarter:c1"", ""wp:en:7706391#s9-c1"", ""wp:en:35457863#s0-c1"", ""wv:en:Budapest/Budavár#see:medieval-jewish-prayer-house"", ""wp:en:7706391#s7-c1"", ""tour:budapest:trip-to-budapest-communism"", ""wp:en:39684758#s0-c1"", ""tour:budapest:go-zeppelin-buda-castle""]"
qdrant,1024,warm,danube-cruise,78.8,31.4,110.2,"[""wv:en:Budapest/Belváros#do:cruising-and-eating"", ""wv:en:Budapest/South Buda#section:drink/clubs-bars:c1"", ""wv:en:Budapest/Belváros#do:boat-trip-to-margaret-island"", ""wv:en:Budapest/Belváros#see:danube-promenade"", ""wp:en:9033099#s0-c1"", ""wv:en:Budapest/Belváros#see:kossuth-museumship"", ""wv:en:Budapest#section:eat/restaurants:c2"", ""wv:en:Budapest#do:hungaria-koncert"", ""wv:en:Budapest/Belváros#drink:wine-tasting-on-boat"", ""wv:en:Budapest#do:firework-above-danube-river""]"
qdrant,1024,warm,cave-tour,74.0,23.3,97.2,"[""wv:en:Budapest/North Buda#do:szemlo-hill-cave"", ""wv:en:Budapest/North Buda#do:palvolgy-cave"", ""osm:node/3302791818"", ""wv:en:Budapest/North Buda#do:molnar-janos-cave"", ""wv:en:Budapest/North Buda#do:matyas-hegyi-cave"", ""wv:en:Budapest/Hegyvidék#do:buda-protected-landscape-area"", ""tour:budapest:trip-to-budapest-buda-castle"", ""wv:en:Budapest/Óbuda#see:tabor-hegyi-cave"", ""wp:en:2994351#s72-c1"", ""wv:en:Budapest#section:do/caving:c1""]"
qdrant,1024,warm,bike-tour,74.2,23.9,98.1,"[""tour:budapest:by-locals-pest-english"", ""tour:budapest:go-zeppelin-best-of-budapest"", ""tour:budapest:luna-pest-downtown"", ""tour:budapest:trip-to-budapest-pest"", ""tour:budapest:by-locals-pest-spanish"", ""tour:budapest:go-zeppelin-buda-castle"", ""tour:budapest:trip-to-budapest-jewish-district"", ""tour:budapest:trip-to-budapest-buda-castle"", ""wv:en:Budapest#section:do:c1"", ""wv:en:Budapest#transport:yellow-zebra-bike""]"
qdrant,1024,warm,fishermans-bastion,72.4,24.5,96.8,"[""wp:en:3733065#s7-c1"", ""wp:en:3733065#s6-c1"", ""wp:en:3733065#s4-c1"", ""wp:en:3733065#s3-c2"", ""wv:en:Budapest/Budavár#see:fisherman-s-bastion"", ""wp:en:3733065#s3-c1"", ""wp:en:3733065#s1-c1"", ""wp:en:3733065#s9-c1"", ""wp:en:3733065#s0-c1"", ""wp:en:3733065#s14-c1""]"
qdrant,1024,warm,market-hall,51.1,22.2,73.2,"[""wv:en:Budapest/Ferencváros#do:great-market-hall"", ""wp:en:6155085#s1-c2"", ""wp:en:6155085#s0-c1"", ""wp:en:6155085#s1-c1"", ""wv:en:Budapest/Belváros#do:market-hall"", ""wv:en:Budapest/Ferencváros#see:grand-market-area"", ""wv:en:Budapest/Angyalföld#do:lehel-market-hall"", ""wv:en:Budapest/Józsefváros#do:rakoczi-square-market-hall"", ""wp:en:63518001#s0-c1"", ""wv:en:Budapest/Víziváros#do:batthyany-square-market-hall""]"
qdrant,1024,warm,opera,73.6,24.2,97.7,"[""wv:en:Budapest/Terézváros#do:state-opera-or-hungarian-state-opera-house"", ""wv:en:Budapest/Terézváros#see:state-opera-house"", ""wp:en:1438363#s0-c1"", ""wp:en:1438363#s2-c1"", ""wp:en:1438363#s3-c1"", ""wp:en:1438363#s1-c1"", ""wp:en:1438363#s4-c1"", ""wv:en:Budapest/Terézváros#do:budapest-operetta-theatre"", ""wv:en:Budapest/Angyalföld#do:open-air-theatre"", ""wv:en:Budapest/South Pest#do:sari-fedak-theatre""]"
qdrant,1024,warm,memento-park,77.1,21.7,98.8,"[""wv:en:Budapest/South Buda#see:memento-park"", ""tour:budapest:trip-to-budapest-communism"", ""wv:en:Budapest/Aquincum#see:graphisoft-park"", ""wv:en:Budapest/Kőbánya#do:tchaikovsky-park"", ""osm:way/83186847"", ""wp:en:8362709#s1-c1"", ""osm:way/469218807"", ""wv:en:Budapest/Belváros#do:park-of-szechenyi-istvan-ter"", ""osm:way/365216106"", ""wv:en:Budapest/North Buda#see:millenaris-park""]"
qdrant,1024,warm,hospital-rock,72.5,21.4,94.0,"[""wp:en:75078576#s0-c1"", ""wp:en:44810974#s0-c1"", ""wv:en:Budapest/Budavár#see:hospital-in-the-rock-nuclear-bunker-museum"", ""wv:en:Budapest/Belváros#see:f4-object"", ""wp:en:44810974#s6-c1"", ""wv:en:Budapest/South Buda#see:cave-house-museum"", ""wv:en:Budapest/Kőbánya#see:central-museum-of-disaster-management"", ""wp:en:44810974#s3-c1"", ""wp:en:75078576#s1-c1"", ""wp:en:2994351#s21-c1""]"
qdrant,1024,warm,shoes-memorial,86.4,41.1,127.5,"[""wp:en:9052076#s0-c1"", ""wp:en:9052076#s1-c1"", ""wv:en:Budapest/Belváros#see:shoes-on-the-danube-memorial"", ""wp:en:9052076#s3-c1"", ""wp:en:7706391#s10-c1"", ""wp:en:9052076#s4-c1"", ""wv:en:Budapest/Ferencváros#see:holocaust-memorial-center"", ""wp:en:39684758#s0-c1"", ""osm:node/13390812109"", ""osm:node/12296868961""]"
qdrant,1024,warm,heroes-square,76.4,22.3,98.7,"[""osm:relation/7108327"", ""osm:relation/6411893"", ""wp:en:2254072#s0-c1"", ""wv:en:Budapest#section:see:c4"", ""wv:en:Budapest/Terézváros#section:understand:c1"", ""wv:en:Budapest/Budavár#see:homeland-defence-headquarter"", ""wv:en:Budapest/Víziváros#section:see/vizivaros/around-adam-clark-square-clark-adam-ter:c1"", ""wv:en:Budapest/Budavár#see:castle-chapel"", ""wv:en:Budapest/Víziváros#see:castle-garden-kiosk-ybl-buda-creative-house"", ""wv:en:Budapest#section:see:c2""]"
qdrant,1024,warm,aquincum,82.6,20.9,103.5,"[""wv:en:Budapest/Óbuda#see:thermae-maiores"", ""wv:en:Budapest/Óbuda#see:hercules-villa"", ""wv:en:Budapest/Óbuda#see:cella-trichora"", ""wv:en:Budapest/Aquincum#see:aquincum-museum-and-archaeological-park"", ""wp:en:78012312#s0-c1"", ""wv:en:Budapest/Józsefváros#see:museum-of-funeral"", ""wv:en:Budapest/Óbuda#see:porta-principalis-dextra"", ""wv:en:Budapest/Budavár#see:castle-museum"", ""wv:en:Budapest/Óbuda#see:aquincum-military-amphitheatre"", ""osm:node/3884465506""]"
qdrant,1024,warm,airport-to-centre,76.1,23.5,99.5,"[""wv:en:Budapest#section:get-in/by-plane:c2"", ""wv:es:Budapest#section:llegar/en-avion:c3"", ""wv:es:Budapest#section:llegar/en-avion:c4"", ""wv:en:Budapest#section:get-in/by-plane:c1"", ""wv:en:Budapest#section:get-around/public-transport:c2"", ""wv:en:Budapest/Hegyvidék#section:get-in/other-transport-modes:c1"", ""wv:es:Budapest#section:llegar/en-avion:c1"", ""wv:es:Budapest#section:llegar/transporte-publico:c2"", ""wp:en:56138927#s17-c1"", ""wv:en:Budapest/Hegyvidék#section:get-in:c1""]"
qdrant,1024,warm,airport-es,52.0,17.8,69.8,"[""wv:es:Budapest#section:llegar/en-avion:c3"", ""wv:es:Budapest#section:llegar/en-avion:c4"", ""wv:es:Budapest#section:llegar/en-avion:c1"", ""wv:en:Budapest#section:get-in/by-plane:c2"", ""wv:es:Budapest#section:llegar/transporte-publico:c2"", ""wv:es:Budapest#section:llegar/en-bus:c1"", ""wv:en:Budapest#section:get-around/public-transport:c2"", ""wv:es:Budapest#section:llegar/transporte-publico/otro:c1"", ""wv:en:Budapest#section:get-in/by-plane:c1"", ""wv:es:Budapest#section:llegar/en-avion:c2""]"
qdrant,1024,warm,public-transport,76.8,19.9,96.7,"[""wv:en:Budapest#section:get-around/public-transport/tickets-and-passes:c1"", ""wv:en:Budapest#section:get-around/public-transport/tickets-and-passes:c2"", ""wv:es:Budapest#section:llegar/transporte-publico/entradas-y-pases:c2"", ""wv:en:Budapest#transport:tram-60-cogwheel-railway"", ""wv:es:Budapest#section:llegar/transporte-publico/entradas-y-pases:c1"", ""wv:es:Budapest#section:llegar/transporte-publico/metro:c1"", ""wp:en:31148640#s6-c1"", ""wv:en:Budapest#section:get-around/public-transport/tram:c1"", ""wv:en:Budapest#section:get-around/public-transport/metro:c1"", ""wv:es:Budapest#section:seguridad/trampas-para-turistas:c1""]"
qdrant,1024,warm,funicular,52.0,23.2,75.2,"[""wv:en:Budapest/Budavár#section:get-in/by-funicular:c1"", ""wv:es:Budapest#transport:funicular-del-castillo-buda"", ""wv:en:Budapest#transport:buda-castle-funicular"", ""wv:en:Budapest/Budavár#section:get-in:c1"", ""tour:budapest:luna-buda-castle"", ""wp:en:2994351#s40-c1"", ""wv:en:Budapest/Hegyvidék#section:get-in/buses:c1"", ""wv:en:Budapest/Víziváros#see:buda-castle-tunnel"", ""wp:en:2994351#s53-c1"", ""tour:budapest:go-zeppelin-buda-castle""]"
qdrant,1024,warm,escape-room,52.9,18.6,71.5,"[""wv:en:Budapest/Erzsébetváros#do:play-escape-room"", ""wv:en:Budapest/Városliget#do:prizone-escape"", ""wv:en:Budapest/Zugló#do:parahotel"", ""wv:en:Budapest/Kőbánya#do:pirate-cave"", ""wv:en:Budapest/Csepel#do:trap-factory"", ""wv:en:Budapest/Kőbánya#do:rage-room-budapest"", ""wp:en:2994351#s34-c1"", ""wv:en:Budapest/Óbuda#do:brainmaze"", ""wp:en:2994351#s65-c1"", ""wp:en:2994351#s32-c1""]"
qdrant,1024,warm,vegan,74.0,16.8,90.8,"[""wv:en:Budapest#section:eat/vegetarian-vegan:c1"", ""wv:es:Budapest#section:comer/vegetariano-vegano:c1"", ""wv:en:Budapest/Víziváros#eat:edeni-vegan"", ""osm:node/4585086090"", ""osm:node/5770690057"", ""wv:en:Budapest/Víziváros#eat:edeni-vegan-restaurant"", ""wv:en:Budapest/Belváros#eat:govinda-restaurants"", ""wv:en:Budapest/Aquincum#eat:govinda-csillaghegy"", ""osm:node/5528143821"", ""osm:node/1918883383""]"
qdrant,1024,warm,new-york-cafe,72.7,23.5,96.2,"[""wv:en:Budapest#section:eat/coffee-houses:c1"", ""wv:en:Budapest/Terézváros#eat:sugarshop"", ""osm:node/5474855522"", ""wv:es:Budapest#section:comer/cafeterias:c1"", ""wv:en:Budapest/Erzsébetváros#eat:new-york-cafe"", ""osm:node/9082621846"", ""osm:node/13680999181"", ""osm:node/5387347771"", ""osm:node/692977110"", ""osm:node/1573205258""]"
qdrant,1024,warm,national-museum,72.3,18.1,90.4,"[""wp:en:7799944#s0-c1"", ""wv:en:Budapest/Erzsébetváros#see:hungarian-national-museum"", ""wv:en:Budapest/Józsefváros#see:national-museum"", ""wp:en:35457863#s2-c1"", ""wp:en:7799944#s1-c1"", ""wp:en:7799944#s2-c1"", ""wp:en:7799944#s3-c1"", ""wp:en:12058019#s0-c1"", ""wv:en:Budapest/Budavár#see:hungarian-national-gallery"", ""wp:en:7799944#s1-c2""]"
qdrant,1024,warm,zoo,82.5,28.4,110.8,"[""wv:en:Budapest/Csepel#eat:arany-pancake-shop-and-pub"", ""osm:node/4079894508"", ""osm:way/25281026"", ""osm:way/906696800"", ""wv:en:Budapest/South Buda#eat:becsiszelet-restaurant"", ""wv:en:Budapest/Angyalföld#do:oko-playground"", ""wv:en:Budapest/Kőbánya#do:pirate-cave"", ""wv:en:Budapest/Csepel#eat:nadfedeles-csarda"", ""osm:way/1054346248"", ""wv:en:Budapest/South Pest#drink:nyalifali""]"
qdrant,1024,warm,margaret-island,51.3,18.6,69.9,"[""wp:en:20947490#s0-c1"", ""wp:en:20947490#s1-c1"", ""wv:en:Budapest/Aquincum#do:obuda-island"", ""wv:en:Budapest/Belváros#see:danube-promenade"", ""wp:en:9033099#s0-c1"", ""wv:en:Budapest/Angyalföld#do:people-island"", ""osm:relation/21179013"", ""wv:en:Budapest/Kőbánya#do:people-s-park"", ""wv:en:Budapest/Budavár#do:europe-park"", ""wv:en:Budapest/South Buda#do:independent-park""]"
qdrant,1024,warm,climate-october,51.7,23.0,74.6,"[""om:climate:budapest:10"", ""om:climate:budapest:11"", ""wv:en:Budapest#section:understand/climate:c1"", ""wv:es:Budapest#section:comprender/clima:c1"", ""om:climate:budapest:09"", ""om:climate:budapest:08"", ""om:climate:budapest:04"", ""wv:en:Budapest#practical:finland"", ""wv:en:Budapest#practical:sweden"", ""osm:way/57716766""]"
qdrant,1024,warm,clima-enero-es,80.7,20.2,100.9,"[""om:climate:budapest:01"", ""om:climate:budapest:02"", ""osm:way/166167091"", ""wv:en:Budapest/North Buda#see:ruins-of-pauline-monastery"", ""wv:en:Budapest/South Buda#see:kelenfold-bus-depot"", ""osm:way/166167074"", ""om:climate:budapest:12"", ""osm:way/166167090"", ""wv:en:Budapest/South Buda#do:kopaszi-dam"", ""wv:en:Budapest/Terézváros#see:anker-palace""]"
qdrant,1024,warm,baths-buda,51.2,18.4,69.6,"[""wv:en:Budapest/North Buda#do:thermal-bath-szent-lukacs"", ""wv:en:Budapest/South Buda#do:gellert-baths"", ""wv:en:Budapest#section:do/thermal-baths:c1"", ""wv:en:Budapest/Víziváros#do:rudas-thermal-bath"", ""wv:es:Budapest#section:hacer/banos-termales:c1"", ""wv:en:Budapest#section:do/thermal-baths/modern-baths:c1"", ""wp:en:1672696#s0-c1"", ""wv:en:Budapest#section:do/thermal-baths/traditional-public-baths:c1"", ""wp:en:35313365#s0-c2"", ""wv:en:Budapest/Városliget#do:szechenyi-thermal-bath""]"
qdrant,1024,warm,baths-buda-es,54.5,28.1,82.6,"[""wv:es:Budapest#section:hacer/banos-termales:c1"", ""wv:en:Budapest/South Buda#do:gellert-baths"", ""wv:en:Budapest/North Buda#do:thermal-bath-szent-lukacs"", ""wv:es:Budapest#section:hacer/banos-termales/banos-publicos-tradicionales/banos-modernos:c1"", ""wv:en:Budapest#section:do/thermal-baths:c1"", ""wv:en:Budapest#section:do/thermal-baths/modern-baths:c1"", ""wv:en:Budapest/Víziváros#do:rudas-thermal-bath"", ""wp:en:35313365#s0-c2"", ""wp:en:1672696#s0-c1"", ""wv:es:Budapest#section:hacer/banos-termales/banos-publicos-tradicionales:c1""]"
qdrant,1024,warm,szechenyi,51.5,23.9,75.4,"[""wp:en:2613263#s1-c1"", ""wv:en:Budapest/Városliget#do:szechenyi-thermal-bath"", ""wp:en:2613263#s0-c1"", ""wv:en:Budapest/Városliget#section:do/leisure:c1"", ""wp:en:35313365#s0-c2"", ""wv:en:Budapest/Aquincum#do:csillaghegy-arpad-bath"", ""wv:en:Budapest#section:do/thermal-baths:c1"", ""wv:en:Budapest/Erzsébetváros#see:hungaria-bath"", ""wp:en:35313365#s0-c1"", ""wv:en:Budapest/Belváros#do:park-of-szechenyi-istvan-ter""]"
qdrant,1024,warm,szechenyi-plain,53.4,18.1,71.6,"[""wp:en:2613263#s2-c1"", ""wv:en:Budapest/East Pest#do:szentmihaly-swimming-pool"", ""wv:en:Budapest/Városliget#do:szechenyi-thermal-bath"", ""wv:en:Budapest/East Pest#do:erzsebetliget-swimming-pool"", ""wv:en:Budapest/Zugló#do:bvsc-swimming-pool"", ""wv:en:Budapest/Kőbánya#do:ujhegy-swimming-pool-and-bath"", ""wv:en:Budapest/East Pest#do:ujlak-swimming-pool"", ""wp:en:2613263#s1-c1"", ""wv:en:Budapest/Aquincum#do:szedruskert-training-pool"", ""wv:en:Budapest/Zugló#do:paskal-thermal-bath""]"
qdrant,1024,warm,ruin-bars,55.1,24.7,79.8,"[""osm:node/3283497736"", ""wv:en:Budapest/Erzsébetváros#section:drink:c1"", ""osm:node/3134154429"", ""wv:en:Budapest/Belváros#section:drink:c1"", ""tour:budapest:go-zeppelin-jewish-quarter"", ""wv:en:Budapest/South Buda#drink:avar-pub"", ""osm:node/9084818345"", ""osm:node/2188749318"", ""wv:en:Budapest/East Pest#drink:kispipa-pub"", ""wv:en:Budapest/Aquincum#drink:miamor-romaim""]"
qdrant,1024,warm,parliament,54.5,21.6,76.1,"[""wv:en:Budapest/Belváros#see:parliament"", ""wv:en:Budapest/Belváros#section:see/the-parliament:c1"", ""wv:en:Budapest/Józsefváros#see:former-house-of-parliament"", ""wv:en:Budapest/Belváros#see:ethnographic-museum"", ""wv:es:Budapest#section:ver:c1"", ""wv:en:Budapest/Hegyvidék#do:budapest-congress-center"", ""wv:en:Budapest#section:see:c3"", ""wv:en:Budapest/Józsefváros#see:national-museum"", ""wp:en:1438363#s0-c1"", ""wv:en:Budapest#section:see:c5""]"
qdrant,1024,warm,free-walking-tour,53.0,23.0,75.9,"[""tour:budapest:by-locals-pest-english"", ""tour:budapest:go-zeppelin-best-of-budapest"", ""tour:budapest:trip-to-budapest-pest"", ""tour:budapest:luna-pest-downtown"", ""tour:budapest:trip-to-budapest-art-nouveau"", ""tour:budapest:go-zeppelin-buda-castle"", ""tour:budapest:by-locals-pest-spanish"", ""wv:en:Budapest#section:do:c1"", ""tour:budapest:trip-to-budapest-buda-castle"", ""tour:budapest:trip-to-budapest-jewish-district""]"
qdrant,1024,warm,free-tour-es,72.3,18.6,90.9,"[""tour:budapest:by-locals-pest-spanish"", ""tour:budapest:trip-to-budapest-pest"", ""tour:budapest:by-locals-pest-english"", ""tour:budapest:go-zeppelin-best-of-budapest"", ""tour:budapest:luna-pest-downtown"", ""tour:budapest:trip-to-budapest-buda-castle"", ""wv:en:Budapest#section:do:c1"", ""tour:budapest:trip-to-budapest-art-nouveau"", ""tour:budapest:trip-to-budapest-jewish-district"", ""tour:budapest:go-zeppelin-buda-castle""]"
qdrant,1024,warm,jewish-quarter-tour,56.2,21.1,77.3,"[""tour:budapest:go-zeppelin-jewish-quarter"", ""tour:budapest:trip-to-budapest-jewish-district"", ""wv:en:Budapest/Erzsébetváros#section:understand/jewish-quarter:c1"", ""wp:en:7706391#s9-c1"", ""wp:en:35457863#s0-c1"", ""wv:en:Budapest/Budavár#see:medieval-jewish-prayer-house"", ""wp:en:7706391#s7-c1"", ""tour:budapest:trip-to-budapest-communism"", ""wp:en:39684758#s0-c1"", ""tour:budapest:go-zeppelin-buda-castle""]"
qdrant,1024,warm,danube-cruise,53.0,22.2,75.2,"[""wv:en:Budapest/Belváros#do:cruising-and-eating"", ""wv:en:Budapest/South Buda#section:drink/clubs-bars:c1"", ""wv:en:Budapest/Belváros#do:boat-trip-to-margaret-island"", ""wv:en:Budapest/Belváros#see:danube-promenade"", ""wp:en:9033099#s0-c1"", ""wv:en:Budapest/Belváros#see:kossuth-museumship"", ""wv:en:Budapest#section:eat/restaurants:c2"", ""wv:en:Budapest#do:hungaria-koncert"", ""wv:en:Budapest/Belváros#drink:wine-tasting-on-boat"", ""wv:en:Budapest#do:firework-above-danube-river""]"
qdrant,1024,warm,cave-tour,51.4,24.0,75.4,"[""wv:en:Budapest/North Buda#do:szemlo-hill-cave"", ""wv:en:Budapest/North Buda#do:palvolgy-cave"", ""osm:node/3302791818"", ""wv:en:Budapest/North Buda#do:molnar-janos-cave"", ""wv:en:Budapest/North Buda#do:matyas-hegyi-cave"", ""wv:en:Budapest/Hegyvidék#do:buda-protected-landscape-area"", ""tour:budapest:trip-to-budapest-buda-castle"", ""wv:en:Budapest/Óbuda#see:tabor-hegyi-cave"", ""wp:en:2994351#s72-c1"", ""wv:en:Budapest#section:do/caving:c1""]"
qdrant,1024,warm,bike-tour,55.8,21.8,77.6,"[""tour:budapest:by-locals-pest-english"", ""tour:budapest:go-zeppelin-best-of-budapest"", ""tour:budapest:luna-pest-downtown"", ""tour:budapest:trip-to-budapest-pest"", ""tour:budapest:by-locals-pest-spanish"", ""tour:budapest:go-zeppelin-buda-castle"", ""tour:budapest:trip-to-budapest-jewish-district"", ""tour:budapest:trip-to-budapest-buda-castle"", ""wv:en:Budapest#section:do:c1"", ""wv:en:Budapest#transport:yellow-zebra-bike""]"
qdrant,1024,warm,fishermans-bastion,71.8,22.8,94.7,"[""wp:en:3733065#s7-c1"", ""wp:en:3733065#s6-c1"", ""wp:en:3733065#s4-c1"", ""wp:en:3733065#s3-c2"", ""wv:en:Budapest/Budavár#see:fisherman-s-bastion"", ""wp:en:3733065#s3-c1"", ""wp:en:3733065#s1-c1"", ""wp:en:3733065#s9-c1"", ""wp:en:3733065#s0-c1"", ""wp:en:3733065#s14-c1""]"
qdrant,1024,warm,market-hall,54.2,22.6,76.8,"[""wv:en:Budapest/Ferencváros#do:great-market-hall"", ""wp:en:6155085#s1-c2"", ""wp:en:6155085#s0-c1"", ""wp:en:6155085#s1-c1"", ""wv:en:Budapest/Belváros#do:market-hall"", ""wv:en:Budapest/Ferencváros#see:grand-market-area"", ""wv:en:Budapest/Angyalföld#do:lehel-market-hall"", ""wv:en:Budapest/Józsefváros#do:rakoczi-square-market-hall"", ""wp:en:63518001#s0-c1"", ""wv:en:Budapest/Víziváros#do:batthyany-square-market-hall""]"
qdrant,1024,warm,opera,53.8,27.4,81.2,"[""wv:en:Budapest/Terézváros#do:state-opera-or-hungarian-state-opera-house"", ""wv:en:Budapest/Terézváros#see:state-opera-house"", ""wp:en:1438363#s0-c1"", ""wp:en:1438363#s2-c1"", ""wp:en:1438363#s3-c1"", ""wp:en:1438363#s1-c1"", ""wp:en:1438363#s4-c1"", ""wv:en:Budapest/Terézváros#do:budapest-operetta-theatre"", ""wv:en:Budapest/Angyalföld#do:open-air-theatre"", ""wv:en:Budapest/South Pest#do:sari-fedak-theatre""]"
qdrant,1024,warm,memento-park,50.5,21.2,71.8,"[""wv:en:Budapest/South Buda#see:memento-park"", ""tour:budapest:trip-to-budapest-communism"", ""wv:en:Budapest/Aquincum#see:graphisoft-park"", ""wv:en:Budapest/Kőbánya#do:tchaikovsky-park"", ""osm:way/83186847"", ""wp:en:8362709#s1-c1"", ""osm:way/469218807"", ""wv:en:Budapest/Belváros#do:park-of-szechenyi-istvan-ter"", ""osm:way/365216106"", ""wv:en:Budapest/North Buda#see:millenaris-park""]"
qdrant,1024,warm,hospital-rock,72.6,21.8,94.4,"[""wp:en:75078576#s0-c1"", ""wp:en:44810974#s0-c1"", ""wv:en:Budapest/Budavár#see:hospital-in-the-rock-nuclear-bunker-museum"", ""wv:en:Budapest/Belváros#see:f4-object"", ""wp:en:44810974#s6-c1"", ""wv:en:Budapest/South Buda#see:cave-house-museum"", ""wv:en:Budapest/Kőbánya#see:central-museum-of-disaster-management"", ""wp:en:44810974#s3-c1"", ""wp:en:75078576#s1-c1"", ""wp:en:2994351#s21-c1""]"
qdrant,1024,warm,shoes-memorial,53.5,21.2,74.7,"[""wp:en:9052076#s0-c1"", ""wp:en:9052076#s1-c1"", ""wv:en:Budapest/Belváros#see:shoes-on-the-danube-memorial"", ""wp:en:9052076#s3-c1"", ""wp:en:7706391#s10-c1"", ""wp:en:9052076#s4-c1"", ""wv:en:Budapest/Ferencváros#see:holocaust-memorial-center"", ""wp:en:39684758#s0-c1"", ""osm:node/13390812109"", ""osm:node/12296868961""]"
qdrant,1024,warm,heroes-square,48.2,18.1,66.3,"[""osm:relation/7108327"", ""osm:relation/6411893"", ""wp:en:2254072#s0-c1"", ""wv:en:Budapest#section:see:c4"", ""wv:en:Budapest/Terézváros#section:understand:c1"", ""wv:en:Budapest/Budavár#see:homeland-defence-headquarter"", ""wv:en:Budapest/Víziváros#section:see/vizivaros/around-adam-clark-square-clark-adam-ter:c1"", ""wv:en:Budapest/Budavár#see:castle-chapel"", ""wv:en:Budapest/Víziváros#see:castle-garden-kiosk-ybl-buda-creative-house"", ""wv:en:Budapest#section:see:c2""]"
qdrant,1024,warm,aquincum,72.3,23.1,95.4,"[""wv:en:Budapest/Óbuda#see:thermae-maiores"", ""wv:en:Budapest/Óbuda#see:hercules-villa"", ""wv:en:Budapest/Óbuda#see:cella-trichora"", ""wv:en:Budapest/Aquincum#see:aquincum-museum-and-archaeological-park"", ""wp:en:78012312#s0-c1"", ""wv:en:Budapest/Józsefváros#see:museum-of-funeral"", ""wv:en:Budapest/Óbuda#see:porta-principalis-dextra"", ""wv:en:Budapest/Budavár#see:castle-museum"", ""wv:en:Budapest/Óbuda#see:aquincum-military-amphitheatre"", ""osm:node/3884465506""]"
qdrant,1024,warm,airport-to-centre,59.0,18.3,77.3,"[""wv:en:Budapest#section:get-in/by-plane:c2"", ""wv:es:Budapest#section:llegar/en-avion:c3"", ""wv:es:Budapest#section:llegar/en-avion:c4"", ""wv:en:Budapest#section:get-in/by-plane:c1"", ""wv:en:Budapest#section:get-around/public-transport:c2"", ""wv:en:Budapest/Hegyvidék#section:get-in/other-transport-modes:c1"", ""wv:es:Budapest#section:llegar/en-avion:c1"", ""wv:es:Budapest#section:llegar/transporte-publico:c2"", ""wp:en:56138927#s17-c1"", ""wv:en:Budapest/Hegyvidék#section:get-in:c1""]"
qdrant,1024,warm,airport-es,54.7,23.4,78.1,"[""wv:es:Budapest#section:llegar/en-avion:c3"", ""wv:es:Budapest#section:llegar/en-avion:c4"", ""wv:es:Budapest#section:llegar/en-avion:c1"", ""wv:en:Budapest#section:get-in/by-plane:c2"", ""wv:es:Budapest#section:llegar/transporte-publico:c2"", ""wv:es:Budapest#section:llegar/en-bus:c1"", ""wv:en:Budapest#section:get-around/public-transport:c2"", ""wv:es:Budapest#section:llegar/transporte-publico/otro:c1"", ""wv:en:Budapest#section:get-in/by-plane:c1"", ""wv:es:Budapest#section:llegar/en-avion:c2""]"
qdrant,1024,warm,public-transport,56.7,23.0,79.7,"[""wv:en:Budapest#section:get-around/public-transport/tickets-and-passes:c1"", ""wv:en:Budapest#section:get-around/public-transport/tickets-and-passes:c2"", ""wv:es:Budapest#section:llegar/transporte-publico/entradas-y-pases:c2"", ""wv:en:Budapest#transport:tram-60-cogwheel-railway"", ""wv:es:Budapest#section:llegar/transporte-publico/entradas-y-pases:c1"", ""wv:es:Budapest#section:llegar/transporte-publico/metro:c1"", ""wp:en:31148640#s6-c1"", ""wv:en:Budapest#section:get-around/public-transport/tram:c1"", ""wv:en:Budapest#section:get-around/public-transport/metro:c1"", ""wv:es:Budapest#section:seguridad/trampas-para-turistas:c1""]"
qdrant,1024,warm,funicular,50.2,22.1,72.3,"[""wv:en:Budapest/Budavár#section:get-in/by-funicular:c1"", ""wv:es:Budapest#transport:funicular-del-castillo-buda"", ""wv:en:Budapest#transport:buda-castle-funicular"", ""wv:en:Budapest/Budavár#section:get-in:c1"", ""tour:budapest:luna-buda-castle"", ""wp:en:2994351#s40-c1"", ""wv:en:Budapest/Hegyvidék#section:get-in/buses:c1"", ""wv:en:Budapest/Víziváros#see:buda-castle-tunnel"", ""wp:en:2994351#s53-c1"", ""tour:budapest:go-zeppelin-buda-castle""]"
qdrant,1024,warm,escape-room,81.1,17.6,98.7,"[""wv:en:Budapest/Erzsébetváros#do:play-escape-room"", ""wv:en:Budapest/Városliget#do:prizone-escape"", ""wv:en:Budapest/Zugló#do:parahotel"", ""wv:en:Budapest/Kőbánya#do:pirate-cave"", ""wv:en:Budapest/Csepel#do:trap-factory"", ""wv:en:Budapest/Kőbánya#do:rage-room-budapest"", ""wp:en:2994351#s34-c1"", ""wv:en:Budapest/Óbuda#do:brainmaze"", ""wp:en:2994351#s65-c1"", ""wp:en:2994351#s32-c1""]"
qdrant,1024,warm,vegan,79.6,22.2,101.8,"[""wv:en:Budapest#section:eat/vegetarian-vegan:c1"", ""wv:es:Budapest#section:comer/vegetariano-vegano:c1"", ""wv:en:Budapest/Víziváros#eat:edeni-vegan"", ""osm:node/4585086090"", ""osm:node/5770690057"", ""wv:en:Budapest/Víziváros#eat:edeni-vegan-restaurant"", ""wv:en:Budapest/Belváros#eat:govinda-restaurants"", ""wv:en:Budapest/Aquincum#eat:govinda-csillaghegy"", ""osm:node/5528143821"", ""osm:node/1918883383""]"
qdrant,1024,warm,new-york-cafe,88.7,16.8,105.5,"[""wv:en:Budapest#section:eat/coffee-houses:c1"", ""wv:en:Budapest/Terézváros#eat:sugarshop"", ""osm:node/5474855522"", ""wv:es:Budapest#section:comer/cafeterias:c1"", ""wv:en:Budapest/Erzsébetváros#eat:new-york-cafe"", ""osm:node/9082621846"", ""osm:node/13680999181"", ""osm:node/5387347771"", ""osm:node/692977110"", ""osm:node/1573205258""]"
qdrant,1024,warm,national-museum,76.6,23.4,100.0,"[""wp:en:7799944#s0-c1"", ""wv:en:Budapest/Erzsébetváros#see:hungarian-national-museum"", ""wv:en:Budapest/Józsefváros#see:national-museum"", ""wp:en:35457863#s2-c1"", ""wp:en:7799944#s1-c1"", ""wp:en:7799944#s2-c1"", ""wp:en:7799944#s3-c1"", ""wp:en:12058019#s0-c1"", ""wv:en:Budapest/Budavár#see:hungarian-national-gallery"", ""wp:en:7799944#s1-c2""]"
qdrant,1024,warm,zoo,75.5,18.1,93.6,"[""wv:en:Budapest/Csepel#eat:arany-pancake-shop-and-pub"", ""osm:node/4079894508"", ""osm:way/25281026"", ""osm:way/906696800"", ""wv:en:Budapest/South Buda#eat:becsiszelet-restaurant"", ""wv:en:Budapest/Angyalföld#do:oko-playground"", ""wv:en:Budapest/Kőbánya#do:pirate-cave"", ""wv:en:Budapest/Csepel#eat:nadfedeles-csarda"", ""osm:way/1054346248"", ""wv:en:Budapest/South Pest#drink:nyalifali""]"
qdrant,1024,warm,margaret-island,71.3,16.7,88.0,"[""wp:en:20947490#s0-c1"", ""wp:en:20947490#s1-c1"", ""wv:en:Budapest/Aquincum#do:obuda-island"", ""wv:en:Budapest/Belváros#see:danube-promenade"", ""wp:en:9033099#s0-c1"", ""wv:en:Budapest/Angyalföld#do:people-island"", ""osm:relation/21179013"", ""wv:en:Budapest/Kőbánya#do:people-s-park"", ""wv:en:Budapest/Budavár#do:europe-park"", ""wv:en:Budapest/South Buda#do:independent-park""]"
qdrant,1024,warm,climate-october,56.3,18.0,74.3,"[""om:climate:budapest:10"", ""om:climate:budapest:11"", ""wv:en:Budapest#section:understand/climate:c1"", ""wv:es:Budapest#section:comprender/clima:c1"", ""om:climate:budapest:09"", ""om:climate:budapest:08"", ""om:climate:budapest:04"", ""wv:en:Budapest#practical:finland"", ""wv:en:Budapest#practical:sweden"", ""osm:way/57716766""]"
qdrant,1024,warm,clima-enero-es,53.3,23.2,76.5,"[""om:climate:budapest:01"", ""om:climate:budapest:02"", ""osm:way/166167091"", ""wv:en:Budapest/North Buda#see:ruins-of-pauline-monastery"", ""wv:en:Budapest/South Buda#see:kelenfold-bus-depot"", ""osm:way/166167074"", ""om:climate:budapest:12"", ""osm:way/166167090"", ""wv:en:Budapest/South Buda#do:kopaszi-dam"", ""wv:en:Budapest/Terézváros#see:anker-palace""]"
s3vectors,1024,cold,baths-buda,98.9,287.9,386.8,"[""wv:en:Budapest/North Buda#do:thermal-bath-szent-lukacs"", ""wv:en:Budapest/South Buda#do:gellert-baths"", ""wv:en:Budapest#section:do/thermal-baths:c1"", ""wv:en:Budapest/Víziváros#do:rudas-thermal-bath"", ""wv:es:Budapest#section:hacer/banos-termales:c1"", ""wv:en:Budapest#section:do/thermal-baths/modern-baths:c1"", ""wp:en:1672696#s0-c1"", ""wv:en:Budapest#section:do/thermal-baths/traditional-public-baths:c1"", ""wp:en:35313365#s0-c2"", ""wv:en:Budapest/Városliget#do:szechenyi-thermal-bath""]"
s3vectors,1024,warm,baths-buda,78.2,67.3,145.5,"[""wv:en:Budapest/North Buda#do:thermal-bath-szent-lukacs"", ""wv:en:Budapest/South Buda#do:gellert-baths"", ""wv:en:Budapest#section:do/thermal-baths:c1"", ""wv:en:Budapest/Víziváros#do:rudas-thermal-bath"", ""wv:es:Budapest#section:hacer/banos-termales:c1"", ""wv:en:Budapest#section:do/thermal-baths/modern-baths:c1"", ""wp:en:1672696#s0-c1"", ""wv:en:Budapest#section:do/thermal-baths/traditional-public-baths:c1"", ""wp:en:35313365#s0-c2"", ""wv:en:Budapest/Városliget#do:szechenyi-thermal-bath""]"
s3vectors,1024,warm,baths-buda-es,79.2,66.4,145.6,"[""wv:es:Budapest#section:hacer/banos-termales:c1"", ""wv:en:Budapest/South Buda#do:gellert-baths"", ""wv:en:Budapest/North Buda#do:thermal-bath-szent-lukacs"", ""wv:es:Budapest#section:hacer/banos-termales/banos-publicos-tradicionales/banos-modernos:c1"", ""wv:en:Budapest#section:do/thermal-baths:c1"", ""wv:en:Budapest#section:do/thermal-baths/modern-baths:c1"", ""wv:en:Budapest/Víziváros#do:rudas-thermal-bath"", ""wp:en:35313365#s0-c2"", ""wp:en:1672696#s0-c1"", ""wv:es:Budapest#section:hacer/banos-termales/banos-publicos-tradicionales:c1""]"
s3vectors,1024,warm,szechenyi,72.8,247.0,319.8,"[""wp:en:2613263#s1-c1"", ""wv:en:Budapest/Városliget#do:szechenyi-thermal-bath"", ""wp:en:2613263#s0-c1"", ""wv:en:Budapest/Városliget#section:do/leisure:c1"", ""wp:en:35313365#s0-c2"", ""wv:en:Budapest/Aquincum#do:csillaghegy-arpad-bath"", ""wv:en:Budapest#section:do/thermal-baths:c1"", ""wv:en:Budapest/Erzsébetváros#see:hungaria-bath"", ""wp:en:35313365#s0-c1"", ""wv:en:Budapest/Belváros#do:park-of-szechenyi-istvan-ter""]"
s3vectors,1024,warm,szechenyi-plain,72.0,141.4,213.5,"[""wp:en:2613263#s2-c1"", ""wv:en:Budapest/East Pest#do:szentmihaly-swimming-pool"", ""wv:en:Budapest/Városliget#do:szechenyi-thermal-bath"", ""wv:en:Budapest/East Pest#do:erzsebetliget-swimming-pool"", ""wv:en:Budapest/Zugló#do:bvsc-swimming-pool"", ""wv:en:Budapest/Kőbánya#do:ujhegy-swimming-pool-and-bath"", ""wv:en:Budapest/East Pest#do:ujlak-swimming-pool"", ""wp:en:2613263#s1-c1"", ""wv:en:Budapest/Aquincum#do:szedruskert-training-pool"", ""wv:en:Budapest/Zugló#do:paskal-thermal-bath""]"
s3vectors,1024,warm,ruin-bars,72.4,212.9,285.4,"[""wv:en:Budapest/Erzsébetváros#section:understand/jewish-quarter:c1"", ""osm:node/3283497736"", ""wv:en:Budapest/Erzsébetváros#section:drink:c1"", ""osm:node/3134154429"", ""wv:en:Budapest/Belváros#section:drink:c1"", ""tour:budapest:go-zeppelin-jewish-quarter"", ""wv:en:Budapest/South Buda#drink:avar-pub"", ""wp:en:7706391#s9-c1"", ""osm:node/9084818345"", ""wv:en:Budapest/East Pest#drink:kispipa-pub""]"
s3vectors,1024,warm,parliament,72.8,151.0,223.8,"[""wv:en:Budapest/Belváros#see:parliament"", ""wv:en:Budapest/Belváros#section:see/the-parliament:c1"", ""wv:en:Budapest/Józsefváros#see:former-house-of-parliament"", ""wv:en:Budapest/Belváros#see:ethnographic-museum"", ""wv:es:Budapest#section:ver:c1"", ""wv:en:Budapest/Hegyvidék#do:budapest-congress-center"", ""wv:en:Budapest#section:see:c3"", ""wv:en:Budapest/Józsefváros#see:national-museum"", ""osm:node/10010248985"", ""wp:en:1438363#s0-c1""]"
s3vectors,1024,warm,free-walking-tour,73.0,152.3,225.3,"[""tour:budapest:by-locals-pest-english"", ""tour:budapest:go-zeppelin-best-of-budapest"", ""tour:budapest:trip-to-budapest-pest"", ""tour:budapest:luna-pest-downtown"", ""tour:budapest:trip-to-budapest-art-nouveau"", ""tour:budapest:go-zeppelin-buda-castle"", ""tour:budapest:by-locals-pest-spanish"", ""wv:en:Budapest#section:do:c1"", ""tour:budapest:trip-to-budapest-buda-castle"", ""tour:budapest:trip-to-budapest-jewish-district""]"
s3vectors,1024,warm,free-tour-es,75.2,63.5,138.7,"[""tour:budapest:by-locals-pest-spanish"", ""tour:budapest:trip-to-budapest-pest"", ""tour:budapest:by-locals-pest-english"", ""tour:budapest:go-zeppelin-best-of-budapest"", ""tour:budapest:luna-pest-downtown"", ""tour:budapest:trip-to-budapest-buda-castle"", ""wv:en:Budapest#section:do:c1"", ""tour:budapest:trip-to-budapest-art-nouveau"", ""tour:budapest:trip-to-budapest-jewish-district"", ""tour:budapest:go-zeppelin-buda-castle""]"
s3vectors,1024,warm,jewish-quarter-tour,71.4,150.1,221.5,"[""tour:budapest:go-zeppelin-jewish-quarter"", ""tour:budapest:trip-to-budapest-jewish-district"", ""wv:en:Budapest/Erzsébetváros#section:understand/jewish-quarter:c1"", ""wp:en:35457863#s0-c1"", ""wv:en:Budapest/Budavár#see:medieval-jewish-prayer-house"", ""wp:en:7706391#s7-c1"", ""tour:budapest:trip-to-budapest-communism"", ""wp:en:39684758#s0-c1"", ""tour:budapest:go-zeppelin-buda-castle"", ""wv:en:Budapest/Kőbánya#see:jewish-cemetery""]"
s3vectors,1024,warm,danube-cruise,72.4,97.4,169.7,"[""wv:en:Budapest/Belváros#do:cruising-and-eating"", ""wv:en:Budapest/South Buda#section:drink/clubs-bars:c1"", ""wv:en:Budapest/Belváros#do:boat-trip-to-margaret-island"", ""wv:en:Budapest/Belváros#see:danube-promenade"", ""wp:en:9033099#s0-c1"", ""wv:en:Budapest#section:eat/restaurants:c2"", ""wv:en:Budapest#do:hungaria-koncert"", ""wv:en:Budapest/Belváros#drink:wine-tasting-on-boat"", ""wv:en:Budapest#do:firework-above-danube-river"", ""wv:en:Budapest#transport:boat""]"
s3vectors,1024,warm,cave-tour,70.0,95.8,165.9,"[""wv:en:Budapest/North Buda#do:szemlo-hill-cave"", ""wv:en:Budapest/North Buda#do:palvolgy-cave"", ""wv:en:Budapest/North Buda#do:molnar-janos-cave"", ""wv:en:Budapest/North Buda#do:matyas-hegyi-cave"", ""wv:en:Budapest/Hegyvidék#do:buda-protected-landscape-area"", ""tour:budapest:trip-to-budapest-buda-castle"", ""wv:en:Budapest/Óbuda#see:tabor-hegyi-cave"", ""wv:en:Budapest#section:do/caving:c1"", ""tour:budapest:luna-buda-castle"", ""wp:en:2994351#s71-c1""]"
s3vectors,1024,warm,bike-tour,73.4,192.0,265.4,"[""tour:budapest:by-locals-pest-english"", ""tour:budapest:go-zeppelin-best-of-budapest"", ""tour:budapest:luna-pest-downtown"", ""tour:budapest:trip-to-budapest-pest"", ""tour:budapest:by-locals-pest-spanish"", ""tour:budapest:go-zeppelin-buda-castle"", ""tour:budapest:trip-to-budapest-jewish-district"", ""tour:budapest:trip-to-budapest-buda-castle"", ""wv:en:Budapest#section:do:c1"", ""wv:en:Budapest#transport:yellow-zebra-bike""]"
s3vectors,1024,warm,fishermans-bastion,83.0,154.0,236.9,"[""wp:en:3733065#s7-c1"", ""wp:en:3733065#s6-c1"", ""wp:en:3733065#s4-c1"", ""wp:en:3733065#s3-c2"", ""wv:en:Budapest/Budavár#see:fisherman-s-bastion"", ""wp:en:3733065#s3-c1"", ""wp:en:3733065#s1-c1"", ""wp:en:3733065#s9-c1"", ""wp:en:3733065#s0-c1"", ""wp:en:3733065#s14-c1""]"
s3vectors,1024,warm,market-hall,74.8,195.6,270.5,"[""wv:en:Budapest/Ferencváros#do:great-market-hall"", ""wp:en:6155085#s1-c2"", ""wp:en:6155085#s0-c1"", ""wp:en:6155085#s1-c1"", ""osm:node/1160266661"", ""wv:en:Budapest/Belváros#do:market-hall"", ""wv:en:Budapest/Ferencváros#see:grand-market-area"", ""wv:en:Budapest/Angyalföld#do:lehel-market-hall"", ""wv:en:Budapest/Józsefváros#do:rakoczi-square-market-hall"", ""osm:node/3588514314""]"
s3vectors,1024,warm,opera,73.4,139.8,213.2,"[""wv:en:Budapest/Terézváros#do:state-opera-or-hungarian-state-opera-house"", ""wv:en:Budapest/Terézváros#see:state-opera-house"", ""wp:en:1438363#s0-c1"", ""wp:en:1438363#s2-c1"", ""wp:en:1438363#s3-c1"", ""wp:en:1438363#s1-c1"", ""wp:en:1438363#s4-c1"", ""wv:en:Budapest/Terézváros#do:budapest-operetta-theatre"", ""wv:en:Budapest/Angyalföld#do:open-air-theatre"", ""wv:en:Budapest/South Pest#do:sari-fedak-theatre""]"
s3vectors,1024,warm,memento-park,76.9,243.8,320.7,"[""wv:en:Budapest/South Buda#see:memento-park"", ""tour:budapest:trip-to-budapest-communism"", ""wv:en:Budapest/Aquincum#see:graphisoft-park"", ""wv:en:Budapest/Kőbánya#do:tchaikovsky-park"", ""osm:way/83186847"", ""wp:en:8362709#s1-c1"", ""osm:way/469218807"", ""wv:en:Budapest/Belváros#do:park-of-szechenyi-istvan-ter"", ""osm:way/365216106"", ""wv:en:Budapest/North Buda#see:millenaris-park""]"
s3vectors,1024,warm,hospital-rock,77.5,60.6,138.1,"[""wp:en:75078576#s0-c1"", ""wp:en:44810974#s0-c1"", ""wv:en:Budapest/Budavár#see:hospital-in-the-rock-nuclear-bunker-museum"", ""wv:en:Budapest/Belváros#see:f4-object"", ""wp:en:44810974#s6-c1"", ""wv:en:Budapest/South Buda#see:cave-house-museum"", ""wv:en:Budapest/Kőbánya#see:central-museum-of-disaster-management"", ""wp:en:44810974#s3-c1"", ""wp:en:75078576#s1-c1"", ""wp:en:2994351#s21-c1""]"
s3vectors,1024,warm,shoes-memorial,73.9,113.9,187.8,"[""wp:en:9052076#s0-c1"", ""wp:en:9052076#s1-c1"", ""wv:en:Budapest/Belváros#see:shoes-on-the-danube-memorial"", ""wp:en:9052076#s3-c1"", ""wp:en:7706391#s10-c1"", ""wp:en:9052076#s4-c1"", ""wv:en:Budapest/Ferencváros#see:holocaust-memorial-center"", ""wp:en:39684758#s0-c1"", ""osm:node/13390812109"", ""osm:node/12296868961""]"
s3vectors,1024,warm,heroes-square,72.8,145.4,218.2,"[""osm:relation/7108327"", ""osm:relation/6411893"", ""wp:en:2254072#s0-c1"", ""wv:en:Budapest#section:see:c4"", ""wv:en:Budapest/Terézváros#section:understand:c1"", ""wv:en:Budapest/Budavár#see:homeland-defence-headquarter"", ""wv:en:Budapest/Víziváros#section:see/vizivaros/around-adam-clark-square-clark-adam-ter:c1"", ""wv:en:Budapest/Budavár#see:castle-chapel"", ""wv:en:Budapest/Víziváros#see:castle-garden-kiosk-ybl-buda-creative-house"", ""wv:en:Budapest#section:see:c2""]"
s3vectors,1024,warm,aquincum,74.8,61.5,136.3,"[""wv:en:Budapest/Óbuda#see:thermae-maiores"", ""wv:en:Budapest/Óbuda#see:hercules-villa"", ""wv:en:Budapest/Óbuda#see:cella-trichora"", ""wv:en:Budapest/Aquincum#see:aquincum-museum-and-archaeological-park"", ""wp:en:78012312#s0-c1"", ""wv:en:Budapest/Józsefváros#see:museum-of-funeral"", ""wv:en:Budapest/Óbuda#see:porta-principalis-dextra"", ""wv:en:Budapest/Budavár#see:castle-museum"", ""wv:en:Budapest/Óbuda#see:aquincum-military-amphitheatre"", ""osm:node/3884465506""]"
s3vectors,1024,warm,airport-to-centre,83.2,150.4,233.6,"[""wv:en:Budapest#section:get-in/by-plane:c2"", ""wv:es:Budapest#section:llegar/en-avion:c3"", ""wv:es:Budapest#section:llegar/en-avion:c4"", ""wv:en:Budapest#section:get-in/by-plane:c1"", ""wv:en:Budapest#section:get-around/public-transport:c2"", ""wv:en:Budapest/Hegyvidék#section:get-in/other-transport-modes:c1"", ""wv:es:Budapest#section:llegar/en-avion:c1"", ""wv:es:Budapest#section:llegar/transporte-publico:c2"", ""wp:en:56138927#s17-c1"", ""wv:en:Budapest/Hegyvidék#section:get-in:c1""]"
s3vectors,1024,warm,airport-es,70.4,88.8,159.1,"[""wv:es:Budapest#section:llegar/en-avion:c3"", ""wv:es:Budapest#section:llegar/en-avion:c4"", ""wv:es:Budapest#section:llegar/en-avion:c1"", ""wv:en:Budapest#section:get-in/by-plane:c2"", ""wv:es:Budapest#section:llegar/transporte-publico:c2"", ""wv:es:Budapest#section:llegar/en-bus:c1"", ""wv:en:Budapest#section:get-around/public-transport:c2"", ""wv:es:Budapest#section:llegar/transporte-publico/otro:c1"", ""wv:en:Budapest#section:get-in/by-plane:c1"", ""wv:es:Budapest#section:llegar/en-avion:c2""]"
s3vectors,1024,warm,public-transport,74.7,92.2,166.9,"[""wv:en:Budapest#section:get-around/public-transport/tickets-and-passes:c1"", ""wv:en:Budapest#section:get-around/public-transport/tickets-and-passes:c2"", ""wv:es:Budapest#section:llegar/transporte-publico/entradas-y-pases:c2"", ""wv:en:Budapest#transport:tram-60-cogwheel-railway"", ""wv:es:Budapest#section:llegar/transporte-publico/entradas-y-pases:c1"", ""wv:es:Budapest#section:llegar/transporte-publico/metro:c1"", ""wp:en:31148640#s6-c1"", ""wv:en:Budapest#section:get-around/public-transport/tram:c1"", ""wv:en:Budapest#section:get-around/public-transport/metro:c1"", ""wv:es:Budapest#section:seguridad/trampas-para-turistas:c1""]"
s3vectors,1024,warm,funicular,69.1,65.0,134.1,"[""wv:en:Budapest/Budavár#section:get-in/by-funicular:c1"", ""wv:es:Budapest#transport:funicular-del-castillo-buda"", ""wv:en:Budapest#transport:buda-castle-funicular"", ""wv:en:Budapest/Budavár#section:get-in:c1"", ""tour:budapest:luna-buda-castle"", ""wp:en:2994351#s40-c1"", ""wv:en:Budapest/Hegyvidék#section:get-in/buses:c1"", ""wp:en:2994351#s53-c1"", ""wv:en:Budapest/Víziváros#see:buda-castle-tunnel"", ""tour:budapest:go-zeppelin-buda-castle""]"
s3vectors,1024,warm,escape-room,76.6,94.2,170.7,"[""wv:en:Budapest/Erzsébetváros#do:play-escape-room"", ""wv:en:Budapest/Városliget#do:prizone-escape"", ""wv:en:Budapest/Zugló#do:parahotel"", ""wv:en:Budapest/Kőbánya#do:pirate-cave"", ""wv:en:Budapest/Csepel#do:trap-factory"", ""wv:en:Budapest/Kőbánya#do:rage-room-budapest"", ""wp:en:2994351#s34-c1"", ""wv:en:Budapest/Óbuda#do:brainmaze"", ""wp:en:2994351#s65-c1"", ""wp:en:2994351#s32-c1""]"
s3vectors,1024,warm,vegan,76.9,85.2,162.1,"[""wv:en:Budapest#section:eat/vegetarian-vegan:c1"", ""wv:es:Budapest#section:comer/vegetariano-vegano:c1"", ""wv:en:Budapest/Víziváros#eat:edeni-vegan"", ""osm:node/4585086090"", ""osm:node/5770690057"", ""wv:en:Budapest/Víziváros#eat:edeni-vegan-restaurant"", ""wv:en:Budapest/Belváros#eat:govinda-restaurants"", ""wv:en:Budapest/Aquincum#eat:govinda-csillaghegy"", ""osm:node/5528143821"", ""osm:node/1918883383""]"
s3vectors,1024,warm,new-york-cafe,83.8,93.5,177.3,"[""wv:en:Budapest#section:eat/coffee-houses:c1"", ""wv:en:Budapest/Terézváros#eat:sugarshop"", ""osm:node/5474855522"", ""wv:es:Budapest#section:comer/cafeterias:c1"", ""wv:en:Budapest/Erzsébetváros#eat:new-york-cafe"", ""osm:node/9082621846"", ""osm:node/13680999181"", ""osm:node/5387347771"", ""osm:node/692977110"", ""osm:node/1573205258""]"
s3vectors,1024,warm,national-museum,80.1,98.9,179.0,"[""wp:en:7799944#s0-c1"", ""wv:en:Budapest/Erzsébetváros#see:hungarian-national-museum"", ""wv:en:Budapest/Józsefváros#see:national-museum"", ""wp:en:35457863#s2-c1"", ""wp:en:7799944#s1-c1"", ""wp:en:7799944#s2-c1"", ""wp:en:7799944#s3-c1"", ""wp:en:12058019#s0-c1"", ""wv:en:Budapest/Budavár#see:hungarian-national-gallery"", ""wp:en:7799944#s1-c2""]"
s3vectors,1024,warm,zoo,77.5,100.6,178.1,"[""wv:en:Budapest/Budavár#see:fountain-of-fishing-kids"", ""wv:en:Budapest/Csepel#eat:arany-pancake-shop-and-pub"", ""wv:en:Budapest/Hegyvidék#transport:children-s-railway"", ""osm:way/25281026"", ""osm:way/906696800"", ""wv:en:Budapest/South Buda#eat:becsiszelet-restaurant"", ""wv:en:Budapest/Angyalföld#do:oko-playground"", ""wv:en:Budapest/Kőbánya#do:family-center"", ""wv:en:Budapest/Csepel#eat:nadfedeles-csarda"", ""wv:en:Budapest/South Pest#drink:nyalifali""]"
s3vectors,1024,warm,margaret-island,80.3,72.2,152.5,"[""wp:en:20947490#s0-c1"", ""wp:en:20947490#s1-c1"", ""wv:en:Budapest/Aquincum#do:obuda-island"", ""wv:en:Budapest/Belváros#see:danube-promenade"", ""wp:en:9033099#s0-c1"", ""wv:en:Budapest/Angyalföld#do:people-island"", ""osm:relation/21179013"", ""wv:en:Budapest/Kőbánya#do:people-s-park"", ""wv:en:Budapest/Budavár#do:europe-park"", ""wv:en:Budapest/South Buda#do:independent-park""]"
s3vectors,1024,warm,climate-october,74.9,65.7,140.5,"[""om:climate:budapest:10"", ""om:climate:budapest:11"", ""wv:en:Budapest#section:understand/climate:c1"", ""wv:es:Budapest#section:comprender/clima:c1"", ""om:climate:budapest:09"", ""om:climate:budapest:08"", ""wv:en:Budapest/Víziváros#see:gyorgy-dozsa-monument"", ""om:climate:budapest:04"", ""osm:way/57716766"", ""wv:en:Budapest#practical:republic-of-korea""]"
s3vectors,1024,warm,clima-enero-es,74.9,65.7,140.6,"[""om:climate:budapest:01"", ""om:climate:budapest:02"", ""wv:es:Budapest#section:comprender/clima:c1"", ""wv:en:Budapest/North Buda#see:ruins-of-pauline-monastery"", ""osm:way/166167091"", ""wv:en:Budapest/South Buda#see:kelenfold-bus-depot"", ""osm:way/166167074"", ""om:climate:budapest:12"", ""osm:way/166167090"", ""wp:en:2994351#s21-c1""]"
s3vectors,1024,warm,baths-buda,75.3,64.3,139.6,"[""wv:en:Budapest/North Buda#do:thermal-bath-szent-lukacs"", ""wv:en:Budapest/South Buda#do:gellert-baths"", ""wv:en:Budapest#section:do/thermal-baths:c1"", ""wv:en:Budapest/Víziváros#do:rudas-thermal-bath"", ""wv:es:Budapest#section:hacer/banos-termales:c1"", ""wv:en:Budapest#section:do/thermal-baths/modern-baths:c1"", ""wp:en:1672696#s0-c1"", ""wv:en:Budapest#section:do/thermal-baths/traditional-public-baths:c1"", ""wp:en:35313365#s0-c2"", ""wv:en:Budapest/Városliget#do:szechenyi-thermal-bath""]"
s3vectors,1024,warm,baths-buda-es,75.8,66.7,142.5,"[""wv:es:Budapest#section:hacer/banos-termales:c1"", ""wv:en:Budapest/South Buda#do:gellert-baths"", ""wv:en:Budapest/North Buda#do:thermal-bath-szent-lukacs"", ""wv:es:Budapest#section:hacer/banos-termales/banos-publicos-tradicionales/banos-modernos:c1"", ""wv:en:Budapest#section:do/thermal-baths:c1"", ""wv:en:Budapest#section:do/thermal-baths/modern-baths:c1"", ""wv:en:Budapest/Víziváros#do:rudas-thermal-bath"", ""wp:en:35313365#s0-c2"", ""wp:en:1672696#s0-c1"", ""wv:es:Budapest#section:hacer/banos-termales/banos-publicos-tradicionales:c1""]"
s3vectors,1024,warm,szechenyi,74.8,60.9,135.7,"[""wp:en:2613263#s1-c1"", ""wv:en:Budapest/Városliget#do:szechenyi-thermal-bath"", ""wp:en:2613263#s0-c1"", ""wv:en:Budapest/Városliget#section:do/leisure:c1"", ""wp:en:35313365#s0-c2"", ""wv:en:Budapest/Aquincum#do:csillaghegy-arpad-bath"", ""wv:en:Budapest#section:do/thermal-baths:c1"", ""wv:en:Budapest/Erzsébetváros#see:hungaria-bath"", ""wp:en:35313365#s0-c1"", ""wv:en:Budapest/Belváros#do:park-of-szechenyi-istvan-ter""]"
s3vectors,1024,warm,szechenyi-plain,76.4,66.5,142.9,"[""wp:en:2613263#s2-c1"", ""wv:en:Budapest/East Pest#do:szentmihaly-swimming-pool"", ""wv:en:Budapest/Városliget#do:szechenyi-thermal-bath"", ""wv:en:Budapest/East Pest#do:erzsebetliget-swimming-pool"", ""wv:en:Budapest/Zugló#do:bvsc-swimming-pool"", ""wv:en:Budapest/Kőbánya#do:ujhegy-swimming-pool-and-bath"", ""wv:en:Budapest/East Pest#do:ujlak-swimming-pool"", ""wp:en:2613263#s1-c1"", ""wv:en:Budapest/Aquincum#do:szedruskert-training-pool"", ""wv:en:Budapest/Zugló#do:paskal-thermal-bath""]"
s3vectors,1024,warm,ruin-bars,70.7,96.2,167.0,"[""wv:en:Budapest/Erzsébetváros#section:understand/jewish-quarter:c1"", ""osm:node/3283497736"", ""wv:en:Budapest/Erzsébetváros#section:drink:c1"", ""osm:node/3134154429"", ""wv:en:Budapest/Belváros#section:drink:c1"", ""tour:budapest:go-zeppelin-jewish-quarter"", ""wv:en:Budapest/South Buda#drink:avar-pub"", ""wp:en:7706391#s9-c1"", ""osm:node/9084818345"", ""wv:en:Budapest/East Pest#drink:kispipa-pub""]"
s3vectors,1024,warm,parliament,71.3,58.7,130.0,"[""wv:en:Budapest/Belváros#see:parliament"", ""wv:en:Budapest/Belváros#section:see/the-parliament:c1"", ""wv:en:Budapest/Józsefváros#see:former-house-of-parliament"", ""wv:en:Budapest/Belváros#see:ethnographic-museum"", ""wv:es:Budapest#section:ver:c1"", ""wv:en:Budapest/Hegyvidék#do:budapest-congress-center"", ""wv:en:Budapest#section:see:c3"", ""wv:en:Budapest/Józsefváros#see:national-museum"", ""osm:node/10010248985"", ""wp:en:1438363#s0-c1""]"
s3vectors,1024,warm,free-walking-tour,69.8,65.2,135.0,"[""tour:budapest:by-locals-pest-english"", ""tour:budapest:go-zeppelin-best-of-budapest"", ""tour:budapest:trip-to-budapest-pest"", ""tour:budapest:luna-pest-downtown"", ""tour:budapest:trip-to-budapest-art-nouveau"", ""tour:budapest:go-zeppelin-buda-castle"", ""tour:budapest:by-locals-pest-spanish"", ""wv:en:Budapest#section:do:c1"", ""tour:budapest:trip-to-budapest-buda-castle"", ""tour:budapest:trip-to-budapest-jewish-district""]"
s3vectors,1024,warm,free-tour-es,70.0,93.3,163.3,"[""tour:budapest:by-locals-pest-spanish"", ""tour:budapest:trip-to-budapest-pest"", ""tour:budapest:by-locals-pest-english"", ""tour:budapest:go-zeppelin-best-of-budapest"", ""tour:budapest:luna-pest-downtown"", ""tour:budapest:trip-to-budapest-buda-castle"", ""wv:en:Budapest#section:do:c1"", ""tour:budapest:trip-to-budapest-art-nouveau"", ""tour:budapest:trip-to-budapest-jewish-district"", ""tour:budapest:go-zeppelin-buda-castle""]"
s3vectors,1024,warm,jewish-quarter-tour,69.3,58.6,127.9,"[""tour:budapest:go-zeppelin-jewish-quarter"", ""tour:budapest:trip-to-budapest-jewish-district"", ""wv:en:Budapest/Erzsébetváros#section:understand/jewish-quarter:c1"", ""wp:en:35457863#s0-c1"", ""wv:en:Budapest/Budavár#see:medieval-jewish-prayer-house"", ""wp:en:7706391#s7-c1"", ""tour:budapest:trip-to-budapest-communism"", ""wp:en:39684758#s0-c1"", ""tour:budapest:go-zeppelin-buda-castle"", ""wv:en:Budapest/Kőbánya#see:jewish-cemetery""]"
s3vectors,1024,warm,danube-cruise,74.7,62.0,136.8,"[""wv:en:Budapest/Belváros#do:cruising-and-eating"", ""wv:en:Budapest/South Buda#section:drink/clubs-bars:c1"", ""wv:en:Budapest/Belváros#do:boat-trip-to-margaret-island"", ""wv:en:Budapest/Belváros#see:danube-promenade"", ""wp:en:9033099#s0-c1"", ""wv:en:Budapest#section:eat/restaurants:c2"", ""wv:en:Budapest#do:hungaria-koncert"", ""wv:en:Budapest/Belváros#drink:wine-tasting-on-boat"", ""wv:en:Budapest#do:firework-above-danube-river"", ""wv:en:Budapest#transport:boat""]"
s3vectors,1024,warm,cave-tour,73.2,62.8,136.1,"[""wv:en:Budapest/North Buda#do:szemlo-hill-cave"", ""wv:en:Budapest/North Buda#do:palvolgy-cave"", ""wv:en:Budapest/North Buda#do:molnar-janos-cave"", ""wv:en:Budapest/North Buda#do:matyas-hegyi-cave"", ""wv:en:Budapest/Hegyvidék#do:buda-protected-landscape-area"", ""tour:budapest:trip-to-budapest-buda-castle"", ""wv:en:Budapest/Óbuda#see:tabor-hegyi-cave"", ""wv:en:Budapest#section:do/caving:c1"", ""tour:budapest:luna-buda-castle"", ""wp:en:2994351#s71-c1""]"
s3vectors,1024,warm,bike-tour,83.1,94.9,177.9,"[""tour:budapest:by-locals-pest-english"", ""tour:budapest:go-zeppelin-best-of-budapest"", ""tour:budapest:luna-pest-downtown"", ""tour:budapest:trip-to-budapest-pest"", ""tour:budapest:by-locals-pest-spanish"", ""tour:budapest:go-zeppelin-buda-castle"", ""tour:budapest:trip-to-budapest-jewish-district"", ""tour:budapest:trip-to-budapest-buda-castle"", ""wv:en:Budapest#section:do:c1"", ""wv:en:Budapest#transport:yellow-zebra-bike""]"
s3vectors,1024,warm,fishermans-bastion,74.0,96.3,170.3,"[""wp:en:3733065#s7-c1"", ""wp:en:3733065#s6-c1"", ""wp:en:3733065#s4-c1"", ""wp:en:3733065#s3-c2"", ""wv:en:Budapest/Budavár#see:fisherman-s-bastion"", ""wp:en:3733065#s3-c1"", ""wp:en:3733065#s1-c1"", ""wp:en:3733065#s9-c1"", ""wp:en:3733065#s0-c1"", ""wp:en:3733065#s14-c1""]"
s3vectors,1024,warm,market-hall,78.9,66.4,145.3,"[""wv:en:Budapest/Ferencváros#do:great-market-hall"", ""wp:en:6155085#s1-c2"", ""wp:en:6155085#s0-c1"", ""wp:en:6155085#s1-c1"", ""osm:node/1160266661"", ""wv:en:Budapest/Belváros#do:market-hall"", ""wv:en:Budapest/Ferencváros#see:grand-market-area"", ""wv:en:Budapest/Angyalföld#do:lehel-market-hall"", ""wv:en:Budapest/Józsefváros#do:rakoczi-square-market-hall"", ""osm:node/3588514314""]"
s3vectors,1024,warm,opera,71.7,75.0,146.7,"[""wv:en:Budapest/Terézváros#do:state-opera-or-hungarian-state-opera-house"", ""wv:en:Budapest/Terézváros#see:state-opera-house"", ""wp:en:1438363#s0-c1"", ""wp:en:1438363#s2-c1"", ""wp:en:1438363#s3-c1"", ""wp:en:1438363#s1-c1"", ""wp:en:1438363#s4-c1"", ""wv:en:Budapest/Terézváros#do:budapest-operetta-theatre"", ""wv:en:Budapest/Angyalföld#do:open-air-theatre"", ""wv:en:Budapest/South Pest#do:sari-fedak-theatre""]"
s3vectors,1024,warm,memento-park,78.9,67.8,146.7,"[""wv:en:Budapest/South Buda#see:memento-park"", ""tour:budapest:trip-to-budapest-communism"", ""wv:en:Budapest/Aquincum#see:graphisoft-park"", ""wv:en:Budapest/Kőbánya#do:tchaikovsky-park"", ""osm:way/83186847"", ""wp:en:8362709#s1-c1"", ""osm:way/469218807"", ""wv:en:Budapest/Belváros#do:park-of-szechenyi-istvan-ter"", ""osm:way/365216106"", ""wv:en:Budapest/North Buda#see:millenaris-park""]"
s3vectors,1024,warm,hospital-rock,75.0,64.7,139.7,"[""wp:en:75078576#s0-c1"", ""wp:en:44810974#s0-c1"", ""wv:en:Budapest/Budavár#see:hospital-in-the-rock-nuclear-bunker-museum"", ""wv:en:Budapest/Belváros#see:f4-object"", ""wp:en:44810974#s6-c1"", ""wv:en:Budapest/South Buda#see:cave-house-museum"", ""wv:en:Budapest/Kőbánya#see:central-museum-of-disaster-management"", ""wp:en:44810974#s3-c1"", ""wp:en:75078576#s1-c1"", ""wp:en:2994351#s21-c1""]"
s3vectors,1024,warm,shoes-memorial,73.8,70.3,144.1,"[""wp:en:9052076#s0-c1"", ""wp:en:9052076#s1-c1"", ""wv:en:Budapest/Belváros#see:shoes-on-the-danube-memorial"", ""wp:en:9052076#s3-c1"", ""wp:en:7706391#s10-c1"", ""wp:en:9052076#s4-c1"", ""wv:en:Budapest/Ferencváros#see:holocaust-memorial-center"", ""wp:en:39684758#s0-c1"", ""osm:node/13390812109"", ""osm:node/12296868961""]"
s3vectors,1024,warm,heroes-square,77.0,63.2,140.2,"[""osm:relation/7108327"", ""osm:relation/6411893"", ""wp:en:2254072#s0-c1"", ""wv:en:Budapest#section:see:c4"", ""wv:en:Budapest/Terézváros#section:understand:c1"", ""wv:en:Budapest/Budavár#see:homeland-defence-headquarter"", ""wv:en:Budapest/Víziváros#section:see/vizivaros/around-adam-clark-square-clark-adam-ter:c1"", ""wv:en:Budapest/Budavár#see:castle-chapel"", ""wv:en:Budapest/Víziváros#see:castle-garden-kiosk-ybl-buda-creative-house"", ""wv:en:Budapest#section:see:c2""]"
s3vectors,1024,warm,aquincum,73.4,66.8,140.2,"[""wv:en:Budapest/Óbuda#see:thermae-maiores"", ""wv:en:Budapest/Óbuda#see:hercules-villa"", ""wv:en:Budapest/Óbuda#see:cella-trichora"", ""wv:en:Budapest/Aquincum#see:aquincum-museum-and-archaeological-park"", ""wp:en:78012312#s0-c1"", ""wv:en:Budapest/Józsefváros#see:museum-of-funeral"", ""wv:en:Budapest/Óbuda#see:porta-principalis-dextra"", ""wv:en:Budapest/Budavár#see:castle-museum"", ""wv:en:Budapest/Óbuda#see:aquincum-military-amphitheatre"", ""osm:node/3884465506""]"
s3vectors,1024,warm,airport-to-centre,80.4,66.5,146.9,"[""wv:en:Budapest#section:get-in/by-plane:c2"", ""wv:es:Budapest#section:llegar/en-avion:c3"", ""wv:es:Budapest#section:llegar/en-avion:c4"", ""wv:en:Budapest#section:get-in/by-plane:c1"", ""wv:en:Budapest#section:get-around/public-transport:c2"", ""wv:en:Budapest/Hegyvidék#section:get-in/other-transport-modes:c1"", ""wv:es:Budapest#section:llegar/en-avion:c1"", ""wv:es:Budapest#section:llegar/transporte-publico:c2"", ""wp:en:56138927#s17-c1"", ""wv:en:Budapest/Hegyvidék#section:get-in:c1""]"
s3vectors,1024,warm,airport-es,77.2,68.5,145.7,"[""wv:es:Budapest#section:llegar/en-avion:c3"", ""wv:es:Budapest#section:llegar/en-avion:c4"", ""wv:es:Budapest#section:llegar/en-avion:c1"", ""wv:en:Budapest#section:get-in/by-plane:c2"", ""wv:es:Budapest#section:llegar/transporte-publico:c2"", ""wv:es:Budapest#section:llegar/en-bus:c1"", ""wv:en:Budapest#section:get-around/public-transport:c2"", ""wv:es:Budapest#section:llegar/transporte-publico/otro:c1"", ""wv:en:Budapest#section:get-in/by-plane:c1"", ""wv:es:Budapest#section:llegar/en-avion:c2""]"
s3vectors,1024,warm,public-transport,79.8,73.3,153.1,"[""wv:en:Budapest#section:get-around/public-transport/tickets-and-passes:c1"", ""wv:en:Budapest#section:get-around/public-transport/tickets-and-passes:c2"", ""wv:es:Budapest#section:llegar/transporte-publico/entradas-y-pases:c2"", ""wv:en:Budapest#transport:tram-60-cogwheel-railway"", ""wv:es:Budapest#section:llegar/transporte-publico/entradas-y-pases:c1"", ""wv:es:Budapest#section:llegar/transporte-publico/metro:c1"", ""wp:en:31148640#s6-c1"", ""wv:en:Budapest#section:get-around/public-transport/tram:c1"", ""wv:en:Budapest#section:get-around/public-transport/metro:c1"", ""wv:es:Budapest#section:seguridad/trampas-para-turistas:c1""]"
s3vectors,1024,warm,funicular,73.6,66.4,140.0,"[""wv:en:Budapest/Budavár#section:get-in/by-funicular:c1"", ""wv:es:Budapest#transport:funicular-del-castillo-buda"", ""wv:en:Budapest#transport:buda-castle-funicular"", ""wv:en:Budapest/Budavár#section:get-in:c1"", ""tour:budapest:luna-buda-castle"", ""wp:en:2994351#s40-c1"", ""wv:en:Budapest/Hegyvidék#section:get-in/buses:c1"", ""wp:en:2994351#s53-c1"", ""wv:en:Budapest/Víziváros#see:buda-castle-tunnel"", ""tour:budapest:go-zeppelin-buda-castle""]"
s3vectors,1024,warm,escape-room,67.7,59.8,127.5,"[""wv:en:Budapest/Erzsébetváros#do:play-escape-room"", ""wv:en:Budapest/Városliget#do:prizone-escape"", ""wv:en:Budapest/Zugló#do:parahotel"", ""wv:en:Budapest/Kőbánya#do:pirate-cave"", ""wv:en:Budapest/Csepel#do:trap-factory"", ""wv:en:Budapest/Kőbánya#do:rage-room-budapest"", ""wp:en:2994351#s34-c1"", ""wv:en:Budapest/Óbuda#do:brainmaze"", ""wp:en:2994351#s65-c1"", ""wp:en:2994351#s32-c1""]"
s3vectors,1024,warm,vegan,54.2,67.4,121.6,"[""wv:en:Budapest#section:eat/vegetarian-vegan:c1"", ""wv:es:Budapest#section:comer/vegetariano-vegano:c1"", ""wv:en:Budapest/Víziváros#eat:edeni-vegan"", ""osm:node/4585086090"", ""osm:node/5770690057"", ""wv:en:Budapest/Víziváros#eat:edeni-vegan-restaurant"", ""wv:en:Budapest/Belváros#eat:govinda-restaurants"", ""wv:en:Budapest/Aquincum#eat:govinda-csillaghegy"", ""osm:node/5528143821"", ""osm:node/1918883383""]"
s3vectors,1024,warm,new-york-cafe,76.4,67.6,143.9,"[""wv:en:Budapest#section:eat/coffee-houses:c1"", ""wv:en:Budapest/Terézváros#eat:sugarshop"", ""osm:node/5474855522"", ""wv:es:Budapest#section:comer/cafeterias:c1"", ""wv:en:Budapest/Erzsébetváros#eat:new-york-cafe"", ""osm:node/9082621846"", ""osm:node/13680999181"", ""osm:node/5387347771"", ""osm:node/692977110"", ""osm:node/1573205258""]"
s3vectors,1024,warm,national-museum,75.0,65.5,140.5,"[""wp:en:7799944#s0-c1"", ""wv:en:Budapest/Erzsébetváros#see:hungarian-national-museum"", ""wv:en:Budapest/Józsefváros#see:national-museum"", ""wp:en:35457863#s2-c1"", ""wp:en:7799944#s1-c1"", ""wp:en:7799944#s2-c1"", ""wp:en:7799944#s3-c1"", ""wp:en:12058019#s0-c1"", ""wv:en:Budapest/Budavár#see:hungarian-national-gallery"", ""wp:en:7799944#s1-c2""]"
s3vectors,1024,warm,zoo,72.4,95.3,167.7,"[""wv:en:Budapest/Budavár#see:fountain-of-fishing-kids"", ""wv:en:Budapest/Csepel#eat:arany-pancake-shop-and-pub"", ""wv:en:Budapest/Hegyvidék#transport:children-s-railway"", ""osm:way/25281026"", ""osm:way/906696800"", ""wv:en:Budapest/South Buda#eat:becsiszelet-restaurant"", ""wv:en:Budapest/Angyalföld#do:oko-playground"", ""wv:en:Budapest/Kőbánya#do:family-center"", ""wv:en:Budapest/Csepel#eat:nadfedeles-csarda"", ""wv:en:Budapest/South Pest#drink:nyalifali""]"
s3vectors,1024,warm,margaret-island,50.4,66.6,117.0,"[""wp:en:20947490#s0-c1"", ""wp:en:20947490#s1-c1"", ""wv:en:Budapest/Aquincum#do:obuda-island"", ""wv:en:Budapest/Belváros#see:danube-promenade"", ""wp:en:9033099#s0-c1"", ""wv:en:Budapest/Angyalföld#do:people-island"", ""osm:relation/21179013"", ""wv:en:Budapest/Kőbánya#do:people-s-park"", ""wv:en:Budapest/Budavár#do:europe-park"", ""wv:en:Budapest/South Buda#do:independent-park""]"
s3vectors,1024,warm,climate-october,48.9,65.4,114.3,"[""om:climate:budapest:10"", ""om:climate:budapest:11"", ""wv:en:Budapest#section:understand/climate:c1"", ""wv:es:Budapest#section:comprender/clima:c1"", ""om:climate:budapest:09"", ""om:climate:budapest:08"", ""wv:en:Budapest/Víziváros#see:gyorgy-dozsa-monument"", ""om:climate:budapest:04"", ""osm:way/57716766"", ""wv:en:Budapest#practical:republic-of-korea""]"
s3vectors,1024,warm,clima-enero-es,69.4,63.8,133.2,"[""om:climate:budapest:01"", ""om:climate:budapest:02"", ""wv:es:Budapest#section:comprender/clima:c1"", ""wv:en:Budapest/North Buda#see:ruins-of-pauline-monastery"", ""osm:way/166167091"", ""wv:en:Budapest/South Buda#see:kelenfold-bus-depot"", ""osm:way/166167074"", ""om:climate:budapest:12"", ""osm:way/166167090"", ""wp:en:2994351#s21-c1""]"
s3vectors,1024,warm,baths-buda,71.3,67.0,138.3,"[""wv:en:Budapest/North Buda#do:thermal-bath-szent-lukacs"", ""wv:en:Budapest/South Buda#do:gellert-baths"", ""wv:en:Budapest#section:do/thermal-baths:c1"", ""wv:en:Budapest/Víziváros#do:rudas-thermal-bath"", ""wv:es:Budapest#section:hacer/banos-termales:c1"", ""wv:en:Budapest#section:do/thermal-baths/modern-baths:c1"", ""wp:en:1672696#s0-c1"", ""wv:en:Budapest#section:do/thermal-baths/traditional-public-baths:c1"", ""wp:en:35313365#s0-c2"", ""wv:en:Budapest/Városliget#do:szechenyi-thermal-bath""]"
s3vectors,1024,warm,baths-buda-es,50.9,68.4,119.2,"[""wv:es:Budapest#section:hacer/banos-termales:c1"", ""wv:en:Budapest/South Buda#do:gellert-baths"", ""wv:en:Budapest/North Buda#do:thermal-bath-szent-lukacs"", ""wv:es:Budapest#section:hacer/banos-termales/banos-publicos-tradicionales/banos-modernos:c1"", ""wv:en:Budapest#section:do/thermal-baths:c1"", ""wv:en:Budapest#section:do/thermal-baths/modern-baths:c1"", ""wv:en:Budapest/Víziváros#do:rudas-thermal-bath"", ""wp:en:35313365#s0-c2"", ""wp:en:1672696#s0-c1"", ""wv:es:Budapest#section:hacer/banos-termales/banos-publicos-tradicionales:c1""]"
s3vectors,1024,warm,szechenyi,51.9,68.9,120.8,"[""wp:en:2613263#s1-c1"", ""wv:en:Budapest/Városliget#do:szechenyi-thermal-bath"", ""wp:en:2613263#s0-c1"", ""wv:en:Budapest/Városliget#section:do/leisure:c1"", ""wp:en:35313365#s0-c2"", ""wv:en:Budapest/Aquincum#do:csillaghegy-arpad-bath"", ""wv:en:Budapest#section:do/thermal-baths:c1"", ""wv:en:Budapest/Erzsébetváros#see:hungaria-bath"", ""wp:en:35313365#s0-c1"", ""wv:en:Budapest/Belváros#do:park-of-szechenyi-istvan-ter""]"
s3vectors,1024,warm,szechenyi-plain,52.8,64.2,117.0,"[""wp:en:2613263#s2-c1"", ""wv:en:Budapest/East Pest#do:szentmihaly-swimming-pool"", ""wv:en:Budapest/Városliget#do:szechenyi-thermal-bath"", ""wv:en:Budapest/East Pest#do:erzsebetliget-swimming-pool"", ""wv:en:Budapest/Zugló#do:bvsc-swimming-pool"", ""wv:en:Budapest/Kőbánya#do:ujhegy-swimming-pool-and-bath"", ""wv:en:Budapest/East Pest#do:ujlak-swimming-pool"", ""wp:en:2613263#s1-c1"", ""wv:en:Budapest/Aquincum#do:szedruskert-training-pool"", ""wv:en:Budapest/Zugló#do:paskal-thermal-bath""]"
s3vectors,1024,warm,ruin-bars,81.9,66.1,148.1,"[""wv:en:Budapest/Erzsébetváros#section:understand/jewish-quarter:c1"", ""osm:node/3283497736"", ""wv:en:Budapest/Erzsébetváros#section:drink:c1"", ""osm:node/3134154429"", ""wv:en:Budapest/Belváros#section:drink:c1"", ""tour:budapest:go-zeppelin-jewish-quarter"", ""wv:en:Budapest/South Buda#drink:avar-pub"", ""wp:en:7706391#s9-c1"", ""osm:node/9084818345"", ""wv:en:Budapest/East Pest#drink:kispipa-pub""]"
s3vectors,1024,warm,parliament,71.1,65.6,136.7,"[""wv:en:Budapest/Belváros#see:parliament"", ""wv:en:Budapest/Belváros#section:see/the-parliament:c1"", ""wv:en:Budapest/Józsefváros#see:former-house-of-parliament"", ""wv:en:Budapest/Belváros#see:ethnographic-museum"", ""wv:es:Budapest#section:ver:c1"", ""wv:en:Budapest/Hegyvidék#do:budapest-congress-center"", ""wv:en:Budapest#section:see:c3"", ""wv:en:Budapest/Józsefváros#see:national-museum"", ""osm:node/10010248985"", ""wp:en:1438363#s0-c1""]"
s3vectors,1024,warm,free-walking-tour,69.2,66.6,135.7,"[""tour:budapest:by-locals-pest-english"", ""tour:budapest:go-zeppelin-best-of-budapest"", ""tour:budapest:trip-to-budapest-pest"", ""tour:budapest:luna-pest-downtown"", ""tour:budapest:trip-to-budapest-art-nouveau"", ""tour:budapest:go-zeppelin-buda-castle"", ""tour:budapest:by-locals-pest-spanish"", ""wv:en:Budapest#section:do:c1"", ""tour:budapest:trip-to-budapest-buda-castle"", ""tour:budapest:trip-to-budapest-jewish-district""]"
s3vectors,1024,warm,free-tour-es,75.7,60.3,136.0,"[""tour:budapest:by-locals-pest-spanish"", ""tour:budapest:trip-to-budapest-pest"", ""tour:budapest:by-locals-pest-english"", ""tour:budapest:go-zeppelin-best-of-budapest"", ""tour:budapest:luna-pest-downtown"", ""tour:budapest:trip-to-budapest-buda-castle"", ""wv:en:Budapest#section:do:c1"", ""tour:budapest:trip-to-budapest-art-nouveau"", ""tour:budapest:trip-to-budapest-jewish-district"", ""tour:budapest:go-zeppelin-buda-castle""]"
s3vectors,1024,warm,jewish-quarter-tour,81.9,62.6,144.5,"[""tour:budapest:go-zeppelin-jewish-quarter"", ""tour:budapest:trip-to-budapest-jewish-district"", ""wv:en:Budapest/Erzsébetváros#section:understand/jewish-quarter:c1"", ""wp:en:35457863#s0-c1"", ""wv:en:Budapest/Budavár#see:medieval-jewish-prayer-house"", ""wp:en:7706391#s7-c1"", ""tour:budapest:trip-to-budapest-communism"", ""wp:en:39684758#s0-c1"", ""tour:budapest:go-zeppelin-buda-castle"", ""wv:en:Budapest/Kőbánya#see:jewish-cemetery""]"
s3vectors,1024,warm,danube-cruise,55.8,60.7,116.4,"[""wv:en:Budapest/Belváros#do:cruising-and-eating"", ""wv:en:Budapest/South Buda#section:drink/clubs-bars:c1"", ""wv:en:Budapest/Belváros#do:boat-trip-to-margaret-island"", ""wv:en:Budapest/Belváros#see:danube-promenade"", ""wp:en:9033099#s0-c1"", ""wv:en:Budapest#section:eat/restaurants:c2"", ""wv:en:Budapest#do:hungaria-koncert"", ""wv:en:Budapest/Belváros#drink:wine-tasting-on-boat"", ""wv:en:Budapest#do:firework-above-danube-river"", ""wv:en:Budapest#transport:boat""]"
s3vectors,1024,warm,cave-tour,54.1,59.3,113.4,"[""wv:en:Budapest/North Buda#do:szemlo-hill-cave"", ""wv:en:Budapest/North Buda#do:palvolgy-cave"", ""wv:en:Budapest/North Buda#do:molnar-janos-cave"", ""wv:en:Budapest/North Buda#do:matyas-hegyi-cave"", ""wv:en:Budapest/Hegyvidék#do:buda-protected-landscape-area"", ""tour:budapest:trip-to-budapest-buda-castle"", ""wv:en:Budapest/Óbuda#see:tabor-hegyi-cave"", ""wv:en:Budapest#section:do/caving:c1"", ""tour:budapest:luna-buda-castle"", ""wp:en:2994351#s71-c1""]"
s3vectors,1024,warm,bike-tour,52.2,67.2,119.4,"[""tour:budapest:by-locals-pest-english"", ""tour:budapest:go-zeppelin-best-of-budapest"", ""tour:budapest:luna-pest-downtown"", ""tour:budapest:trip-to-budapest-pest"", ""tour:budapest:by-locals-pest-spanish"", ""tour:budapest:go-zeppelin-buda-castle"", ""tour:budapest:trip-to-budapest-jewish-district"", ""tour:budapest:trip-to-budapest-buda-castle"", ""wv:en:Budapest#section:do:c1"", ""wv:en:Budapest#transport:yellow-zebra-bike""]"
s3vectors,1024,warm,fishermans-bastion,75.0,69.4,144.4,"[""wp:en:3733065#s7-c1"", ""wp:en:3733065#s6-c1"", ""wp:en:3733065#s4-c1"", ""wp:en:3733065#s3-c2"", ""wv:en:Budapest/Budavár#see:fisherman-s-bastion"", ""wp:en:3733065#s3-c1"", ""wp:en:3733065#s1-c1"", ""wp:en:3733065#s9-c1"", ""wp:en:3733065#s0-c1"", ""wp:en:3733065#s14-c1""]"
s3vectors,1024,warm,market-hall,54.0,61.4,115.4,"[""wv:en:Budapest/Ferencváros#do:great-market-hall"", ""wp:en:6155085#s1-c2"", ""wp:en:6155085#s0-c1"", ""wp:en:6155085#s1-c1"", ""osm:node/1160266661"", ""wv:en:Budapest/Belváros#do:market-hall"", ""wv:en:Budapest/Ferencváros#see:grand-market-area"", ""wv:en:Budapest/Angyalföld#do:lehel-market-hall"", ""wv:en:Budapest/Józsefváros#do:rakoczi-square-market-hall"", ""osm:node/3588514314""]"
s3vectors,1024,warm,opera,80.3,59.5,139.8,"[""wv:en:Budapest/Terézváros#do:state-opera-or-hungarian-state-opera-house"", ""wv:en:Budapest/Terézváros#see:state-opera-house"", ""wp:en:1438363#s0-c1"", ""wp:en:1438363#s2-c1"", ""wp:en:1438363#s3-c1"", ""wp:en:1438363#s1-c1"", ""wp:en:1438363#s4-c1"", ""wv:en:Budapest/Terézváros#do:budapest-operetta-theatre"", ""wv:en:Budapest/Angyalföld#do:open-air-theatre"", ""wv:en:Budapest/South Pest#do:sari-fedak-theatre""]"
s3vectors,1024,warm,memento-park,76.8,65.0,141.8,"[""wv:en:Budapest/South Buda#see:memento-park"", ""tour:budapest:trip-to-budapest-communism"", ""wv:en:Budapest/Aquincum#see:graphisoft-park"", ""wv:en:Budapest/Kőbánya#do:tchaikovsky-park"", ""osm:way/83186847"", ""wp:en:8362709#s1-c1"", ""osm:way/469218807"", ""wv:en:Budapest/Belváros#do:park-of-szechenyi-istvan-ter"", ""osm:way/365216106"", ""wv:en:Budapest/North Buda#see:millenaris-park""]"
s3vectors,1024,warm,hospital-rock,76.5,64.0,140.5,"[""wp:en:75078576#s0-c1"", ""wp:en:44810974#s0-c1"", ""wv:en:Budapest/Budavár#see:hospital-in-the-rock-nuclear-bunker-museum"", ""wv:en:Budapest/Belváros#see:f4-object"", ""wp:en:44810974#s6-c1"", ""wv:en:Budapest/South Buda#see:cave-house-museum"", ""wv:en:Budapest/Kőbánya#see:central-museum-of-disaster-management"", ""wp:en:44810974#s3-c1"", ""wp:en:75078576#s1-c1"", ""wp:en:2994351#s21-c1""]"
s3vectors,1024,warm,shoes-memorial,76.8,66.6,143.5,"[""wp:en:9052076#s0-c1"", ""wp:en:9052076#s1-c1"", ""wv:en:Budapest/Belváros#see:shoes-on-the-danube-memorial"", ""wp:en:9052076#s3-c1"", ""wp:en:7706391#s10-c1"", ""wp:en:9052076#s4-c1"", ""wv:en:Budapest/Ferencváros#see:holocaust-memorial-center"", ""wp:en:39684758#s0-c1"", ""osm:node/13390812109"", ""osm:node/12296868961""]"
s3vectors,1024,warm,heroes-square,77.7,66.2,143.9,"[""osm:relation/7108327"", ""osm:relation/6411893"", ""wp:en:2254072#s0-c1"", ""wv:en:Budapest#section:see:c4"", ""wv:en:Budapest/Terézváros#section:understand:c1"", ""wv:en:Budapest/Budavár#see:homeland-defence-headquarter"", ""wv:en:Budapest/Víziváros#section:see/vizivaros/around-adam-clark-square-clark-adam-ter:c1"", ""wv:en:Budapest/Budavár#see:castle-chapel"", ""wv:en:Budapest/Víziváros#see:castle-garden-kiosk-ybl-buda-creative-house"", ""wv:en:Budapest#section:see:c2""]"
s3vectors,1024,warm,aquincum,72.2,62.7,134.9,"[""wv:en:Budapest/Óbuda#see:thermae-maiores"", ""wv:en:Budapest/Óbuda#see:hercules-villa"", ""wv:en:Budapest/Óbuda#see:cella-trichora"", ""wv:en:Budapest/Aquincum#see:aquincum-museum-and-archaeological-park"", ""wp:en:78012312#s0-c1"", ""wv:en:Budapest/Józsefváros#see:museum-of-funeral"", ""wv:en:Budapest/Óbuda#see:porta-principalis-dextra"", ""wv:en:Budapest/Budavár#see:castle-museum"", ""wv:en:Budapest/Óbuda#see:aquincum-military-amphitheatre"", ""osm:node/3884465506""]"
s3vectors,1024,warm,airport-to-centre,72.5,67.3,139.8,"[""wv:en:Budapest#section:get-in/by-plane:c2"", ""wv:es:Budapest#section:llegar/en-avion:c3"", ""wv:es:Budapest#section:llegar/en-avion:c4"", ""wv:en:Budapest#section:get-in/by-plane:c1"", ""wv:en:Budapest#section:get-around/public-transport:c2"", ""wv:en:Budapest/Hegyvidék#section:get-in/other-transport-modes:c1"", ""wv:es:Budapest#section:llegar/en-avion:c1"", ""wv:es:Budapest#section:llegar/transporte-publico:c2"", ""wp:en:56138927#s17-c1"", ""wv:en:Budapest/Hegyvidék#section:get-in:c1""]"
s3vectors,1024,warm,airport-es,53.0,66.6,119.6,"[""wv:es:Budapest#section:llegar/en-avion:c3"", ""wv:es:Budapest#section:llegar/en-avion:c4"", ""wv:es:Budapest#section:llegar/en-avion:c1"", ""wv:en:Budapest#section:get-in/by-plane:c2"", ""wv:es:Budapest#section:llegar/transporte-publico:c2"", ""wv:es:Budapest#section:llegar/en-bus:c1"", ""wv:en:Budapest#section:get-around/public-transport:c2"", ""wv:es:Budapest#section:llegar/transporte-publico/otro:c1"", ""wv:en:Budapest#section:get-in/by-plane:c1"", ""wv:es:Budapest#section:llegar/en-avion:c2""]"
s3vectors,1024,warm,public-transport,54.5,90.1,144.5,"[""wv:en:Budapest#section:get-around/public-transport/tickets-and-passes:c1"", ""wv:en:Budapest#section:get-around/public-transport/tickets-and-passes:c2"", ""wv:es:Budapest#section:llegar/transporte-publico/entradas-y-pases:c2"", ""wv:en:Budapest#transport:tram-60-cogwheel-railway"", ""wv:es:Budapest#section:llegar/transporte-publico/entradas-y-pases:c1"", ""wv:es:Budapest#section:llegar/transporte-publico/metro:c1"", ""wp:en:31148640#s6-c1"", ""wv:en:Budapest#section:get-around/public-transport/tram:c1"", ""wv:en:Budapest#section:get-around/public-transport/metro:c1"", ""wv:es:Budapest#section:seguridad/trampas-para-turistas:c1""]"
s3vectors,1024,warm,funicular,72.9,66.2,139.1,"[""wv:en:Budapest/Budavár#section:get-in/by-funicular:c1"", ""wv:es:Budapest#transport:funicular-del-castillo-buda"", ""wv:en:Budapest#transport:buda-castle-funicular"", ""wv:en:Budapest/Budavár#section:get-in:c1"", ""tour:budapest:luna-buda-castle"", ""wp:en:2994351#s40-c1"", ""wv:en:Budapest/Hegyvidék#section:get-in/buses:c1"", ""wp:en:2994351#s53-c1"", ""wv:en:Budapest/Víziváros#see:buda-castle-tunnel"", ""tour:budapest:go-zeppelin-buda-castle""]"
s3vectors,1024,warm,escape-room,72.3,68.1,140.4,"[""wv:en:Budapest/Erzsébetváros#do:play-escape-room"", ""wv:en:Budapest/Városliget#do:prizone-escape"", ""wv:en:Budapest/Zugló#do:parahotel"", ""wv:en:Budapest/Kőbánya#do:pirate-cave"", ""wv:en:Budapest/Csepel#do:trap-factory"", ""wv:en:Budapest/Kőbánya#do:rage-room-budapest"", ""wp:en:2994351#s34-c1"", ""wv:en:Budapest/Óbuda#do:brainmaze"", ""wp:en:2994351#s65-c1"", ""wp:en:2994351#s32-c1""]"
s3vectors,1024,warm,vegan,94.3,61.5,155.9,"[""wv:en:Budapest#section:eat/vegetarian-vegan:c1"", ""wv:es:Budapest#section:comer/vegetariano-vegano:c1"", ""wv:en:Budapest/Víziváros#eat:edeni-vegan"", ""osm:node/4585086090"", ""osm:node/5770690057"", ""wv:en:Budapest/Víziváros#eat:edeni-vegan-restaurant"", ""wv:en:Budapest/Belváros#eat:govinda-restaurants"", ""wv:en:Budapest/Aquincum#eat:govinda-csillaghegy"", ""osm:node/5528143821"", ""osm:node/1918883383""]"
s3vectors,1024,warm,new-york-cafe,51.1,74.9,126.0,"[""wv:en:Budapest#section:eat/coffee-houses:c1"", ""wv:en:Budapest/Terézváros#eat:sugarshop"", ""osm:node/5474855522"", ""wv:es:Budapest#section:comer/cafeterias:c1"", ""wv:en:Budapest/Erzsébetváros#eat:new-york-cafe"", ""osm:node/9082621846"", ""osm:node/13680999181"", ""osm:node/5387347771"", ""osm:node/692977110"", ""osm:node/1573205258""]"
s3vectors,1024,warm,national-museum,53.6,63.1,116.7,"[""wp:en:7799944#s0-c1"", ""wv:en:Budapest/Erzsébetváros#see:hungarian-national-museum"", ""wv:en:Budapest/Józsefváros#see:national-museum"", ""wp:en:35457863#s2-c1"", ""wp:en:7799944#s1-c1"", ""wp:en:7799944#s2-c1"", ""wp:en:7799944#s3-c1"", ""wp:en:12058019#s0-c1"", ""wv:en:Budapest/Budavár#see:hungarian-national-gallery"", ""wp:en:7799944#s1-c2""]"
s3vectors,1024,warm,zoo,79.1,63.8,142.8,"[""wv:en:Budapest/Budavár#see:fountain-of-fishing-kids"", ""wv:en:Budapest/Csepel#eat:arany-pancake-shop-and-pub"", ""wv:en:Budapest/Hegyvidék#transport:children-s-railway"", ""osm:way/25281026"", ""osm:way/906696800"", ""wv:en:Budapest/South Buda#eat:becsiszelet-restaurant"", ""wv:en:Budapest/Angyalföld#do:oko-playground"", ""wv:en:Budapest/Kőbánya#do:family-center"", ""wv:en:Budapest/Csepel#eat:nadfedeles-csarda"", ""wv:en:Budapest/South Pest#drink:nyalifali""]"
s3vectors,1024,warm,margaret-island,75.4,60.3,135.7,"[""wp:en:20947490#s0-c1"", ""wp:en:20947490#s1-c1"", ""wv:en:Budapest/Aquincum#do:obuda-island"", ""wv:en:Budapest/Belváros#see:danube-promenade"", ""wp:en:9033099#s0-c1"", ""wv:en:Budapest/Angyalföld#do:people-island"", ""osm:relation/21179013"", ""wv:en:Budapest/Kőbánya#do:people-s-park"", ""wv:en:Budapest/Budavár#do:europe-park"", ""wv:en:Budapest/South Buda#do:independent-park""]"
s3vectors,1024,warm,climate-october,74.1,66.8,140.9,"[""om:climate:budapest:10"", ""om:climate:budapest:11"", ""wv:en:Budapest#section:understand/climate:c1"", ""wv:es:Budapest#section:comprender/clima:c1"", ""om:climate:budapest:09"", ""om:climate:budapest:08"", ""wv:en:Budapest/Víziváros#see:gyorgy-dozsa-monument"", ""om:climate:budapest:04"", ""osm:way/57716766"", ""wv:en:Budapest#practical:republic-of-korea""]"
s3vectors,1024,warm,clima-enero-es,50.9,88.3,139.3,"[""om:climate:budapest:01"", ""om:climate:budapest:02"", ""wv:es:Budapest#section:comprender/clima:c1"", ""wv:en:Budapest/North Buda#see:ruins-of-pauline-monastery"", ""osm:way/166167091"", ""wv:en:Budapest/South Buda#see:kelenfold-bus-depot"", ""osm:way/166167074"", ""om:climate:budapest:12"", ""osm:way/166167090"", ""wp:en:2994351#s21-c1""]"
s3vectors,1024,warm,baths-buda,50.0,73.2,123.2,"[""wv:en:Budapest/North Buda#do:thermal-bath-szent-lukacs"", ""wv:en:Budapest/South Buda#do:gellert-baths"", ""wv:en:Budapest#section:do/thermal-baths:c1"", ""wv:en:Budapest/Víziváros#do:rudas-thermal-bath"", ""wv:es:Budapest#section:hacer/banos-termales:c1"", ""wv:en:Budapest#section:do/thermal-baths/modern-baths:c1"", ""wp:en:1672696#s0-c1"", ""wv:en:Budapest#section:do/thermal-baths/traditional-public-baths:c1"", ""wp:en:35313365#s0-c2"", ""wv:en:Budapest/Városliget#do:szechenyi-thermal-bath""]"
s3vectors,1024,warm,baths-buda-es,49.5,57.8,107.2,"[""wv:es:Budapest#section:hacer/banos-termales:c1"", ""wv:en:Budapest/South Buda#do:gellert-baths"", ""wv:en:Budapest/North Buda#do:thermal-bath-szent-lukacs"", ""wv:es:Budapest#section:hacer/banos-termales/banos-publicos-tradicionales/banos-modernos:c1"", ""wv:en:Budapest#section:do/thermal-baths:c1"", ""wv:en:Budapest#section:do/thermal-baths/modern-baths:c1"", ""wv:en:Budapest/Víziváros#do:rudas-thermal-bath"", ""wp:en:35313365#s0-c2"", ""wp:en:1672696#s0-c1"", ""wv:es:Budapest#section:hacer/banos-termales/banos-publicos-tradicionales:c1""]"
s3vectors,1024,warm,szechenyi,79.8,64.9,144.7,"[""wp:en:2613263#s1-c1"", ""wv:en:Budapest/Városliget#do:szechenyi-thermal-bath"", ""wp:en:2613263#s0-c1"", ""wv:en:Budapest/Városliget#section:do/leisure:c1"", ""wp:en:35313365#s0-c2"", ""wv:en:Budapest/Aquincum#do:csillaghegy-arpad-bath"", ""wv:en:Budapest#section:do/thermal-baths:c1"", ""wv:en:Budapest/Erzsébetváros#see:hungaria-bath"", ""wp:en:35313365#s0-c1"", ""wv:en:Budapest/Belváros#do:park-of-szechenyi-istvan-ter""]"
s3vectors,1024,warm,szechenyi-plain,72.6,65.8,138.4,"[""wp:en:2613263#s2-c1"", ""wv:en:Budapest/East Pest#do:szentmihaly-swimming-pool"", ""wv:en:Budapest/Városliget#do:szechenyi-thermal-bath"", ""wv:en:Budapest/East Pest#do:erzsebetliget-swimming-pool"", ""wv:en:Budapest/Zugló#do:bvsc-swimming-pool"", ""wv:en:Budapest/Kőbánya#do:ujhegy-swimming-pool-and-bath"", ""wv:en:Budapest/East Pest#do:ujlak-swimming-pool"", ""wp:en:2613263#s1-c1"", ""wv:en:Budapest/Aquincum#do:szedruskert-training-pool"", ""wv:en:Budapest/Zugló#do:paskal-thermal-bath""]"
s3vectors,1024,warm,ruin-bars,52.2,61.6,113.8,"[""wv:en:Budapest/Erzsébetváros#section:understand/jewish-quarter:c1"", ""osm:node/3283497736"", ""wv:en:Budapest/Erzsébetváros#section:drink:c1"", ""osm:node/3134154429"", ""wv:en:Budapest/Belváros#section:drink:c1"", ""tour:budapest:go-zeppelin-jewish-quarter"", ""wv:en:Budapest/South Buda#drink:avar-pub"", ""wp:en:7706391#s9-c1"", ""osm:node/9084818345"", ""wv:en:Budapest/East Pest#drink:kispipa-pub""]"
s3vectors,1024,warm,parliament,75.0,59.0,134.0,"[""wv:en:Budapest/Belváros#see:parliament"", ""wv:en:Budapest/Belváros#section:see/the-parliament:c1"", ""wv:en:Budapest/Józsefváros#see:former-house-of-parliament"", ""wv:en:Budapest/Belváros#see:ethnographic-museum"", ""wv:es:Budapest#section:ver:c1"", ""wv:en:Budapest/Hegyvidék#do:budapest-congress-center"", ""wv:en:Budapest#section:see:c3"", ""wv:en:Budapest/Józsefváros#see:national-museum"", ""osm:node/10010248985"", ""wp:en:1438363#s0-c1""]"
s3vectors,1024,warm,free-walking-tour,70.3,64.5,134.8,"[""tour:budapest:by-locals-pest-english"", ""tour:budapest:go-zeppelin-best-of-budapest"", ""tour:budapest:trip-to-budapest-pest"", ""tour:budapest:luna-pest-downtown"", ""tour:budapest:trip-to-budapest-art-nouveau"", ""tour:budapest:go-zeppelin-buda-castle"", ""tour:budapest:by-locals-pest-spanish"", ""wv:en:Budapest#section:do:c1"", ""tour:budapest:trip-to-budapest-buda-castle"", ""tour:budapest:trip-to-budapest-jewish-district""]"
s3vectors,1024,warm,free-tour-es,78.3,64.5,142.8,"[""tour:budapest:by-locals-pest-spanish"", ""tour:budapest:trip-to-budapest-pest"", ""tour:budapest:by-locals-pest-english"", ""tour:budapest:go-zeppelin-best-of-budapest"", ""tour:budapest:luna-pest-downtown"", ""tour:budapest:trip-to-budapest-buda-castle"", ""wv:en:Budapest#section:do:c1"", ""tour:budapest:trip-to-budapest-art-nouveau"", ""tour:budapest:trip-to-budapest-jewish-district"", ""tour:budapest:go-zeppelin-buda-castle""]"
s3vectors,1024,warm,jewish-quarter-tour,74.9,62.8,137.7,"[""tour:budapest:go-zeppelin-jewish-quarter"", ""tour:budapest:trip-to-budapest-jewish-district"", ""wv:en:Budapest/Erzsébetváros#section:understand/jewish-quarter:c1"", ""wp:en:35457863#s0-c1"", ""wv:en:Budapest/Budavár#see:medieval-jewish-prayer-house"", ""wp:en:7706391#s7-c1"", ""tour:budapest:trip-to-budapest-communism"", ""wp:en:39684758#s0-c1"", ""tour:budapest:go-zeppelin-buda-castle"", ""wv:en:Budapest/Kőbánya#see:jewish-cemetery""]"
s3vectors,1024,warm,danube-cruise,73.3,66.8,140.1,"[""wv:en:Budapest/Belváros#do:cruising-and-eating"", ""wv:en:Budapest/South Buda#section:drink/clubs-bars:c1"", ""wv:en:Budapest/Belváros#do:boat-trip-to-margaret-island"", ""wv:en:Budapest/Belváros#see:danube-promenade"", ""wp:en:9033099#s0-c1"", ""wv:en:Budapest#section:eat/restaurants:c2"", ""wv:en:Budapest#do:hungaria-koncert"", ""wv:en:Budapest/Belváros#drink:wine-tasting-on-boat"", ""wv:en:Budapest#do:firework-above-danube-river"", ""wv:en:Budapest#transport:boat""]"
s3vectors,1024,warm,cave-tour,54.7,57.9,112.6,"[""wv:en:Budapest/North Buda#do:szemlo-hill-cave"", ""wv:en:Budapest/North Buda#do:palvolgy-cave"", ""wv:en:Budapest/North Buda#do:molnar-janos-cave"", ""wv:en:Budapest/North Buda#do:matyas-hegyi-cave"", ""wv:en:Budapest/Hegyvidék#do:buda-protected-landscape-area"", ""tour:budapest:trip-to-budapest-buda-castle"", ""wv:en:Budapest/Óbuda#see:tabor-hegyi-cave"", ""wv:en:Budapest#section:do/caving:c1"", ""tour:budapest:luna-buda-castle"", ""wp:en:2994351#s71-c1""]"
s3vectors,1024,warm,bike-tour,73.2,58.4,131.6,"[""tour:budapest:by-locals-pest-english"", ""tour:budapest:go-zeppelin-best-of-budapest"", ""tour:budapest:luna-pest-downtown"", ""tour:budapest:trip-to-budapest-pest"", ""tour:budapest:by-locals-pest-spanish"", ""tour:budapest:go-zeppelin-buda-castle"", ""tour:budapest:trip-to-budapest-jewish-district"", ""tour:budapest:trip-to-budapest-buda-castle"", ""wv:en:Budapest#section:do:c1"", ""wv:en:Budapest#transport:yellow-zebra-bike""]"
s3vectors,1024,warm,fishermans-bastion,77.0,57.4,134.4,"[""wp:en:3733065#s7-c1"", ""wp:en:3733065#s6-c1"", ""wp:en:3733065#s4-c1"", ""wp:en:3733065#s3-c2"", ""wv:en:Budapest/Budavár#see:fisherman-s-bastion"", ""wp:en:3733065#s3-c1"", ""wp:en:3733065#s1-c1"", ""wp:en:3733065#s9-c1"", ""wp:en:3733065#s0-c1"", ""wp:en:3733065#s14-c1""]"
s3vectors,1024,warm,market-hall,76.0,57.5,133.5,"[""wv:en:Budapest/Ferencváros#do:great-market-hall"", ""wp:en:6155085#s1-c2"", ""wp:en:6155085#s0-c1"", ""wp:en:6155085#s1-c1"", ""osm:node/1160266661"", ""wv:en:Budapest/Belváros#do:market-hall"", ""wv:en:Budapest/Ferencváros#see:grand-market-area"", ""wv:en:Budapest/Angyalföld#do:lehel-market-hall"", ""wv:en:Budapest/Józsefváros#do:rakoczi-square-market-hall"", ""osm:node/3588514314""]"
s3vectors,1024,warm,opera,75.4,62.9,138.4,"[""wv:en:Budapest/Terézváros#do:state-opera-or-hungarian-state-opera-house"", ""wv:en:Budapest/Terézváros#see:state-opera-house"", ""wp:en:1438363#s0-c1"", ""wp:en:1438363#s2-c1"", ""wp:en:1438363#s3-c1"", ""wp:en:1438363#s1-c1"", ""wp:en:1438363#s4-c1"", ""wv:en:Budapest/Terézváros#do:budapest-operetta-theatre"", ""wv:en:Budapest/Angyalföld#do:open-air-theatre"", ""wv:en:Budapest/South Pest#do:sari-fedak-theatre""]"
s3vectors,1024,warm,memento-park,54.7,59.8,114.5,"[""wv:en:Budapest/South Buda#see:memento-park"", ""tour:budapest:trip-to-budapest-communism"", ""wv:en:Budapest/Aquincum#see:graphisoft-park"", ""wv:en:Budapest/Kőbánya#do:tchaikovsky-park"", ""osm:way/83186847"", ""wp:en:8362709#s1-c1"", ""osm:way/469218807"", ""wv:en:Budapest/Belváros#do:park-of-szechenyi-istvan-ter"", ""osm:way/365216106"", ""wv:en:Budapest/North Buda#see:millenaris-park""]"
s3vectors,1024,warm,hospital-rock,54.8,60.9,115.7,"[""wp:en:75078576#s0-c1"", ""wp:en:44810974#s0-c1"", ""wv:en:Budapest/Budavár#see:hospital-in-the-rock-nuclear-bunker-museum"", ""wv:en:Budapest/Belváros#see:f4-object"", ""wp:en:44810974#s6-c1"", ""wv:en:Budapest/South Buda#see:cave-house-museum"", ""wv:en:Budapest/Kőbánya#see:central-museum-of-disaster-management"", ""wp:en:44810974#s3-c1"", ""wp:en:75078576#s1-c1"", ""wp:en:2994351#s21-c1""]"
s3vectors,1024,warm,shoes-memorial,76.4,59.6,136.1,"[""wp:en:9052076#s0-c1"", ""wp:en:9052076#s1-c1"", ""wv:en:Budapest/Belváros#see:shoes-on-the-danube-memorial"", ""wp:en:9052076#s3-c1"", ""wp:en:7706391#s10-c1"", ""wp:en:9052076#s4-c1"", ""wv:en:Budapest/Ferencváros#see:holocaust-memorial-center"", ""wp:en:39684758#s0-c1"", ""osm:node/13390812109"", ""osm:node/12296868961""]"
s3vectors,1024,warm,heroes-square,50.5,62.4,112.8,"[""osm:relation/7108327"", ""osm:relation/6411893"", ""wp:en:2254072#s0-c1"", ""wv:en:Budapest#section:see:c4"", ""wv:en:Budapest/Terézváros#section:understand:c1"", ""wv:en:Budapest/Budavár#see:homeland-defence-headquarter"", ""wv:en:Budapest/Víziváros#section:see/vizivaros/around-adam-clark-square-clark-adam-ter:c1"", ""wv:en:Budapest/Budavár#see:castle-chapel"", ""wv:en:Budapest/Víziváros#see:castle-garden-kiosk-ybl-buda-creative-house"", ""wv:en:Budapest#section:see:c2""]"
s3vectors,1024,warm,aquincum,75.0,65.2,140.2,"[""wv:en:Budapest/Óbuda#see:thermae-maiores"", ""wv:en:Budapest/Óbuda#see:hercules-villa"", ""wv:en:Budapest/Óbuda#see:cella-trichora"", ""wv:en:Budapest/Aquincum#see:aquincum-museum-and-archaeological-park"", ""wp:en:78012312#s0-c1"", ""wv:en:Budapest/Józsefváros#see:museum-of-funeral"", ""wv:en:Budapest/Óbuda#see:porta-principalis-dextra"", ""wv:en:Budapest/Budavár#see:castle-museum"", ""wv:en:Budapest/Óbuda#see:aquincum-military-amphitheatre"", ""osm:node/3884465506""]"
s3vectors,1024,warm,airport-to-centre,75.4,62.1,137.4,"[""wv:en:Budapest#section:get-in/by-plane:c2"", ""wv:es:Budapest#section:llegar/en-avion:c3"", ""wv:es:Budapest#section:llegar/en-avion:c4"", ""wv:en:Budapest#section:get-in/by-plane:c1"", ""wv:en:Budapest#section:get-around/public-transport:c2"", ""wv:en:Budapest/Hegyvidék#section:get-in/other-transport-modes:c1"", ""wv:es:Budapest#section:llegar/en-avion:c1"", ""wv:es:Budapest#section:llegar/transporte-publico:c2"", ""wp:en:56138927#s17-c1"", ""wv:en:Budapest/Hegyvidék#section:get-in:c1""]"
s3vectors,1024,warm,airport-es,70.0,66.9,136.9,"[""wv:es:Budapest#section:llegar/en-avion:c3"", ""wv:es:Budapest#section:llegar/en-avion:c4"", ""wv:es:Budapest#section:llegar/en-avion:c1"", ""wv:en:Budapest#section:get-in/by-plane:c2"", ""wv:es:Budapest#section:llegar/transporte-publico:c2"", ""wv:es:Budapest#section:llegar/en-bus:c1"", ""wv:en:Budapest#section:get-around/public-transport:c2"", ""wv:es:Budapest#section:llegar/transporte-publico/otro:c1"", ""wv:en:Budapest#section:get-in/by-plane:c1"", ""wv:es:Budapest#section:llegar/en-avion:c2""]"
s3vectors,1024,warm,public-transport,75.2,64.5,139.7,"[""wv:en:Budapest#section:get-around/public-transport/tickets-and-passes:c1"", ""wv:en:Budapest#section:get-around/public-transport/tickets-and-passes:c2"", ""wv:es:Budapest#section:llegar/transporte-publico/entradas-y-pases:c2"", ""wv:en:Budapest#transport:tram-60-cogwheel-railway"", ""wv:es:Budapest#section:llegar/transporte-publico/entradas-y-pases:c1"", ""wv:es:Budapest#section:llegar/transporte-publico/metro:c1"", ""wp:en:31148640#s6-c1"", ""wv:en:Budapest#section:get-around/public-transport/tram:c1"", ""wv:en:Budapest#section:get-around/public-transport/metro:c1"", ""wv:es:Budapest#section:seguridad/trampas-para-turistas:c1""]"
s3vectors,1024,warm,funicular,78.1,78.1,156.2,"[""wv:en:Budapest/Budavár#section:get-in/by-funicular:c1"", ""wv:es:Budapest#transport:funicular-del-castillo-buda"", ""wv:en:Budapest#transport:buda-castle-funicular"", ""wv:en:Budapest/Budavár#section:get-in:c1"", ""tour:budapest:luna-buda-castle"", ""wp:en:2994351#s40-c1"", ""wv:en:Budapest/Hegyvidék#section:get-in/buses:c1"", ""wp:en:2994351#s53-c1"", ""wv:en:Budapest/Víziváros#see:buda-castle-tunnel"", ""tour:budapest:go-zeppelin-buda-castle""]"
s3vectors,1024,warm,escape-room,622.5,63.0,685.5,"[""wv:en:Budapest/Erzsébetváros#do:play-escape-room"", ""wv:en:Budapest/Városliget#do:prizone-escape"", ""wv:en:Budapest/Zugló#do:parahotel"", ""wv:en:Budapest/Kőbánya#do:pirate-cave"", ""wv:en:Budapest/Csepel#do:trap-factory"", ""wv:en:Budapest/Kőbánya#do:rage-room-budapest"", ""wp:en:2994351#s34-c1"", ""wv:en:Budapest/Óbuda#do:brainmaze"", ""wp:en:2994351#s65-c1"", ""wp:en:2994351#s32-c1""]"
s3vectors,1024,warm,vegan,49.0,63.4,112.4,"[""wv:en:Budapest#section:eat/vegetarian-vegan:c1"", ""wv:es:Budapest#section:comer/vegetariano-vegano:c1"", ""wv:en:Budapest/Víziváros#eat:edeni-vegan"", ""osm:node/4585086090"", ""osm:node/5770690057"", ""wv:en:Budapest/Víziváros#eat:edeni-vegan-restaurant"", ""wv:en:Budapest/Belváros#eat:govinda-restaurants"", ""wv:en:Budapest/Aquincum#eat:govinda-csillaghegy"", ""osm:node/5528143821"", ""osm:node/1918883383""]"
s3vectors,1024,warm,new-york-cafe,50.3,65.2,115.5,"[""wv:en:Budapest#section:eat/coffee-houses:c1"", ""wv:en:Budapest/Terézváros#eat:sugarshop"", ""osm:node/5474855522"", ""wv:es:Budapest#section:comer/cafeterias:c1"", ""wv:en:Budapest/Erzsébetváros#eat:new-york-cafe"", ""osm:node/9082621846"", ""osm:node/13680999181"", ""osm:node/5387347771"", ""osm:node/692977110"", ""osm:node/1573205258""]"
s3vectors,1024,warm,national-museum,53.7,62.0,115.7,"[""wp:en:7799944#s0-c1"", ""wv:en:Budapest/Erzsébetváros#see:hungarian-national-museum"", ""wv:en:Budapest/Józsefváros#see:national-museum"", ""wp:en:35457863#s2-c1"", ""wp:en:7799944#s1-c1"", ""wp:en:7799944#s2-c1"", ""wp:en:7799944#s3-c1"", ""wp:en:12058019#s0-c1"", ""wv:en:Budapest/Budavár#see:hungarian-national-gallery"", ""wp:en:7799944#s1-c2""]"
s3vectors,1024,warm,zoo,68.7,66.7,135.4,"[""wv:en:Budapest/Budavár#see:fountain-of-fishing-kids"", ""wv:en:Budapest/Csepel#eat:arany-pancake-shop-and-pub"", ""wv:en:Budapest/Hegyvidék#transport:children-s-railway"", ""osm:way/25281026"", ""osm:way/906696800"", ""wv:en:Budapest/South Buda#eat:becsiszelet-restaurant"", ""wv:en:Budapest/Angyalföld#do:oko-playground"", ""wv:en:Budapest/Kőbánya#do:family-center"", ""wv:en:Budapest/Csepel#eat:nadfedeles-csarda"", ""wv:en:Budapest/South Pest#drink:nyalifali""]"
s3vectors,1024,warm,margaret-island,55.3,66.5,121.7,"[""wp:en:20947490#s0-c1"", ""wp:en:20947490#s1-c1"", ""wv:en:Budapest/Aquincum#do:obuda-island"", ""wv:en:Budapest/Belváros#see:danube-promenade"", ""wp:en:9033099#s0-c1"", ""wv:en:Budapest/Angyalföld#do:people-island"", ""osm:relation/21179013"", ""wv:en:Budapest/Kőbánya#do:people-s-park"", ""wv:en:Budapest/Budavár#do:europe-park"", ""wv:en:Budapest/South Buda#do:independent-park""]"
s3vectors,1024,warm,climate-october,69.1,69.2,138.3,"[""om:climate:budapest:10"", ""om:climate:budapest:11"", ""wv:en:Budapest#section:understand/climate:c1"", ""wv:es:Budapest#section:comprender/clima:c1"", ""om:climate:budapest:09"", ""om:climate:budapest:08"", ""wv:en:Budapest/Víziváros#see:gyorgy-dozsa-monument"", ""om:climate:budapest:04"", ""osm:way/57716766"", ""wv:en:Budapest#practical:republic-of-korea""]"
s3vectors,1024,warm,clima-enero-es,53.1,69.2,122.3,"[""om:climate:budapest:01"", ""om:climate:budapest:02"", ""wv:es:Budapest#section:comprender/clima:c1"", ""wv:en:Budapest/North Buda#see:ruins-of-pauline-monastery"", ""osm:way/166167091"", ""wv:en:Budapest/South Buda#see:kelenfold-bus-depot"", ""osm:way/166167074"", ""om:climate:budapest:12"", ""osm:way/166167090"", ""wp:en:2994351#s21-c1""]"
qdrant,2048,cold,baths-buda,95.3,1959.0,2054.2,"[""wv:en:Budapest/North Buda#do:thermal-bath-szent-lukacs"", ""wv:en:Budapest/South Buda#do:gellert-baths"", ""wv:en:Budapest#section:do/thermal-baths:c1"", ""wv:en:Budapest/Víziváros#do:rudas-thermal-bath"", ""wv:es:Budapest#section:hacer/banos-termales:c1"", ""wv:en:Budapest#section:do/thermal-baths/modern-baths:c1"", ""wp:en:1672696#s0-c1"", ""wv:en:Budapest#section:do/thermal-baths/traditional-public-baths:c1"", ""wp:en:35313365#s0-c2"", ""wv:en:Budapest/Városliget#do:szechenyi-thermal-bath""]"
qdrant,2048,warm,baths-buda,73.6,39.3,112.9,"[""wv:en:Budapest/North Buda#do:thermal-bath-szent-lukacs"", ""wv:en:Budapest/South Buda#do:gellert-baths"", ""wv:en:Budapest#section:do/thermal-baths:c1"", ""wv:en:Budapest/Víziváros#do:rudas-thermal-bath"", ""wv:es:Budapest#section:hacer/banos-termales:c1"", ""wv:en:Budapest#section:do/thermal-baths/modern-baths:c1"", ""wp:en:1672696#s0-c1"", ""wv:en:Budapest#section:do/thermal-baths/traditional-public-baths:c1"", ""wp:en:35313365#s0-c2"", ""wv:en:Budapest/Városliget#do:szechenyi-thermal-bath""]"
qdrant,2048,warm,baths-buda-es,74.5,21.4,95.9,"[""wv:es:Budapest#section:hacer/banos-termales:c1"", ""wv:en:Budapest/South Buda#do:gellert-baths"", ""wv:en:Budapest/North Buda#do:thermal-bath-szent-lukacs"", ""wv:es:Budapest#section:hacer/banos-termales/banos-publicos-tradicionales/banos-modernos:c1"", ""wv:en:Budapest#section:do/thermal-baths:c1"", ""wv:en:Budapest#section:do/thermal-baths/modern-baths:c1"", ""wv:en:Budapest/Víziváros#do:rudas-thermal-bath"", ""wp:en:35313365#s0-c2"", ""wp:en:1672696#s0-c1"", ""wv:es:Budapest#section:hacer/banos-termales/banos-publicos-tradicionales:c1""]"
qdrant,2048,warm,szechenyi,75.7,22.1,97.8,"[""wp:en:2613263#s1-c1"", ""wv:en:Budapest/Városliget#do:szechenyi-thermal-bath"", ""wp:en:2613263#s0-c1"", ""wv:en:Budapest/Városliget#section:do/leisure:c1"", ""wp:en:35313365#s0-c2"", ""wv:en:Budapest/Aquincum#do:csillaghegy-arpad-bath"", ""wv:en:Budapest#section:do/thermal-baths:c1"", ""wv:en:Budapest/Erzsébetváros#see:hungaria-bath"", ""wp:en:35313365#s0-c1"", ""wv:en:Budapest/Belváros#do:park-of-szechenyi-istvan-ter""]"
qdrant,2048,warm,szechenyi-plain,77.9,33.2,111.0,"[""wp:en:2613263#s2-c1"", ""wv:en:Budapest/East Pest#do:szentmihaly-swimming-pool"", ""wv:en:Budapest/Városliget#do:szechenyi-thermal-bath"", ""wv:en:Budapest/East Pest#do:erzsebetliget-swimming-pool"", ""wv:en:Budapest/Zugló#do:bvsc-swimming-pool"", ""wv:en:Budapest/Kőbánya#do:ujhegy-swimming-pool-and-bath"", ""wv:en:Budapest/East Pest#do:ujlak-swimming-pool"", ""wp:en:2613263#s1-c1"", ""wv:en:Budapest/Aquincum#do:szedruskert-training-pool"", ""wv:en:Budapest/Zugló#do:paskal-thermal-bath""]"
qdrant,2048,warm,ruin-bars,88.0,21.5,109.5,"[""osm:node/3283497736"", ""wv:en:Budapest/Erzsébetváros#section:drink:c1"", ""osm:node/3134154429"", ""wv:en:Budapest/Belváros#section:drink:c1"", ""tour:budapest:go-zeppelin-jewish-quarter"", ""wv:en:Budapest/South Buda#drink:avar-pub"", ""osm:node/9084818345"", ""osm:node/2188749318"", ""wv:en:Budapest/East Pest#drink:kispipa-pub"", ""wv:en:Budapest/Aquincum#drink:miamor-romaim""]"
qdrant,2048,warm,parliament,73.5,22.4,95.9,"[""wv:en:Budapest/Belváros#see:parliament"", ""wv:en:Budapest/Belváros#section:see/the-parliament:c1"", ""wv:en:Budapest/Józsefváros#see:former-house-of-parliament"", ""wv:en:Budapest/Belváros#see:ethnographic-museum"", ""wv:es:Budapest#section:ver:c1"", ""wv:en:Budapest/Hegyvidék#do:budapest-congress-center"", ""wv:en:Budapest#section:see:c3"", ""wv:en:Budapest/Józsefváros#see:national-museum"", ""wp:en:1438363#s0-c1"", ""wv:en:Budapest#section:see:c5""]"
qdrant,2048,warm,free-walking-tour,72.1,41.9,114.0,"[""tour:budapest:by-locals-pest-english"", ""tour:budapest:go-zeppelin-best-of-budapest"", ""tour:budapest:trip-to-budapest-pest"", ""tour:budapest:luna-pest-downtown"", ""tour:budapest:trip-to-budapest-art-nouveau"", ""tour:budapest:go-zeppelin-buda-castle"", ""tour:budapest:by-locals-pest-spanish"", ""wv:en:Budapest#section:do:c1"", ""tour:budapest:trip-to-budapest-buda-castle"", ""tour:budapest:trip-to-budapest-jewish-district""]"
qdrant,2048,warm,free-tour-es,71.6,21.4,92.9,"[""tour:budapest:by-locals-pest-spanish"", ""tour:budapest:trip-to-budapest-pest"", ""tour:budapest:by-locals-pest-english"", ""tour:budapest:go-zeppelin-best-of-budapest"", ""tour:budapest:luna-pest-downtown"", ""tour:budapest:trip-to-budapest-buda-castle"", ""wv:en:Budapest#section:do:c1"", ""tour:budapest:trip-to-budapest-art-nouveau"", ""tour:budapest:trip-to-budapest-jewish-district"", ""tour:budapest:go-zeppelin-buda-castle""]"
qdrant,2048,warm,jewish-quarter-tour,72.0,20.9,93.0,"[""tour:budapest:go-zeppelin-jewish-quarter"", ""tour:budapest:trip-to-budapest-jewish-district"", ""wv:en:Budapest/Erzsébetváros#section:understand/jewish-quarter:c1"", ""wp:en:7706391#s9-c1"", ""wp:en:35457863#s0-c1"", ""wv:en:Budapest/Budavár#see:medieval-jewish-prayer-house"", ""wp:en:7706391#s7-c1"", ""tour:budapest:trip-to-budapest-communism"", ""wp:en:39684758#s0-c1"", ""tour:budapest:go-zeppelin-buda-castle""]"
qdrant,2048,warm,danube-cruise,69.8,21.8,91.5,"[""wv:en:Budapest/Belváros#do:cruising-and-eating"", ""wv:en:Budapest/South Buda#section:drink/clubs-bars:c1"", ""wv:en:Budapest/Belváros#do:boat-trip-to-margaret-island"", ""wv:en:Budapest/Belváros#see:danube-promenade"", ""wp:en:9033099#s0-c1"", ""wv:en:Budapest/Belváros#see:kossuth-museumship"", ""wv:en:Budapest#section:eat/restaurants:c2"", ""wv:en:Budapest#do:hungaria-koncert"", ""wv:en:Budapest/Belváros#drink:wine-tasting-on-boat"", ""wv:en:Budapest#do:firework-above-danube-river""]"
qdrant,2048,warm,cave-tour,78.6,22.8,101.4,"[""wv:en:Budapest/North Buda#do:szemlo-hill-cave"", ""wv:en:Budapest/North Buda#do:palvolgy-cave"", ""osm:node/3302791818"", ""wv:en:Budapest/North Buda#do:molnar-janos-cave"", ""wv:en:Budapest/North Buda#do:matyas-hegyi-cave"", ""wv:en:Budapest/Hegyvidék#do:buda-protected-landscape-area"", ""tour:budapest:trip-to-budapest-buda-castle"", ""wv:en:Budapest/Óbuda#see:tabor-hegyi-cave"", ""wp:en:2994351#s72-c1"", ""wv:en:Budapest#section:do/caving:c1""]"
qdrant,2048,warm,bike-tour,79.4,22.7,102.1,"[""tour:budapest:by-locals-pest-english"", ""tour:budapest:go-zeppelin-best-of-budapest"", ""tour:budapest:luna-pest-downtown"", ""tour:budapest:trip-to-budapest-pest"", ""tour:budapest:by-locals-pest-spanish"", ""tour:budapest:go-zeppelin-buda-castle"", ""tour:budapest:trip-to-budapest-jewish-district"", ""tour:budapest:trip-to-budapest-buda-castle"", ""wv:en:Budapest#section:do:c1"", ""wv:en:Budapest#transport:yellow-zebra-bike""]"
qdrant,2048,warm,fishermans-bastion,71.8,24.7,96.6,"[""wp:en:3733065#s7-c1"", ""wp:en:3733065#s6-c1"", ""wp:en:3733065#s4-c1"", ""wp:en:3733065#s3-c2"", ""wv:en:Budapest/Budavár#see:fisherman-s-bastion"", ""wp:en:3733065#s3-c1"", ""wp:en:3733065#s1-c1"", ""wp:en:3733065#s9-c1"", ""wp:en:3733065#s0-c1"", ""wp:en:3733065#s14-c1""]"
qdrant,2048,warm,market-hall,79.1,22.1,101.3,"[""wv:en:Budapest/Ferencváros#do:great-market-hall"", ""wp:en:6155085#s1-c2"", ""wp:en:6155085#s0-c1"", ""wp:en:6155085#s1-c1"", ""wv:en:Budapest/Belváros#do:market-hall"", ""wv:en:Budapest/Ferencváros#see:grand-market-area"", ""wv:en:Budapest/Angyalföld#do:lehel-market-hall"", ""wv:en:Budapest/Józsefváros#do:rakoczi-square-market-hall"", ""wp:en:63518001#s0-c1"", ""wv:en:Budapest/Víziváros#do:batthyany-square-market-hall""]"
qdrant,2048,warm,opera,71.0,32.6,103.7,"[""wv:en:Budapest/Terézváros#do:state-opera-or-hungarian-state-opera-house"", ""wv:en:Budapest/Terézváros#see:state-opera-house"", ""wp:en:1438363#s0-c1"", ""wp:en:1438363#s2-c1"", ""wp:en:1438363#s3-c1"", ""wp:en:1438363#s1-c1"", ""wp:en:1438363#s4-c1"", ""wv:en:Budapest/Terézváros#do:budapest-operetta-theatre"", ""wv:en:Budapest/Angyalföld#do:open-air-theatre"", ""wv:en:Budapest/South Pest#do:sari-fedak-theatre""]"
qdrant,2048,warm,memento-park,77.0,18.8,95.8,"[""wv:en:Budapest/South Buda#see:memento-park"", ""tour:budapest:trip-to-budapest-communism"", ""wv:en:Budapest/Aquincum#see:graphisoft-park"", ""wv:en:Budapest/Kőbánya#do:tchaikovsky-park"", ""osm:way/83186847"", ""wp:en:8362709#s1-c1"", ""osm:way/469218807"", ""wv:en:Budapest/Belváros#do:park-of-szechenyi-istvan-ter"", ""osm:way/365216106"", ""wv:en:Budapest/North Buda#see:millenaris-park""]"
qdrant,2048,warm,hospital-rock,76.7,20.8,97.5,"[""wp:en:75078576#s0-c1"", ""wp:en:44810974#s0-c1"", ""wv:en:Budapest/Budavár#see:hospital-in-the-rock-nuclear-bunker-museum"", ""wv:en:Budapest/Belváros#see:f4-object"", ""wp:en:44810974#s6-c1"", ""wv:en:Budapest/South Buda#see:cave-house-museum"", ""wv:en:Budapest/Kőbánya#see:central-museum-of-disaster-management"", ""wp:en:44810974#s3-c1"", ""wp:en:75078576#s1-c1"", ""wp:en:2994351#s21-c1""]"
qdrant,2048,warm,shoes-memorial,76.6,21.1,97.7,"[""wp:en:9052076#s0-c1"", ""wp:en:9052076#s1-c1"", ""wv:en:Budapest/Belváros#see:shoes-on-the-danube-memorial"", ""wp:en:9052076#s3-c1"", ""wp:en:7706391#s10-c1"", ""wp:en:9052076#s4-c1"", ""wv:en:Budapest/Ferencváros#see:holocaust-memorial-center"", ""wp:en:39684758#s0-c1"", ""osm:node/13390812109"", ""osm:node/12296868961""]"
qdrant,2048,warm,heroes-square,70.0,18.9,88.8,"[""osm:relation/7108327"", ""osm:relation/6411893"", ""wp:en:2254072#s0-c1"", ""wv:en:Budapest#section:see:c4"", ""wv:en:Budapest/Terézváros#section:understand:c1"", ""wv:en:Budapest/Budavár#see:homeland-defence-headquarter"", ""wv:en:Budapest/Víziváros#section:see/vizivaros/around-adam-clark-square-clark-adam-ter:c1"", ""wv:en:Budapest/Budavár#see:castle-chapel"", ""wv:en:Budapest/Víziváros#see:castle-garden-kiosk-ybl-buda-creative-house"", ""wv:en:Budapest#section:see:c2""]"
qdrant,2048,warm,aquincum,71.3,22.0,93.3,"[""wv:en:Budapest/Óbuda#see:thermae-maiores"", ""wv:en:Budapest/Óbuda#see:hercules-villa"", ""wv:en:Budapest/Óbuda#see:cella-trichora"", ""wv:en:Budapest/Aquincum#see:aquincum-museum-and-archaeological-park"", ""wp:en:78012312#s0-c1"", ""wv:en:Budapest/Józsefváros#see:museum-of-funeral"", ""wv:en:Budapest/Óbuda#see:porta-principalis-dextra"", ""wv:en:Budapest/Budavár#see:castle-museum"", ""wv:en:Budapest/Óbuda#see:aquincum-military-amphitheatre"", ""osm:node/3884465506""]"
qdrant,2048,warm,airport-to-centre,73.2,25.2,98.4,"[""wv:en:Budapest#section:get-in/by-plane:c2"", ""wv:es:Budapest#section:llegar/en-avion:c3"", ""wv:es:Budapest#section:llegar/en-avion:c4"", ""wv:en:Budapest#section:get-in/by-plane:c1"", ""wv:en:Budapest#section:get-around/public-transport:c2"", ""wv:en:Budapest/Hegyvidék#section:get-in/other-transport-modes:c1"", ""wv:es:Budapest#section:llegar/en-avion:c1"", ""wv:es:Budapest#section:llegar/transporte-publico:c2"", ""wp:en:56138927#s17-c1"", ""wv:en:Budapest/Hegyvidék#section:get-in:c1""]"
qdrant,2048,warm,airport-es,79.0,19.5,98.5,"[""wv:es:Budapest#section:llegar/en-avion:c3"", ""wv:es:Budapest#section:llegar/en-avion:c4"", ""wv:es:Budapest#section:llegar/en-avion:c1"", ""wv:en:Budapest#section:get-in/by-plane:c2"", ""wv:es:Budapest#section:llegar/transporte-publico:c2"", ""wv:es:Budapest#section:llegar/en-bus:c1"", ""wv:en:Budapest#section:get-around/public-transport:c2"", ""wv:es:Budapest#section:llegar/transporte-publico/otro:c1"", ""wv:en:Budapest#section:get-in/by-plane:c1"", ""wv:es:Budapest#section:llegar/en-avion:c2""]"
qdrant,2048,warm,public-transport,73.6,26.1,99.7,"[""wv:en:Budapest#section:get-around/public-transport/tickets-and-passes:c1"", ""wv:en:Budapest#section:get-around/public-transport/tickets-and-passes:c2"", ""wv:es:Budapest#section:llegar/transporte-publico/entradas-y-pases:c2"", ""wv:en:Budapest#transport:tram-60-cogwheel-railway"", ""wv:es:Budapest#section:llegar/transporte-publico/entradas-y-pases:c1"", ""wv:es:Budapest#section:llegar/transporte-publico/metro:c1"", ""wp:en:31148640#s6-c1"", ""wv:en:Budapest#section:get-around/public-transport/tram:c1"", ""wv:en:Budapest#section:get-around/public-transport/metro:c1"", ""wv:es:Budapest#section:seguridad/trampas-para-turistas:c1""]"
qdrant,2048,warm,funicular,74.8,22.7,97.6,"[""wv:en:Budapest/Budavár#section:get-in/by-funicular:c1"", ""wv:es:Budapest#transport:funicular-del-castillo-buda"", ""wv:en:Budapest#transport:buda-castle-funicular"", ""wv:en:Budapest/Budavár#section:get-in:c1"", ""tour:budapest:luna-buda-castle"", ""wp:en:2994351#s40-c1"", ""wv:en:Budapest/Hegyvidék#section:get-in/buses:c1"", ""wv:en:Budapest/Víziváros#see:buda-castle-tunnel"", ""wp:en:2994351#s53-c1"", ""tour:budapest:go-zeppelin-buda-castle""]"
qdrant,2048,warm,escape-room,70.9,23.1,94.0,"[""wv:en:Budapest/Erzsébetváros#do:play-escape-room"", ""wv:en:Budapest/Városliget#do:prizone-escape"", ""wv:en:Budapest/Zugló#do:parahotel"", ""wv:en:Budapest/Kőbánya#do:pirate-cave"", ""wv:en:Budapest/Csepel#do:trap-factory"", ""wv:en:Budapest/Kőbánya#do:rage-room-budapest"", ""wp:en:2994351#s34-c1"", ""wv:en:Budapest/Óbuda#do:brainmaze"", ""wp:en:2994351#s65-c1"", ""wp:en:2994351#s32-c1""]"
qdrant,2048,warm,vegan,75.2,22.8,98.0,"[""wv:en:Budapest#section:eat/vegetarian-vegan:c1"", ""wv:es:Budapest#section:comer/vegetariano-vegano:c1"", ""wv:en:Budapest/Víziváros#eat:edeni-vegan"", ""osm:node/4585086090"", ""osm:node/5770690057"", ""wv:en:Budapest/Víziváros#eat:edeni-vegan-restaurant"", ""wv:en:Budapest/Belváros#eat:govinda-restaurants"", ""wv:en:Budapest/Aquincum#eat:govinda-csillaghegy"", ""osm:node/5528143821"", ""osm:node/1918883383""]"
qdrant,2048,warm,new-york-cafe,75.7,20.8,96.6,"[""wv:en:Budapest#section:eat/coffee-houses:c1"", ""wv:en:Budapest/Terézváros#eat:sugarshop"", ""osm:node/5474855522"", ""wv:es:Budapest#section:comer/cafeterias:c1"", ""wv:en:Budapest/Erzsébetváros#eat:new-york-cafe"", ""osm:node/9082621846"", ""osm:node/13680999181"", ""osm:node/5387347771"", ""osm:node/692977110"", ""osm:node/1573205258""]"
qdrant,2048,warm,national-museum,70.7,20.3,91.0,"[""wp:en:7799944#s0-c1"", ""wv:en:Budapest/Erzsébetváros#see:hungarian-national-museum"", ""wv:en:Budapest/Józsefváros#see:national-museum"", ""wp:en:35457863#s2-c1"", ""wp:en:7799944#s1-c1"", ""wp:en:7799944#s2-c1"", ""wp:en:7799944#s3-c1"", ""wp:en:12058019#s0-c1"", ""wv:en:Budapest/Budavár#see:hungarian-national-gallery"", ""wp:en:7799944#s1-c2""]"
qdrant,2048,warm,zoo,72.6,23.5,96.1,"[""wv:en:Budapest/Csepel#eat:arany-pancake-shop-and-pub"", ""osm:node/4079894508"", ""osm:way/25281026"", ""osm:way/906696800"", ""wv:en:Budapest/South Buda#eat:becsiszelet-restaurant"", ""wv:en:Budapest/Angyalföld#do:oko-playground"", ""wv:en:Budapest/Kőbánya#do:pirate-cave"", ""wv:en:Budapest/Csepel#eat:nadfedeles-csarda"", ""osm:way/1054346248"", ""wv:en:Budapest/South Pest#drink:nyalifali""]"
qdrant,2048,warm,margaret-island,67.0,20.4,87.3,"[""wp:en:20947490#s0-c1"", ""wp:en:20947490#s1-c1"", ""wv:en:Budapest/Aquincum#do:obuda-island"", ""wv:en:Budapest/Belváros#see:danube-promenade"", ""wp:en:9033099#s0-c1"", ""wv:en:Budapest/Angyalföld#do:people-island"", ""osm:relation/21179013"", ""wv:en:Budapest/Kőbánya#do:people-s-park"", ""wv:en:Budapest/Budavár#do:europe-park"", ""wv:en:Budapest/South Buda#do:independent-park""]"
qdrant,2048,warm,climate-october,70.4,21.3,91.7,"[""om:climate:budapest:10"", ""om:climate:budapest:11"", ""wv:en:Budapest#section:understand/climate:c1"", ""wv:es:Budapest#section:comprender/clima:c1"", ""om:climate:budapest:09"", ""om:climate:budapest:08"", ""om:climate:budapest:04"", ""wv:en:Budapest#practical:finland"", ""wv:en:Budapest#practical:sweden"", ""osm:way/57716766""]"
qdrant,2048,warm,clima-enero-es,75.0,29.2,104.2,"[""om:climate:budapest:01"", ""om:climate:budapest:02"", ""osm:way/166167091"", ""wv:en:Budapest/North Buda#see:ruins-of-pauline-monastery"", ""wv:en:Budapest/South Buda#see:kelenfold-bus-depot"", ""osm:way/166167074"", ""om:climate:budapest:12"", ""osm:way/166167090"", ""wv:en:Budapest/South Buda#do:kopaszi-dam"", ""wv:en:Budapest/Terézváros#see:anker-palace""]"
qdrant,2048,warm,baths-buda,73.6,26.8,100.4,"[""wv:en:Budapest/North Buda#do:thermal-bath-szent-lukacs"", ""wv:en:Budapest/South Buda#do:gellert-baths"", ""wv:en:Budapest#section:do/thermal-baths:c1"", ""wv:en:Budapest/Víziváros#do:rudas-thermal-bath"", ""wv:es:Budapest#section:hacer/banos-termales:c1"", ""wv:en:Budapest#section:do/thermal-baths/modern-baths:c1"", ""wp:en:1672696#s0-c1"", ""wv:en:Budapest#section:do/thermal-baths/traditional-public-baths:c1"", ""wp:en:35313365#s0-c2"", ""wv:en:Budapest/Városliget#do:szechenyi-thermal-bath""]"
qdrant,2048,warm,baths-buda-es,69.6,23.5,93.1,"[""wv:es:Budapest#section:hacer/banos-termales:c1"", ""wv:en:Budapest/South Buda#do:gellert-baths"", ""wv:en:Budapest/North Buda#do:thermal-bath-szent-lukacs"", ""wv:es:Budapest#section:hacer/banos-termales/banos-publicos-tradicionales/banos-modernos:c1"", ""wv:en:Budapest#section:do/thermal-baths:c1"", ""wv:en:Budapest#section:do/thermal-baths/modern-baths:c1"", ""wv:en:Budapest/Víziváros#do:rudas-thermal-bath"", ""wp:en:35313365#s0-c2"", ""wp:en:1672696#s0-c1"", ""wv:es:Budapest#section:hacer/banos-termales/banos-publicos-tradicionales:c1""]"
qdrant,2048,warm,szechenyi,72.2,22.8,95.0,"[""wp:en:2613263#s1-c1"", ""wv:en:Budapest/Városliget#do:szechenyi-thermal-bath"", ""wp:en:2613263#s0-c1"", ""wv:en:Budapest/Városliget#section:do/leisure:c1"", ""wp:en:35313365#s0-c2"", ""wv:en:Budapest/Aquincum#do:csillaghegy-arpad-bath"", ""wv:en:Budapest#section:do/thermal-baths:c1"", ""wv:en:Budapest/Erzsébetváros#see:hungaria-bath"", ""wp:en:35313365#s0-c1"", ""wv:en:Budapest/Belváros#do:park-of-szechenyi-istvan-ter""]"
qdrant,2048,warm,szechenyi-plain,69.2,22.5,91.6,"[""wp:en:2613263#s2-c1"", ""wv:en:Budapest/East Pest#do:szentmihaly-swimming-pool"", ""wv:en:Budapest/Városliget#do:szechenyi-thermal-bath"", ""wv:en:Budapest/East Pest#do:erzsebetliget-swimming-pool"", ""wv:en:Budapest/Zugló#do:bvsc-swimming-pool"", ""wv:en:Budapest/Kőbánya#do:ujhegy-swimming-pool-and-bath"", ""wv:en:Budapest/East Pest#do:ujlak-swimming-pool"", ""wp:en:2613263#s1-c1"", ""wv:en:Budapest/Aquincum#do:szedruskert-training-pool"", ""wv:en:Budapest/Zugló#do:paskal-thermal-bath""]"
qdrant,2048,warm,ruin-bars,70.9,24.0,95.0,"[""osm:node/3283497736"", ""wv:en:Budapest/Erzsébetváros#section:drink:c1"", ""osm:node/3134154429"", ""wv:en:Budapest/Belváros#section:drink:c1"", ""tour:budapest:go-zeppelin-jewish-quarter"", ""wv:en:Budapest/South Buda#drink:avar-pub"", ""osm:node/9084818345"", ""osm:node/2188749318"", ""wv:en:Budapest/East Pest#drink:kispipa-pub"", ""wv:en:Budapest/Aquincum#drink:miamor-romaim""]"
qdrant,2048,warm,parliament,71.7,22.6,94.3,"[""wv:en:Budapest/Belváros#see:parliament"", ""wv:en:Budapest/Belváros#section:see/the-parliament:c1"", ""wv:en:Budapest/Józsefváros#see:former-house-of-parliament"", ""wv:en:Budapest/Belváros#see:ethnographic-museum"", ""wv:es:Budapest#section:ver:c1"", ""wv:en:Budapest/Hegyvidék#do:budapest-congress-center"", ""wv:en:Budapest#section:see:c3"", ""wv:en:Budapest/Józsefváros#see:national-museum"", ""wp:en:1438363#s0-c1"", ""wv:en:Budapest#section:see:c5""]"
qdrant,2048,warm,free-walking-tour,67.8,24.6,92.4,"[""tour:budapest:by-locals-pest-english"", ""tour:budapest:go-zeppelin-best-of-budapest"", ""tour:budapest:trip-to-budapest-pest"", ""tour:budapest:luna-pest-downtown"", ""tour:budapest:trip-to-budapest-art-nouveau"", ""tour:budapest:go-zeppelin-buda-castle"", ""tour:budapest:by-locals-pest-spanish"", ""wv:en:Budapest#section:do:c1"", ""tour:budapest:trip-to-budapest-buda-castle"", ""tour:budapest:trip-to-budapest-jewish-district""]"
qdrant,2048,warm,free-tour-es,68.8,22.1,90.9,"[""tour:budapest:by-locals-pest-spanish"", ""tour:budapest:trip-to-budapest-pest"", ""tour:budapest:by-locals-pest-english"", ""tour:budapest:go-zeppelin-best-of-budapest"", ""tour:budapest:luna-pest-downtown"", ""tour:budapest:trip-to-budapest-buda-castle"", ""wv:en:Budapest#section:do:c1"", ""tour:budapest:trip-to-budapest-art-nouveau"", ""tour:budapest:trip-to-budapest-jewish-district"", ""tour:budapest:go-zeppelin-buda-castle""]"
qdrant,2048,warm,jewish-quarter-tour,71.2,23.7,94.8,"[""tour:budapest:go-zeppelin-jewish-quarter"", ""tour:budapest:trip-to-budapest-jewish-district"", ""wv:en:Budapest/Erzsébetváros#section:understand/jewish-quarter:c1"", ""wp:en:7706391#s9-c1"", ""wp:en:35457863#s0-c1"", ""wv:en:Budapest/Budavár#see:medieval-jewish-prayer-house"", ""wp:en:7706391#s7-c1"", ""tour:budapest:trip-to-budapest-communism"", ""wp:en:39684758#s0-c1"", ""tour:budapest:go-zeppelin-buda-castle""]"
qdrant,2048,warm,danube-cruise,72.3,21.2,93.5,"[""wv:en:Budapest/Belváros#do:cruising-and-eating"", ""wv:en:Budapest/South Buda#section:drink/clubs-bars:c1"", ""wv:en:Budapest/Belváros#do:boat-trip-to-margaret-island"", ""wv:en:Budapest/Belváros#see:danube-promenade"", ""wp:en:9033099#s0-c1"", ""wv:en:Budapest/Belváros#see:kossuth-museumship"", ""wv:en:Budapest#section:eat/restaurants:c2"", ""wv:en:Budapest#do:hungaria-koncert"", ""wv:en:Budapest/Belváros#drink:wine-tasting-on-boat"", ""wv:en:Budapest#do:firework-above-danube-river""]"
qdrant,2048,warm,cave-tour,70.2,23.6,93.8,"[""wv:en:Budapest/North Buda#do:szemlo-hill-cave"", ""wv:en:Budapest/North Buda#do:palvolgy-cave"", ""osm:node/3302791818"", ""wv:en:Budapest/North Buda#do:molnar-janos-cave"", ""wv:en:Budapest/North Buda#do:matyas-hegyi-cave"", ""wv:en:Budapest/Hegyvidék#do:buda-protected-landscape-area"", ""tour:budapest:trip-to-budapest-buda-castle"", ""wv:en:Budapest/Óbuda#see:tabor-hegyi-cave"", ""wp:en:2994351#s72-c1"", ""wv:en:Budapest#section:do/caving:c1""]"
qdrant,2048,warm,bike-tour,72.7,18.4,91.0,"[""tour:budapest:by-locals-pest-english"", ""tour:budapest:go-zeppelin-best-of-budapest"", ""tour:budapest:luna-pest-downtown"", ""tour:budapest:trip-to-budapest-pest"", ""tour:budapest:by-locals-pest-spanish"", ""tour:budapest:go-zeppelin-buda-castle"", ""tour:budapest:trip-to-budapest-jewish-district"", ""tour:budapest:trip-to-budapest-buda-castle"", ""wv:en:Budapest#section:do:c1"", ""wv:en:Budapest#transport:yellow-zebra-bike""]"
qdrant,2048,warm,fishermans-bastion,72.9,22.5,95.4,"[""wp:en:3733065#s7-c1"", ""wp:en:3733065#s6-c1"", ""wp:en:3733065#s4-c1"", ""wp:en:3733065#s3-c2"", ""wv:en:Budapest/Budavár#see:fisherman-s-bastion"", ""wp:en:3733065#s3-c1"", ""wp:en:3733065#s1-c1"", ""wp:en:3733065#s9-c1"", ""wp:en:3733065#s0-c1"", ""wp:en:3733065#s14-c1""]"
qdrant,2048,warm,market-hall,72.4,20.5,92.8,"[""wv:en:Budapest/Ferencváros#do:great-market-hall"", ""wp:en:6155085#s1-c2"", ""wp:en:6155085#s0-c1"", ""wp:en:6155085#s1-c1"", ""wv:en:Budapest/Belváros#do:market-hall"", ""wv:en:Budapest/Ferencváros#see:grand-market-area"", ""wv:en:Budapest/Angyalföld#do:lehel-market-hall"", ""wv:en:Budapest/Józsefváros#do:rakoczi-square-market-hall"", ""wp:en:63518001#s0-c1"", ""wv:en:Budapest/Víziváros#do:batthyany-square-market-hall""]"
qdrant,2048,warm,opera,74.2,21.8,96.0,"[""wv:en:Budapest/Terézváros#do:state-opera-or-hungarian-state-opera-house"", ""wv:en:Budapest/Terézváros#see:state-opera-house"", ""wp:en:1438363#s0-c1"", ""wp:en:1438363#s2-c1"", ""wp:en:1438363#s3-c1"", ""wp:en:1438363#s1-c1"", ""wp:en:1438363#s4-c1"", ""wv:en:Budapest/Terézváros#do:budapest-operetta-theatre"", ""wv:en:Budapest/Angyalföld#do:open-air-theatre"", ""wv:en:Budapest/South Pest#do:sari-fedak-theatre""]"
qdrant,2048,warm,memento-park,88.4,19.9,108.3,"[""wv:en:Budapest/South Buda#see:memento-park"", ""tour:budapest:trip-to-budapest-communism"", ""wv:en:Budapest/Aquincum#see:graphisoft-park"", ""wv:en:Budapest/Kőbánya#do:tchaikovsky-park"", ""osm:way/83186847"", ""wp:en:8362709#s1-c1"", ""osm:way/469218807"", ""wv:en:Budapest/Belváros#do:park-of-szechenyi-istvan-ter"", ""osm:way/365216106"", ""wv:en:Budapest/North Buda#see:millenaris-park""]"
qdrant,2048,warm,hospital-rock,76.9,27.1,104.0,"[""wp:en:75078576#s0-c1"", ""wp:en:44810974#s0-c1"", ""wv:en:Budapest/Budavár#see:hospital-in-the-rock-nuclear-bunker-museum"", ""wv:en:Budapest/Belváros#see:f4-object"", ""wp:en:44810974#s6-c1"", ""wv:en:Budapest/South Buda#see:cave-house-museum"", ""wv:en:Budapest/Kőbánya#see:central-museum-of-disaster-management"", ""wp:en:44810974#s3-c1"", ""wp:en:75078576#s1-c1"", ""wp:en:2994351#s21-c1""]"
qdrant,2048,warm,shoes-memorial,71.4,21.7,93.1,"[""wp:en:9052076#s0-c1"", ""wp:en:9052076#s1-c1"", ""wv:en:Budapest/Belváros#see:shoes-on-the-danube-memorial"", ""wp:en:9052076#s3-c1"", ""wp:en:7706391#s10-c1"", ""wp:en:9052076#s4-c1"", ""wv:en:Budapest/Ferencváros#see:holocaust-memorial-center"", ""wp:en:39684758#s0-c1"", ""osm:node/13390812109"", ""osm:node/12296868961""]"
qdrant,2048,warm,heroes-square,74.7,21.2,95.9,"[""osm:relation/7108327"", ""osm:relation/6411893"", ""wp:en:2254072#s0-c1"", ""wv:en:Budapest#section:see:c4"", ""wv:en:Budapest/Terézváros#section:understand:c1"", ""wv:en:Budapest/Budavár#see:homeland-defence-headquarter"", ""wv:en:Budapest/Víziváros#section:see/vizivaros/around-adam-clark-square-clark-adam-ter:c1"", ""wv:en:Budapest/Budavár#see:castle-chapel"", ""wv:en:Budapest/Víziváros#see:castle-garden-kiosk-ybl-buda-creative-house"", ""wv:en:Budapest#section:see:c2""]"
qdrant,2048,warm,aquincum,72.6,21.3,94.0,"[""wv:en:Budapest/Óbuda#see:thermae-maiores"", ""wv:en:Budapest/Óbuda#see:hercules-villa"", ""wv:en:Budapest/Óbuda#see:cella-trichora"", ""wv:en:Budapest/Aquincum#see:aquincum-museum-and-archaeological-park"", ""wp:en:78012312#s0-c1"", ""wv:en:Budapest/Józsefváros#see:museum-of-funeral"", ""wv:en:Budapest/Óbuda#see:porta-principalis-dextra"", ""wv:en:Budapest/Budavár#see:castle-museum"", ""wv:en:Budapest/Óbuda#see:aquincum-military-amphitheatre"", ""osm:node/3884465506""]"
qdrant,2048,warm,airport-to-centre,53.1,21.1,74.2,"[""wv:en:Budapest#section:get-in/by-plane:c2"", ""wv:es:Budapest#section:llegar/en-avion:c3"", ""wv:es:Budapest#section:llegar/en-avion:c4"", ""wv:en:Budapest#section:get-in/by-plane:c1"", ""wv:en:Budapest#section:get-around/public-transport:c2"", ""wv:en:Budapest/Hegyvidék#section:get-in/other-transport-modes:c1"", ""wv:es:Budapest#section:llegar/en-avion:c1"", ""wv:es:Budapest#section:llegar/transporte-publico:c2"", ""wp:en:56138927#s17-c1"", ""wv:en:Budapest/Hegyvidék#section:get-in:c1""]"
qdrant,2048,warm,airport-es,79.6,22.5,102.0,"[""wv:es:Budapest#section:llegar/en-avion:c3"", ""wv:es:Budapest#section:llegar/en-avion:c4"", ""wv:es:Budapest#section:llegar/en-avion:c1"", ""wv:en:Budapest#section:get-in/by-plane:c2"", ""wv:es:Budapest#section:llegar/transporte-publico:c2"", ""wv:es:Budapest#section:llegar/en-bus:c1"", ""wv:en:Budapest#section:get-around/public-transport:c2"", ""wv:es:Budapest#section:llegar/transporte-publico/otro:c1"", ""wv:en:Budapest#section:get-in/by-plane:c1"", ""wv:es:Budapest#section:llegar/en-avion:c2""]"
qdrant,2048,warm,public-transport,72.6,18.9,91.5,"[""wv:en:Budapest#section:get-around/public-transport/tickets-and-passes:c1"", ""wv:en:Budapest#section:get-around/public-transport/tickets-and-passes:c2"", ""wv:es:Budapest#section:llegar/transporte-publico/entradas-y-pases:c2"", ""wv:en:Budapest#transport:tram-60-cogwheel-railway"", ""wv:es:Budapest#section:llegar/transporte-publico/entradas-y-pases:c1"", ""wv:es:Budapest#section:llegar/transporte-publico/metro:c1"", ""wp:en:31148640#s6-c1"", ""wv:en:Budapest#section:get-around/public-transport/tram:c1"", ""wv:en:Budapest#section:get-around/public-transport/metro:c1"", ""wv:es:Budapest#section:seguridad/trampas-para-turistas:c1""]"
qdrant,2048,warm,funicular,72.5,17.8,90.3,"[""wv:en:Budapest/Budavár#section:get-in/by-funicular:c1"", ""wv:es:Budapest#transport:funicular-del-castillo-buda"", ""wv:en:Budapest#transport:buda-castle-funicular"", ""wv:en:Budapest/Budavár#section:get-in:c1"", ""tour:budapest:luna-buda-castle"", ""wp:en:2994351#s40-c1"", ""wv:en:Budapest/Hegyvidék#section:get-in/buses:c1"", ""wv:en:Budapest/Víziváros#see:buda-castle-tunnel"", ""wp:en:2994351#s53-c1"", ""tour:budapest:go-zeppelin-buda-castle""]"
qdrant,2048,warm,escape-room,51.1,24.0,75.1,"[""wv:en:Budapest/Erzsébetváros#do:play-escape-room"", ""wv:en:Budapest/Városliget#do:prizone-escape"", ""wv:en:Budapest/Zugló#do:parahotel"", ""wv:en:Budapest/Kőbánya#do:pirate-cave"", ""wv:en:Budapest/Csepel#do:trap-factory"", ""wv:en:Budapest/Kőbánya#do:rage-room-budapest"", ""wp:en:2994351#s34-c1"", ""wv:en:Budapest/Óbuda#do:brainmaze"", ""wp:en:2994351#s65-c1"", ""wp:en:2994351#s32-c1""]"
qdrant,2048,warm,vegan,51.0,21.4,72.4,"[""wv:en:Budapest#section:eat/vegetarian-vegan:c1"", ""wv:es:Budapest#section:comer/vegetariano-vegano:c1"", ""wv:en:Budapest/Víziváros#eat:edeni-vegan"", ""osm:node/4585086090"", ""osm:node/5770690057"", ""wv:en:Budapest/Víziváros#eat:edeni-vegan-restaurant"", ""wv:en:Budapest/Belváros#eat:govinda-restaurants"", ""wv:en:Budapest/Aquincum#eat:govinda-csillaghegy"", ""osm:node/5528143821"", ""osm:node/1918883383""]"
qdrant,2048,warm,new-york-cafe,71.2,22.2,93.4,"[""wv:en:Budapest#section:eat/coffee-houses:c1"", ""wv:en:Budapest/Terézváros#eat:sugarshop"", ""osm:node/5474855522"", ""wv:es:Budapest#section:comer/cafeterias:c1"", ""wv:en:Budapest/Erzsébetváros#eat:new-york-cafe"", ""osm:node/9082621846"", ""osm:node/13680999181"", ""osm:node/5387347771"", ""osm:node/692977110"", ""osm:node/1573205258""]"
qdrant,2048,warm,national-museum,51.4,20.5,71.9,"[""wp:en:7799944#s0-c1"", ""wv:en:Budapest/Erzsébetváros#see:hungarian-national-museum"", ""wv:en:Budapest/Józsefváros#see:national-museum"", ""wp:en:35457863#s2-c1"", ""wp:en:7799944#s1-c1"", ""wp:en:7799944#s2-c1"", ""wp:en:7799944#s3-c1"", ""wp:en:12058019#s0-c1"", ""wv:en:Budapest/Budavár#see:hungarian-national-gallery"", ""wp:en:7799944#s1-c2""]"
qdrant,2048,warm,zoo,75.0,21.0,95.9,"[""wv:en:Budapest/Csepel#eat:arany-pancake-shop-and-pub"", ""osm:node/4079894508"", ""osm:way/25281026"", ""osm:way/906696800"", ""wv:en:Budapest/South Buda#eat:becsiszelet-restaurant"", ""wv:en:Budapest/Angyalföld#do:oko-playground"", ""wv:en:Budapest/Kőbánya#do:pirate-cave"", ""wv:en:Budapest/Csepel#eat:nadfedeles-csarda"", ""osm:way/1054346248"", ""wv:en:Budapest/South Pest#drink:nyalifali""]"
qdrant,2048,warm,margaret-island,70.3,22.1,92.4,"[""wp:en:20947490#s0-c1"", ""wp:en:20947490#s1-c1"", ""wv:en:Budapest/Aquincum#do:obuda-island"", ""wv:en:Budapest/Belváros#see:danube-promenade"", ""wp:en:9033099#s0-c1"", ""wv:en:Budapest/Angyalföld#do:people-island"", ""osm:relation/21179013"", ""wv:en:Budapest/Kőbánya#do:people-s-park"", ""wv:en:Budapest/Budavár#do:europe-park"", ""wv:en:Budapest/South Buda#do:independent-park""]"
qdrant,2048,warm,climate-october,52.8,18.3,71.1,"[""om:climate:budapest:10"", ""om:climate:budapest:11"", ""wv:en:Budapest#section:understand/climate:c1"", ""wv:es:Budapest#section:comprender/clima:c1"", ""om:climate:budapest:09"", ""om:climate:budapest:08"", ""om:climate:budapest:04"", ""wv:en:Budapest#practical:finland"", ""wv:en:Budapest#practical:sweden"", ""osm:way/57716766""]"
qdrant,2048,warm,clima-enero-es,51.8,19.5,71.3,"[""om:climate:budapest:01"", ""om:climate:budapest:02"", ""osm:way/166167091"", ""wv:en:Budapest/North Buda#see:ruins-of-pauline-monastery"", ""wv:en:Budapest/South Buda#see:kelenfold-bus-depot"", ""osm:way/166167074"", ""om:climate:budapest:12"", ""osm:way/166167090"", ""wv:en:Budapest/South Buda#do:kopaszi-dam"", ""wv:en:Budapest/Terézváros#see:anker-palace""]"
qdrant,2048,warm,baths-buda,51.9,21.3,73.3,"[""wv:en:Budapest/North Buda#do:thermal-bath-szent-lukacs"", ""wv:en:Budapest/South Buda#do:gellert-baths"", ""wv:en:Budapest#section:do/thermal-baths:c1"", ""wv:en:Budapest/Víziváros#do:rudas-thermal-bath"", ""wv:es:Budapest#section:hacer/banos-termales:c1"", ""wv:en:Budapest#section:do/thermal-baths/modern-baths:c1"", ""wp:en:1672696#s0-c1"", ""wv:en:Budapest#section:do/thermal-baths/traditional-public-baths:c1"", ""wp:en:35313365#s0-c2"", ""wv:en:Budapest/Városliget#do:szechenyi-thermal-bath""]"
qdrant,2048,warm,baths-buda-es,72.0,23.8,95.8,"[""wv:es:Budapest#section:hacer/banos-termales:c1"", ""wv:en:Budapest/South Buda#do:gellert-baths"", ""wv:en:Budapest/North Buda#do:thermal-bath-szent-lukacs"", ""wv:es:Budapest#section:hacer/banos-termales/banos-publicos-tradicionales/banos-modernos:c1"", ""wv:en:Budapest#section:do/thermal-baths:c1"", ""wv:en:Budapest#section:do/thermal-baths/modern-baths:c1"", ""wv:en:Budapest/Víziváros#do:rudas-thermal-bath"", ""wp:en:35313365#s0-c2"", ""wp:en:1672696#s0-c1"", ""wv:es:Budapest#section:hacer/banos-termales/banos-publicos-tradicionales:c1""]"
qdrant,2048,warm,szechenyi,71.9,21.6,93.5,"[""wp:en:2613263#s1-c1"", ""wv:en:Budapest/Városliget#do:szechenyi-thermal-bath"", ""wp:en:2613263#s0-c1"", ""wv:en:Budapest/Városliget#section:do/leisure:c1"", ""wp:en:35313365#s0-c2"", ""wv:en:Budapest/Aquincum#do:csillaghegy-arpad-bath"", ""wv:en:Budapest#section:do/thermal-baths:c1"", ""wv:en:Budapest/Erzsébetváros#see:hungaria-bath"", ""wp:en:35313365#s0-c1"", ""wv:en:Budapest/Belváros#do:park-of-szechenyi-istvan-ter""]"
qdrant,2048,warm,szechenyi-plain,70.1,20.3,90.3,"[""wp:en:2613263#s2-c1"", ""wv:en:Budapest/East Pest#do:szentmihaly-swimming-pool"", ""wv:en:Budapest/Városliget#do:szechenyi-thermal-bath"", ""wv:en:Budapest/East Pest#do:erzsebetliget-swimming-pool"", ""wv:en:Budapest/Zugló#do:bvsc-swimming-pool"", ""wv:en:Budapest/Kőbánya#do:ujhegy-swimming-pool-and-bath"", ""wv:en:Budapest/East Pest#do:ujlak-swimming-pool"", ""wp:en:2613263#s1-c1"", ""wv:en:Budapest/Aquincum#do:szedruskert-training-pool"", ""wv:en:Budapest/Zugló#do:paskal-thermal-bath""]"
qdrant,2048,warm,ruin-bars,169.4,21.1,190.6,"[""osm:node/3283497736"", ""wv:en:Budapest/Erzsébetváros#section:drink:c1"", ""osm:node/3134154429"", ""wv:en:Budapest/Belváros#section:drink:c1"", ""tour:budapest:go-zeppelin-jewish-quarter"", ""wv:en:Budapest/South Buda#drink:avar-pub"", ""osm:node/9084818345"", ""osm:node/2188749318"", ""wv:en:Budapest/East Pest#drink:kispipa-pub"", ""wv:en:Budapest/Aquincum#drink:miamor-romaim""]"
qdrant,2048,warm,parliament,76.0,20.4,96.4,"[""wv:en:Budapest/Belváros#see:parliament"", ""wv:en:Budapest/Belváros#section:see/the-parliament:c1"", ""wv:en:Budapest/Józsefváros#see:former-house-of-parliament"", ""wv:en:Budapest/Belváros#see:ethnographic-museum"", ""wv:es:Budapest#section:ver:c1"", ""wv:en:Budapest/Hegyvidék#do:budapest-congress-center"", ""wv:en:Budapest#section:see:c3"", ""wv:en:Budapest/Józsefváros#see:national-museum"", ""wp:en:1438363#s0-c1"", ""wv:en:Budapest#section:see:c5""]"
qdrant,2048,warm,free-walking-tour,74.7,24.9,99.6,"[""tour:budapest:by-locals-pest-english"", ""tour:budapest:go-zeppelin-best-of-budapest"", ""tour:budapest:trip-to-budapest-pest"", ""tour:budapest:luna-pest-downtown"", ""tour:budapest:trip-to-budapest-art-nouveau"", ""tour:budapest:go-zeppelin-buda-castle"", ""tour:budapest:by-locals-pest-spanish"", ""wv:en:Budapest#section:do:c1"", ""tour:budapest:trip-to-budapest-buda-castle"", ""tour:budapest:trip-to-budapest-jewish-district""]"
qdrant,2048,warm,free-tour-es,77.8,22.8,100.6,"[""tour:budapest:by-locals-pest-spanish"", ""tour:budapest:trip-to-budapest-pest"", ""tour:budapest:by-locals-pest-english"", ""tour:budapest:go-zeppelin-best-of-budapest"", ""tour:budapest:luna-pest-downtown"", ""tour:budapest:trip-to-budapest-buda-castle"", ""wv:en:Budapest#section:do:c1"", ""tour:budapest:trip-to-budapest-art-nouveau"", ""tour:budapest:trip-to-budapest-jewish-district"", ""tour:budapest:go-zeppelin-buda-castle""]"
qdrant,2048,warm,jewish-quarter-tour,51.0,23.1,74.1,"[""tour:budapest:go-zeppelin-jewish-quarter"", ""tour:budapest:trip-to-budapest-jewish-district"", ""wv:en:Budapest/Erzsébetváros#section:understand/jewish-quarter:c1"", ""wp:en:7706391#s9-c1"", ""wp:en:35457863#s0-c1"", ""wv:en:Budapest/Budavár#see:medieval-jewish-prayer-house"", ""wp:en:7706391#s7-c1"", ""tour:budapest:trip-to-budapest-communism"", ""wp:en:39684758#s0-c1"", ""tour:budapest:go-zeppelin-buda-castle""]"
qdrant,2048,warm,danube-cruise,74.6,20.9,95.5,"[""wv:en:Budapest/Belváros#do:cruising-and-eating"", ""wv:en:Budapest/South Buda#section:drink/clubs-bars:c1"", ""wv:en:Budapest/Belváros#do:boat-trip-to-margaret-island"", ""wv:en:Budapest/Belváros#see:danube-promenade"", ""wp:en:9033099#s0-c1"", ""wv:en:Budapest/Belváros#see:kossuth-museumship"", ""wv:en:Budapest#section:eat/restaurants:c2"", ""wv:en:Budapest#do:hungaria-koncert"", ""wv:en:Budapest/Belváros#drink:wine-tasting-on-boat"", ""wv:en:Budapest#do:firework-above-danube-river""]"
qdrant,2048,warm,cave-tour,73.9,25.4,99.3,"[""wv:en:Budapest/North Buda#do:szemlo-hill-cave"", ""wv:en:Budapest/North Buda#do:palvolgy-cave"", ""osm:node/3302791818"", ""wv:en:Budapest/North Buda#do:molnar-janos-cave"", ""wv:en:Budapest/North Buda#do:matyas-hegyi-cave"", ""wv:en:Budapest/Hegyvidék#do:buda-protected-landscape-area"", ""tour:budapest:trip-to-budapest-buda-castle"", ""wv:en:Budapest/Óbuda#see:tabor-hegyi-cave"", ""wp:en:2994351#s72-c1"", ""wv:en:Budapest#section:do/caving:c1""]"
qdrant,2048,warm,bike-tour,72.3,22.9,95.2,"[""tour:budapest:by-locals-pest-english"", ""tour:budapest:go-zeppelin-best-of-budapest"", ""tour:budapest:luna-pest-downtown"", ""tour:budapest:trip-to-budapest-pest"", ""tour:budapest:by-locals-pest-spanish"", ""tour:budapest:go-zeppelin-buda-castle"", ""tour:budapest:trip-to-budapest-jewish-district"", ""tour:budapest:trip-to-budapest-buda-castle"", ""wv:en:Budapest#section:do:c1"", ""wv:en:Budapest#transport:yellow-zebra-bike""]"
qdrant,2048,warm,fishermans-bastion,52.0,25.7,77.7,"[""wp:en:3733065#s7-c1"", ""wp:en:3733065#s6-c1"", ""wp:en:3733065#s4-c1"", ""wp:en:3733065#s3-c2"", ""wv:en:Budapest/Budavár#see:fisherman-s-bastion"", ""wp:en:3733065#s3-c1"", ""wp:en:3733065#s1-c1"", ""wp:en:3733065#s9-c1"", ""wp:en:3733065#s0-c1"", ""wp:en:3733065#s14-c1""]"
qdrant,2048,warm,market-hall,74.6,20.4,95.0,"[""wv:en:Budapest/Ferencváros#do:great-market-hall"", ""wp:en:6155085#s1-c2"", ""wp:en:6155085#s0-c1"", ""wp:en:6155085#s1-c1"", ""wv:en:Budapest/Belváros#do:market-hall"", ""wv:en:Budapest/Ferencváros#see:grand-market-area"", ""wv:en:Budapest/Angyalföld#do:lehel-market-hall"", ""wv:en:Budapest/Józsefváros#do:rakoczi-square-market-hall"", ""wp:en:63518001#s0-c1"", ""wv:en:Budapest/Víziváros#do:batthyany-square-market-hall""]"
qdrant,2048,warm,opera,71.4,17.9,89.3,"[""wv:en:Budapest/Terézváros#do:state-opera-or-hungarian-state-opera-house"", ""wv:en:Budapest/Terézváros#see:state-opera-house"", ""wp:en:1438363#s0-c1"", ""wp:en:1438363#s2-c1"", ""wp:en:1438363#s3-c1"", ""wp:en:1438363#s1-c1"", ""wp:en:1438363#s4-c1"", ""wv:en:Budapest/Terézváros#do:budapest-operetta-theatre"", ""wv:en:Budapest/Angyalföld#do:open-air-theatre"", ""wv:en:Budapest/South Pest#do:sari-fedak-theatre""]"
qdrant,2048,warm,memento-park,70.2,21.2,91.5,"[""wv:en:Budapest/South Buda#see:memento-park"", ""tour:budapest:trip-to-budapest-communism"", ""wv:en:Budapest/Aquincum#see:graphisoft-park"", ""wv:en:Budapest/Kőbánya#do:tchaikovsky-park"", ""osm:way/83186847"", ""wp:en:8362709#s1-c1"", ""osm:way/469218807"", ""wv:en:Budapest/Belváros#do:park-of-szechenyi-istvan-ter"", ""osm:way/365216106"", ""wv:en:Budapest/North Buda#see:millenaris-park""]"
qdrant,2048,warm,hospital-rock,77.0,18.3,95.3,"[""wp:en:75078576#s0-c1"", ""wp:en:44810974#s0-c1"", ""wv:en:Budapest/Budavár#see:hospital-in-the-rock-nuclear-bunker-museum"", ""wv:en:Budapest/Belváros#see:f4-object"", ""wp:en:44810974#s6-c1"", ""wv:en:Budapest/South Buda#see:cave-house-museum"", ""wv:en:Budapest/Kőbánya#see:central-museum-of-disaster-management"", ""wp:en:44810974#s3-c1"", ""wp:en:75078576#s1-c1"", ""wp:en:2994351#s21-c1""]"
qdrant,2048,warm,shoes-memorial,74.5,20.9,95.4,"[""wp:en:9052076#s0-c1"", ""wp:en:9052076#s1-c1"", ""wv:en:Budapest/Belváros#see:shoes-on-the-danube-memorial"", ""wp:en:9052076#s3-c1"", ""wp:en:7706391#s10-c1"", ""wp:en:9052076#s4-c1"", ""wv:en:Budapest/Ferencváros#see:holocaust-memorial-center"", ""wp:en:39684758#s0-c1"", ""osm:node/13390812109"", ""osm:node/12296868961""]"
qdrant,2048,warm,heroes-square,73.6,21.7,95.3,"[""osm:relation/7108327"", ""osm:relation/6411893"", ""wp:en:2254072#s0-c1"", ""wv:en:Budapest#section:see:c4"", ""wv:en:Budapest/Terézváros#section:understand:c1"", ""wv:en:Budapest/Budavár#see:homeland-defence-headquarter"", ""wv:en:Budapest/Víziváros#section:see/vizivaros/around-adam-clark-square-clark-adam-ter:c1"", ""wv:en:Budapest/Budavár#see:castle-chapel"", ""wv:en:Budapest/Víziváros#see:castle-garden-kiosk-ybl-buda-creative-house"", ""wv:en:Budapest#section:see:c2""]"
qdrant,2048,warm,aquincum,73.4,20.9,94.3,"[""wv:en:Budapest/Óbuda#see:thermae-maiores"", ""wv:en:Budapest/Óbuda#see:hercules-villa"", ""wv:en:Budapest/Óbuda#see:cella-trichora"", ""wv:en:Budapest/Aquincum#see:aquincum-museum-and-archaeological-park"", ""wp:en:78012312#s0-c1"", ""wv:en:Budapest/Józsefváros#see:museum-of-funeral"", ""wv:en:Budapest/Óbuda#see:porta-principalis-dextra"", ""wv:en:Budapest/Budavár#see:castle-museum"", ""wv:en:Budapest/Óbuda#see:aquincum-military-amphitheatre"", ""osm:node/3884465506""]"
qdrant,2048,warm,airport-to-centre,71.1,19.4,90.5,"[""wv:en:Budapest#section:get-in/by-plane:c2"", ""wv:es:Budapest#section:llegar/en-avion:c3"", ""wv:es:Budapest#section:llegar/en-avion:c4"", ""wv:en:Budapest#section:get-in/by-plane:c1"", ""wv:en:Budapest#section:get-around/public-transport:c2"", ""wv:en:Budapest/Hegyvidék#section:get-in/other-transport-modes:c1"", ""wv:es:Budapest#section:llegar/en-avion:c1"", ""wv:es:Budapest#section:llegar/transporte-publico:c2"", ""wp:en:56138927#s17-c1"", ""wv:en:Budapest/Hegyvidék#section:get-in:c1""]"
qdrant,2048,warm,airport-es,73.0,27.5,100.5,"[""wv:es:Budapest#section:llegar/en-avion:c3"", ""wv:es:Budapest#section:llegar/en-avion:c4"", ""wv:es:Budapest#section:llegar/en-avion:c1"", ""wv:en:Budapest#section:get-in/by-plane:c2"", ""wv:es:Budapest#section:llegar/transporte-publico:c2"", ""wv:es:Budapest#section:llegar/en-bus:c1"", ""wv:en:Budapest#section:get-around/public-transport:c2"", ""wv:es:Budapest#section:llegar/transporte-publico/otro:c1"", ""wv:en:Budapest#section:get-in/by-plane:c1"", ""wv:es:Budapest#section:llegar/en-avion:c2""]"
qdrant,2048,warm,public-transport,68.9,23.5,92.3,"[""wv:en:Budapest#section:get-around/public-transport/tickets-and-passes:c1"", ""wv:en:Budapest#section:get-around/public-transport/tickets-and-passes:c2"", ""wv:es:Budapest#section:llegar/transporte-publico/entradas-y-pases:c2"", ""wv:en:Budapest#transport:tram-60-cogwheel-railway"", ""wv:es:Budapest#section:llegar/transporte-publico/entradas-y-pases:c1"", ""wv:es:Budapest#section:llegar/transporte-publico/metro:c1"", ""wp:en:31148640#s6-c1"", ""wv:en:Budapest#section:get-around/public-transport/tram:c1"", ""wv:en:Budapest#section:get-around/public-transport/metro:c1"", ""wv:es:Budapest#section:seguridad/trampas-para-turistas:c1""]"
qdrant,2048,warm,funicular,52.6,21.8,74.4,"[""wv:en:Budapest/Budavár#section:get-in/by-funicular:c1"", ""wv:es:Budapest#transport:funicular-del-castillo-buda"", ""wv:en:Budapest#transport:buda-castle-funicular"", ""wv:en:Budapest/Budavár#section:get-in:c1"", ""tour:budapest:luna-buda-castle"", ""wp:en:2994351#s40-c1"", ""wv:en:Budapest/Hegyvidék#section:get-in/buses:c1"", ""wv:en:Budapest/Víziváros#see:buda-castle-tunnel"", ""wp:en:2994351#s53-c1"", ""tour:budapest:go-zeppelin-buda-castle""]"
qdrant,2048,warm,escape-room,74.1,21.4,95.5,"[""wv:en:Budapest/Erzsébetváros#do:play-escape-room"", ""wv:en:Budapest/Városliget#do:prizone-escape"", ""wv:en:Budapest/Zugló#do:parahotel"", ""wv:en:Budapest/Kőbánya#do:pirate-cave"", ""wv:en:Budapest/Csepel#do:trap-factory"", ""wv:en:Budapest/Kőbánya#do:rage-room-budapest"", ""wp:en:2994351#s34-c1"", ""wv:en:Budapest/Óbuda#do:brainmaze"", ""wp:en:2994351#s65-c1"", ""wp:en:2994351#s32-c1""]"
qdrant,2048,warm,vegan,74.0,20.2,94.2,"[""wv:en:Budapest#section:eat/vegetarian-vegan:c1"", ""wv:es:Budapest#section:comer/vegetariano-vegano:c1"", ""wv:en:Budapest/Víziváros#eat:edeni-vegan"", ""osm:node/4585086090"", ""osm:node/5770690057"", ""wv:en:Budapest/Víziváros#eat:edeni-vegan-restaurant"", ""wv:en:Budapest/Belváros#eat:govinda-restaurants"", ""wv:en:Budapest/Aquincum#eat:govinda-csillaghegy"", ""osm:node/5528143821"", ""osm:node/1918883383""]"
qdrant,2048,warm,new-york-cafe,53.0,18.2,71.2,"[""wv:en:Budapest#section:eat/coffee-houses:c1"", ""wv:en:Budapest/Terézváros#eat:sugarshop"", ""osm:node/5474855522"", ""wv:es:Budapest#section:comer/cafeterias:c1"", ""wv:en:Budapest/Erzsébetváros#eat:new-york-cafe"", ""osm:node/9082621846"", ""osm:node/13680999181"", ""osm:node/5387347771"", ""osm:node/692977110"", ""osm:node/1573205258""]"
qdrant,2048,warm,national-museum,67.9,20.4,88.3,"[""wp:en:7799944#s0-c1"", ""wv:en:Budapest/Erzsébetváros#see:hungarian-national-museum"", ""wv:en:Budapest/Józsefváros#see:national-museum"", ""wp:en:35457863#s2-c1"", ""wp:en:7799944#s1-c1"", ""wp:en:7799944#s2-c1"", ""wp:en:7799944#s3-c1"", ""wp:en:12058019#s0-c1"", ""wv:en:Budapest/Budavár#see:hungarian-national-gallery"", ""wp:en:7799944#s1-c2""]"
qdrant,2048,warm,zoo,53.8,22.5,76.3,"[""wv:en:Budapest/Csepel#eat:arany-pancake-shop-and-pub"", ""osm:node/4079894508"", ""osm:way/25281026"", ""osm:way/906696800"", ""wv:en:Budapest/South Buda#eat:becsiszelet-restaurant"", ""wv:en:Budapest/Angyalföld#do:oko-playground"", ""wv:en:Budapest/Kőbánya#do:pirate-cave"", ""wv:en:Budapest/Csepel#eat:nadfedeles-csarda"", ""osm:way/1054346248"", ""wv:en:Budapest/South Pest#drink:nyalifali""]"
qdrant,2048,warm,margaret-island,88.5,22.5,111.0,"[""wp:en:20947490#s0-c1"", ""wp:en:20947490#s1-c1"", ""wv:en:Budapest/Aquincum#do:obuda-island"", ""wv:en:Budapest/Belváros#see:danube-promenade"", ""wp:en:9033099#s0-c1"", ""wv:en:Budapest/Angyalföld#do:people-island"", ""osm:relation/21179013"", ""wv:en:Budapest/Kőbánya#do:people-s-park"", ""wv:en:Budapest/Budavár#do:europe-park"", ""wv:en:Budapest/South Buda#do:independent-park""]"
qdrant,2048,warm,climate-october,50.2,19.7,69.9,"[""om:climate:budapest:10"", ""om:climate:budapest:11"", ""wv:en:Budapest#section:understand/climate:c1"", ""wv:es:Budapest#section:comprender/clima:c1"", ""om:climate:budapest:09"", ""om:climate:budapest:08"", ""om:climate:budapest:04"", ""wv:en:Budapest#practical:finland"", ""wv:en:Budapest#practical:sweden"", ""osm:way/57716766""]"
qdrant,2048,warm,clima-enero-es,74.2,17.8,92.0,"[""om:climate:budapest:01"", ""om:climate:budapest:02"", ""osm:way/166167091"", ""wv:en:Budapest/North Buda#see:ruins-of-pauline-monastery"", ""wv:en:Budapest/South Buda#see:kelenfold-bus-depot"", ""osm:way/166167074"", ""om:climate:budapest:12"", ""osm:way/166167090"", ""wv:en:Budapest/South Buda#do:kopaszi-dam"", ""wv:en:Budapest/Terézváros#see:anker-palace""]"
qdrant,2048,warm,baths-buda,75.1,16.2,91.3,"[""wv:en:Budapest/North Buda#do:thermal-bath-szent-lukacs"", ""wv:en:Budapest/South Buda#do:gellert-baths"", ""wv:en:Budapest#section:do/thermal-baths:c1"", ""wv:en:Budapest/Víziváros#do:rudas-thermal-bath"", ""wv:es:Budapest#section:hacer/banos-termales:c1"", ""wv:en:Budapest#section:do/thermal-baths/modern-baths:c1"", ""wp:en:1672696#s0-c1"", ""wv:en:Budapest#section:do/thermal-baths/traditional-public-baths:c1"", ""wp:en:35313365#s0-c2"", ""wv:en:Budapest/Városliget#do:szechenyi-thermal-bath""]"
qdrant,2048,warm,baths-buda-es,54.0,22.0,76.1,"[""wv:es:Budapest#section:hacer/banos-termales:c1"", ""wv:en:Budapest/South Buda#do:gellert-baths"", ""wv:en:Budapest/North Buda#do:thermal-bath-szent-lukacs"", ""wv:es:Budapest#section:hacer/banos-termales/banos-publicos-tradicionales/banos-modernos:c1"", ""wv:en:Budapest#section:do/thermal-baths:c1"", ""wv:en:Budapest#section:do/thermal-baths/modern-baths:c1"", ""wv:en:Budapest/Víziváros#do:rudas-thermal-bath"", ""wp:en:35313365#s0-c2"", ""wp:en:1672696#s0-c1"", ""wv:es:Budapest#section:hacer/banos-termales/banos-publicos-tradicionales:c1""]"
qdrant,2048,warm,szechenyi,72.4,17.7,90.2,"[""wp:en:2613263#s1-c1"", ""wv:en:Budapest/Városliget#do:szechenyi-thermal-bath"", ""wp:en:2613263#s0-c1"", ""wv:en:Budapest/Városliget#section:do/leisure:c1"", ""wp:en:35313365#s0-c2"", ""wv:en:Budapest/Aquincum#do:csillaghegy-arpad-bath"", ""wv:en:Budapest#section:do/thermal-baths:c1"", ""wv:en:Budapest/Erzsébetváros#see:hungaria-bath"", ""wp:en:35313365#s0-c1"", ""wv:en:Budapest/Belváros#do:park-of-szechenyi-istvan-ter""]"
qdrant,2048,warm,szechenyi-plain,74.0,19.0,93.0,"[""wp:en:2613263#s2-c1"", ""wv:en:Budapest/East Pest#do:szentmihaly-swimming-pool"", ""wv:en:Budapest/Városliget#do:szechenyi-thermal-bath"", ""wv:en:Budapest/East Pest#do:erzsebetliget-swimming-pool"", ""wv:en:Budapest/Zugló#do:bvsc-swimming-pool"", ""wv:en:Budapest/Kőbánya#do:ujhegy-swimming-pool-and-bath"", ""wv:en:Budapest/East Pest#do:ujlak-swimming-pool"", ""wp:en:2613263#s1-c1"", ""wv:en:Budapest/Aquincum#do:szedruskert-training-pool"", ""wv:en:Budapest/Zugló#do:paskal-thermal-bath""]"
qdrant,2048,warm,ruin-bars,70.6,21.4,92.0,"[""osm:node/3283497736"", ""wv:en:Budapest/Erzsébetváros#section:drink:c1"", ""osm:node/3134154429"", ""wv:en:Budapest/Belváros#section:drink:c1"", ""tour:budapest:go-zeppelin-jewish-quarter"", ""wv:en:Budapest/South Buda#drink:avar-pub"", ""osm:node/9084818345"", ""osm:node/2188749318"", ""wv:en:Budapest/East Pest#drink:kispipa-pub"", ""wv:en:Budapest/Aquincum#drink:miamor-romaim""]"
qdrant,2048,warm,parliament,51.2,26.1,77.2,"[""wv:en:Budapest/Belváros#see:parliament"", ""wv:en:Budapest/Belváros#section:see/the-parliament:c1"", ""wv:en:Budapest/Józsefváros#see:former-house-of-parliament"", ""wv:en:Budapest/Belváros#see:ethnographic-museum"", ""wv:es:Budapest#section:ver:c1"", ""wv:en:Budapest/Hegyvidék#do:budapest-congress-center"", ""wv:en:Budapest#section:see:c3"", ""wv:en:Budapest/Józsefváros#see:national-museum"", ""wp:en:1438363#s0-c1"", ""wv:en:Budapest#section:see:c5""]"
qdrant,2048,warm,free-walking-tour,75.1,17.6,92.7,"[""tour:budapest:by-locals-pest-english"", ""tour:budapest:go-zeppelin-best-of-budapest"", ""tour:budapest:trip-to-budapest-pest"", ""tour:budapest:luna-pest-downtown"", ""tour:budapest:trip-to-budapest-art-nouveau"", ""tour:budapest:go-zeppelin-buda-castle"", ""tour:budapest:by-locals-pest-spanish"", ""wv:en:Budapest#section:do:c1"", ""tour:budapest:trip-to-budapest-buda-castle"", ""tour:budapest:trip-to-budapest-jewish-district""]"
qdrant,2048,warm,free-tour-es,75.1,21.9,97.0,"[""tour:budapest:by-locals-pest-spanish"", ""tour:budapest:trip-to-budapest-pest"", ""tour:budapest:by-locals-pest-english"", ""tour:budapest:go-zeppelin-best-of-budapest"", ""tour:budapest:luna-pest-downtown"", ""tour:budapest:trip-to-budapest-buda-castle"", ""wv:en:Budapest#section:do:c1"", ""tour:budapest:trip-to-budapest-art-nouveau"", ""tour:budapest:trip-to-budapest-jewish-district"", ""tour:budapest:go-zeppelin-buda-castle""]"
qdrant,2048,warm,jewish-quarter-tour,69.7,17.3,87.0,"[""tour:budapest:go-zeppelin-jewish-quarter"", ""tour:budapest:trip-to-budapest-jewish-district"", ""wv:en:Budapest/Erzsébetváros#section:understand/jewish-quarter:c1"", ""wp:en:7706391#s9-c1"", ""wp:en:35457863#s0-c1"", ""wv:en:Budapest/Budavár#see:medieval-jewish-prayer-house"", ""wp:en:7706391#s7-c1"", ""tour:budapest:trip-to-budapest-communism"", ""wp:en:39684758#s0-c1"", ""tour:budapest:go-zeppelin-buda-castle""]"
qdrant,2048,warm,danube-cruise,74.4,19.4,93.8,"[""wv:en:Budapest/Belváros#do:cruising-and-eating"", ""wv:en:Budapest/South Buda#section:drink/clubs-bars:c1"", ""wv:en:Budapest/Belváros#do:boat-trip-to-margaret-island"", ""wv:en:Budapest/Belváros#see:danube-promenade"", ""wp:en:9033099#s0-c1"", ""wv:en:Budapest/Belváros#see:kossuth-museumship"", ""wv:en:Budapest#section:eat/restaurants:c2"", ""wv:en:Budapest#do:hungaria-koncert"", ""wv:en:Budapest/Belváros#drink:wine-tasting-on-boat"", ""wv:en:Budapest#do:firework-above-danube-river""]"
qdrant,2048,warm,cave-tour,52.8,21.0,73.8,"[""wv:en:Budapest/North Buda#do:szemlo-hill-cave"", ""wv:en:Budapest/North Buda#do:palvolgy-cave"", ""osm:node/3302791818"", ""wv:en:Budapest/North Buda#do:molnar-janos-cave"", ""wv:en:Budapest/North Buda#do:matyas-hegyi-cave"", ""wv:en:Budapest/Hegyvidék#do:buda-protected-landscape-area"", ""tour:budapest:trip-to-budapest-buda-castle"", ""wv:en:Budapest/Óbuda#see:tabor-hegyi-cave"", ""wp:en:2994351#s72-c1"", ""wv:en:Budapest#section:do/caving:c1""]"
qdrant,2048,warm,bike-tour,70.2,23.6,93.7,"[""tour:budapest:by-locals-pest-english"", ""tour:budapest:go-zeppelin-best-of-budapest"", ""tour:budapest:luna-pest-downtown"", ""tour:budapest:trip-to-budapest-pest"", ""tour:budapest:by-locals-pest-spanish"", ""tour:budapest:go-zeppelin-buda-castle"", ""tour:budapest:trip-to-budapest-jewish-district"", ""tour:budapest:trip-to-budapest-buda-castle"", ""wv:en:Budapest#section:do:c1"", ""wv:en:Budapest#transport:yellow-zebra-bike""]"
qdrant,2048,warm,fishermans-bastion,76.0,20.6,96.6,"[""wp:en:3733065#s7-c1"", ""wp:en:3733065#s6-c1"", ""wp:en:3733065#s4-c1"", ""wp:en:3733065#s3-c2"", ""wv:en:Budapest/Budavár#see:fisherman-s-bastion"", ""wp:en:3733065#s3-c1"", ""wp:en:3733065#s1-c1"", ""wp:en:3733065#s9-c1"", ""wp:en:3733065#s0-c1"", ""wp:en:3733065#s14-c1""]"
qdrant,2048,warm,market-hall,67.7,20.2,87.9,"[""wv:en:Budapest/Ferencváros#do:great-market-hall"", ""wp:en:6155085#s1-c2"", ""wp:en:6155085#s0-c1"", ""wp:en:6155085#s1-c1"", ""wv:en:Budapest/Belváros#do:market-hall"", ""wv:en:Budapest/Ferencváros#see:grand-market-area"", ""wv:en:Budapest/Angyalföld#do:lehel-market-hall"", ""wv:en:Budapest/Józsefváros#do:rakoczi-square-market-hall"", ""wp:en:63518001#s0-c1"", ""wv:en:Budapest/Víziváros#do:batthyany-square-market-hall""]"
qdrant,2048,warm,opera,70.6,21.3,91.8,"[""wv:en:Budapest/Terézváros#do:state-opera-or-hungarian-state-opera-house"", ""wv:en:Budapest/Terézváros#see:state-opera-house"", ""wp:en:1438363#s0-c1"", ""wp:en:1438363#s2-c1"", ""wp:en:1438363#s3-c1"", ""wp:en:1438363#s1-c1"", ""wp:en:1438363#s4-c1"", ""wv:en:Budapest/Terézváros#do:budapest-operetta-theatre"", ""wv:en:Budapest/Angyalföld#do:open-air-theatre"", ""wv:en:Budapest/South Pest#do:sari-fedak-theatre""]"
qdrant,2048,warm,memento-park,50.1,21.8,72.0,"[""wv:en:Budapest/South Buda#see:memento-park"", ""tour:budapest:trip-to-budapest-communism"", ""wv:en:Budapest/Aquincum#see:graphisoft-park"", ""wv:en:Budapest/Kőbánya#do:tchaikovsky-park"", ""osm:way/83186847"", ""wp:en:8362709#s1-c1"", ""osm:way/469218807"", ""wv:en:Budapest/Belváros#do:park-of-szechenyi-istvan-ter"", ""osm:way/365216106"", ""wv:en:Budapest/North Buda#see:millenaris-park""]"
qdrant,2048,warm,hospital-rock,76.9,23.1,100.0,"[""wp:en:75078576#s0-c1"", ""wp:en:44810974#s0-c1"", ""wv:en:Budapest/Budavár#see:hospital-in-the-rock-nuclear-bunker-museum"", ""wv:en:Budapest/Belváros#see:f4-object"", ""wp:en:44810974#s6-c1"", ""wv:en:Budapest/South Buda#see:cave-house-museum"", ""wv:en:Budapest/Kőbánya#see:central-museum-of-disaster-management"", ""wp:en:44810974#s3-c1"", ""wp:en:75078576#s1-c1"", ""wp:en:2994351#s21-c1""]"
qdrant,2048,warm,shoes-memorial,71.8,20.7,92.5,"[""wp:en:9052076#s0-c1"", ""wp:en:9052076#s1-c1"", ""wv:en:Budapest/Belváros#see:shoes-on-the-danube-memorial"", ""wp:en:9052076#s3-c1"", ""wp:en:7706391#s10-c1"", ""wp:en:9052076#s4-c1"", ""wv:en:Budapest/Ferencváros#see:holocaust-memorial-center"", ""wp:en:39684758#s0-c1"", ""osm:node/13390812109"", ""osm:node/12296868961""]"
qdrant,2048,warm,heroes-square,59.5,23.8,83.3,"[""osm:relation/7108327"", ""osm:relation/6411893"", ""wp:en:2254072#s0-c1"", ""wv:en:Budapest#section:see:c4"", ""wv:en:Budapest/Terézváros#section:understand:c1"", ""wv:en:Budapest/Budavár#see:homeland-defence-headquarter"", ""wv:en:Budapest/Víziváros#section:see/vizivaros/around-adam-clark-square-clark-adam-ter:c1"", ""wv:en:Budapest/Budavár#see:castle-chapel"", ""wv:en:Budapest/Víziváros#see:castle-garden-kiosk-ybl-buda-creative-house"", ""wv:en:Budapest#section:see:c2""]"
qdrant,2048,warm,aquincum,52.9,21.0,73.9,"[""wv:en:Budapest/Óbuda#see:thermae-maiores"", ""wv:en:Budapest/Óbuda#see:hercules-villa"", ""wv:en:Budapest/Óbuda#see:cella-trichora"", ""wv:en:Budapest/Aquincum#see:aquincum-museum-and-archaeological-park"", ""wp:en:78012312#s0-c1"", ""wv:en:Budapest/Józsefváros#see:museum-of-funeral"", ""wv:en:Budapest/Óbuda#see:porta-principalis-dextra"", ""wv:en:Budapest/Budavár#see:castle-museum"", ""wv:en:Budapest/Óbuda#see:aquincum-military-amphitheatre"", ""osm:node/3884465506""]"
qdrant,2048,warm,airport-to-centre,50.1,21.5,71.6,"[""wv:en:Budapest#section:get-in/by-plane:c2"", ""wv:es:Budapest#section:llegar/en-avion:c3"", ""wv:es:Budapest#section:llegar/en-avion:c4"", ""wv:en:Budapest#section:get-in/by-plane:c1"", ""wv:en:Budapest#section:get-around/public-transport:c2"", ""wv:en:Budapest/Hegyvidék#section:get-in/other-transport-modes:c1"", ""wv:es:Budapest#section:llegar/en-avion:c1"", ""wv:es:Budapest#section:llegar/transporte-publico:c2"", ""wp:en:56138927#s17-c1"", ""wv:en:Budapest/Hegyvidék#section:get-in:c1""]"
qdrant,2048,warm,airport-es,52.6,19.4,72.0,"[""wv:es:Budapest#section:llegar/en-avion:c3"", ""wv:es:Budapest#section:llegar/en-avion:c4"", ""wv:es:Budapest#section:llegar/en-avion:c1"", ""wv:en:Budapest#section:get-in/by-plane:c2"", ""wv:es:Budapest#section:llegar/transporte-publico:c2"", ""wv:es:Budapest#section:llegar/en-bus:c1"", ""wv:en:Budapest#section:get-around/public-transport:c2"", ""wv:es:Budapest#section:llegar/transporte-publico/otro:c1"", ""wv:en:Budapest#section:get-in/by-plane:c1"", ""wv:es:Budapest#section:llegar/en-avion:c2""]"
qdrant,2048,warm,public-transport,47.4,23.2,70.5,"[""wv:en:Budapest#section:get-around/public-transport/tickets-and-passes:c1"", ""wv:en:Budapest#section:get-around/public-transport/tickets-and-passes:c2"", ""wv:es:Budapest#section:llegar/transporte-publico/entradas-y-pases:c2"", ""wv:en:Budapest#transport:tram-60-cogwheel-railway"", ""wv:es:Budapest#section:llegar/transporte-publico/entradas-y-pases:c1"", ""wv:es:Budapest#section:llegar/transporte-publico/metro:c1"", ""wp:en:31148640#s6-c1"", ""wv:en:Budapest#section:get-around/public-transport/tram:c1"", ""wv:en:Budapest#section:get-around/public-transport/metro:c1"", ""wv:es:Budapest#section:seguridad/trampas-para-turistas:c1""]"
qdrant,2048,warm,funicular,57.6,22.0,79.7,"[""wv:en:Budapest/Budavár#section:get-in/by-funicular:c1"", ""wv:es:Budapest#transport:funicular-del-castillo-buda"", ""wv:en:Budapest#transport:buda-castle-funicular"", ""wv:en:Budapest/Budavár#section:get-in:c1"", ""tour:budapest:luna-buda-castle"", ""wp:en:2994351#s40-c1"", ""wv:en:Budapest/Hegyvidék#section:get-in/buses:c1"", ""wv:en:Budapest/Víziváros#see:buda-castle-tunnel"", ""wp:en:2994351#s53-c1"", ""tour:budapest:go-zeppelin-buda-castle""]"
qdrant,2048,warm,escape-room,79.0,17.3,96.3,"[""wv:en:Budapest/Erzsébetváros#do:play-escape-room"", ""wv:en:Budapest/Városliget#do:prizone-escape"", ""wv:en:Budapest/Zugló#do:parahotel"", ""wv:en:Budapest/Kőbánya#do:pirate-cave"", ""wv:en:Budapest/Csepel#do:trap-factory"", ""wv:en:Budapest/Kőbánya#do:rage-room-budapest"", ""wp:en:2994351#s34-c1"", ""wv:en:Budapest/Óbuda#do:brainmaze"", ""wp:en:2994351#s65-c1"", ""wp:en:2994351#s32-c1""]"
qdrant,2048,warm,vegan,56.0,17.4,73.4,"[""wv:en:Budapest#section:eat/vegetarian-vegan:c1"", ""wv:es:Budapest#section:comer/vegetariano-vegano:c1"", ""wv:en:Budapest/Víziváros#eat:edeni-vegan"", ""osm:node/4585086090"", ""osm:node/5770690057"", ""wv:en:Budapest/Víziváros#eat:edeni-vegan-restaurant"", ""wv:en:Budapest/Belváros#eat:govinda-restaurants"", ""wv:en:Budapest/Aquincum#eat:govinda-csillaghegy"", ""osm:node/5528143821"", ""osm:node/1918883383""]"
qdrant,2048,warm,new-york-cafe,92.1,19.6,111.7,"[""wv:en:Budapest#section:eat/coffee-houses:c1"", ""wv:en:Budapest/Terézváros#eat:sugarshop"", ""osm:node/5474855522"", ""wv:es:Budapest#section:comer/cafeterias:c1"", ""wv:en:Budapest/Erzsébetváros#eat:new-york-cafe"", ""osm:node/9082621846"", ""osm:node/13680999181"", ""osm:node/5387347771"", ""osm:node/692977110"", ""osm:node/1573205258""]"
qdrant,2048,warm,national-museum,73.9,17.6,91.5,"[""wp:en:7799944#s0-c1"", ""wv:en:Budapest/Erzsébetváros#see:hungarian-national-museum"", ""wv:en:Budapest/Józsefváros#see:national-museum"", ""wp:en:35457863#s2-c1"", ""wp:en:7799944#s1-c1"", ""wp:en:7799944#s2-c1"", ""wp:en:7799944#s3-c1"", ""wp:en:12058019#s0-c1"", ""wv:en:Budapest/Budavár#see:hungarian-national-gallery"", ""wp:en:7799944#s1-c2""]"
qdrant,2048,warm,zoo,77.3,23.0,100.2,"[""wv:en:Budapest/Csepel#eat:arany-pancake-shop-and-pub"", ""osm:node/4079894508"", ""osm:way/25281026"", ""osm:way/906696800"", ""wv:en:Budapest/South Buda#eat:becsiszelet-restaurant"", ""wv:en:Budapest/Angyalföld#do:oko-playground"", ""wv:en:Budapest/Kőbánya#do:pirate-cave"", ""wv:en:Budapest/Csepel#eat:nadfedeles-csarda"", ""osm:way/1054346248"", ""wv:en:Budapest/South Pest#drink:nyalifali""]"
qdrant,2048,warm,margaret-island,55.2,21.9,77.1,"[""wp:en:20947490#s0-c1"", ""wp:en:20947490#s1-c1"", ""wv:en:Budapest/Aquincum#do:obuda-island"", ""wv:en:Budapest/Belváros#see:danube-promenade"", ""wp:en:9033099#s0-c1"", ""wv:en:Budapest/Angyalföld#do:people-island"", ""osm:relation/21179013"", ""wv:en:Budapest/Kőbánya#do:people-s-park"", ""wv:en:Budapest/Budavár#do:europe-park"", ""wv:en:Budapest/South Buda#do:independent-park""]"
qdrant,2048,warm,climate-october,54.2,19.5,73.7,"[""om:climate:budapest:10"", ""om:climate:budapest:11"", ""wv:en:Budapest#section:understand/climate:c1"", ""wv:es:Budapest#section:comprender/clima:c1"", ""om:climate:budapest:09"", ""om:climate:budapest:08"", ""om:climate:budapest:04"", ""wv:en:Budapest#practical:finland"", ""wv:en:Budapest#practical:sweden"", ""osm:way/57716766""]"
qdrant,2048,warm,clima-enero-es,69.7,22.1,91.7,"[""om:climate:budapest:01"", ""om:climate:budapest:02"", ""osm:way/166167091"", ""wv:en:Budapest/North Buda#see:ruins-of-pauline-monastery"", ""wv:en:Budapest/South Buda#see:kelenfold-bus-depot"", ""osm:way/166167074"", ""om:climate:budapest:12"", ""osm:way/166167090"", ""wv:en:Budapest/South Buda#do:kopaszi-dam"", ""wv:en:Budapest/Terézváros#see:anker-palace""]"
s3vectors,2048,cold,baths-buda,98.2,90.7,188.8,"[""wv:en:Budapest/North Buda#do:thermal-bath-szent-lukacs"", ""wv:en:Budapest/South Buda#do:gellert-baths"", ""wv:en:Budapest#section:do/thermal-baths:c1"", ""wv:en:Budapest/Víziváros#do:rudas-thermal-bath"", ""wv:es:Budapest#section:hacer/banos-termales:c1"", ""wv:en:Budapest#section:do/thermal-baths/modern-baths:c1"", ""wp:en:1672696#s0-c1"", ""wv:en:Budapest#section:do/thermal-baths/traditional-public-baths:c1"", ""wp:en:35313365#s0-c2"", ""wv:en:Budapest/Városliget#do:szechenyi-thermal-bath""]"
s3vectors,2048,warm,baths-buda,73.1,62.9,136.0,"[""wv:en:Budapest/North Buda#do:thermal-bath-szent-lukacs"", ""wv:en:Budapest/South Buda#do:gellert-baths"", ""wv:en:Budapest#section:do/thermal-baths:c1"", ""wv:en:Budapest/Víziváros#do:rudas-thermal-bath"", ""wv:es:Budapest#section:hacer/banos-termales:c1"", ""wv:en:Budapest#section:do/thermal-baths/modern-baths:c1"", ""wp:en:1672696#s0-c1"", ""wv:en:Budapest#section:do/thermal-baths/traditional-public-baths:c1"", ""wp:en:35313365#s0-c2"", ""wv:en:Budapest/Városliget#do:szechenyi-thermal-bath""]"
s3vectors,2048,warm,baths-buda-es,89.4,58.5,147.9,"[""wv:es:Budapest#section:hacer/banos-termales:c1"", ""wv:en:Budapest/South Buda#do:gellert-baths"", ""wv:en:Budapest/North Buda#do:thermal-bath-szent-lukacs"", ""wv:es:Budapest#section:hacer/banos-termales/banos-publicos-tradicionales/banos-modernos:c1"", ""wv:en:Budapest#section:do/thermal-baths:c1"", ""wv:en:Budapest#section:do/thermal-baths/modern-baths:c1"", ""wv:en:Budapest/Víziváros#do:rudas-thermal-bath"", ""wp:en:35313365#s0-c2"", ""wp:en:1672696#s0-c1"", ""wv:es:Budapest#section:hacer/banos-termales/banos-publicos-tradicionales:c1""]"
s3vectors,2048,warm,szechenyi,73.4,68.5,141.9,"[""wp:en:2613263#s1-c1"", ""wv:en:Budapest/Városliget#do:szechenyi-thermal-bath"", ""wp:en:2613263#s0-c1"", ""wv:en:Budapest/Városliget#section:do/leisure:c1"", ""wp:en:35313365#s0-c2"", ""wv:en:Budapest/Aquincum#do:csillaghegy-arpad-bath"", ""wv:en:Budapest#section:do/thermal-baths:c1"", ""wv:en:Budapest/Erzsébetváros#see:hungaria-bath"", ""wp:en:35313365#s0-c1"", ""wv:en:Budapest/Belváros#do:park-of-szechenyi-istvan-ter""]"
s3vectors,2048,warm,szechenyi-plain,75.8,65.9,141.6,"[""wp:en:2613263#s2-c1"", ""wv:en:Budapest/East Pest#do:szentmihaly-swimming-pool"", ""wv:en:Budapest/Városliget#do:szechenyi-thermal-bath"", ""wv:en:Budapest/East Pest#do:erzsebetliget-swimming-pool"", ""wv:en:Budapest/Zugló#do:bvsc-swimming-pool"", ""wv:en:Budapest/Kőbánya#do:ujhegy-swimming-pool-and-bath"", ""wv:en:Budapest/East Pest#do:ujlak-swimming-pool"", ""wp:en:2613263#s1-c1"", ""wv:en:Budapest/Aquincum#do:szedruskert-training-pool"", ""wv:en:Budapest/Zugló#do:paskal-thermal-bath""]"
s3vectors,2048,warm,ruin-bars,77.2,63.8,141.0,"[""wv:en:Budapest/Erzsébetváros#section:understand/jewish-quarter:c1"", ""osm:node/3283497736"", ""wv:en:Budapest/Erzsébetváros#section:drink:c1"", ""osm:node/3134154429"", ""wv:en:Budapest/Belváros#section:drink:c1"", ""tour:budapest:go-zeppelin-jewish-quarter"", ""wv:en:Budapest/South Buda#drink:avar-pub"", ""wp:en:7706391#s9-c1"", ""osm:node/9084818345"", ""wv:en:Budapest/East Pest#drink:kispipa-pub""]"
s3vectors,2048,warm,parliament,76.5,62.3,138.8,"[""wv:en:Budapest/Belváros#see:parliament"", ""wv:en:Budapest/Belváros#section:see/the-parliament:c1"", ""wv:en:Budapest/Józsefváros#see:former-house-of-parliament"", ""wv:en:Budapest/Belváros#see:ethnographic-museum"", ""wv:es:Budapest#section:ver:c1"", ""wv:en:Budapest/Hegyvidék#do:budapest-congress-center"", ""wv:en:Budapest#section:see:c3"", ""wv:en:Budapest/Józsefváros#see:national-museum"", ""osm:node/10010248985"", ""wp:en:1438363#s0-c1""]"
s3vectors,2048,warm,free-walking-tour,75.6,64.7,140.2,"[""tour:budapest:by-locals-pest-english"", ""tour:budapest:go-zeppelin-best-of-budapest"", ""tour:budapest:trip-to-budapest-pest"", ""tour:budapest:luna-pest-downtown"", ""tour:budapest:trip-to-budapest-art-nouveau"", ""tour:budapest:go-zeppelin-buda-castle"", ""tour:budapest:by-locals-pest-spanish"", ""wv:en:Budapest#section:do:c1"", ""tour:budapest:trip-to-budapest-buda-castle"", ""tour:budapest:trip-to-budapest-jewish-district""]"
s3vectors,2048,warm,free-tour-es,74.4,64.2,138.6,"[""tour:budapest:by-locals-pest-spanish"", ""tour:budapest:trip-to-budapest-pest"", ""tour:budapest:by-locals-pest-english"", ""tour:budapest:go-zeppelin-best-of-budapest"", ""tour:budapest:luna-pest-downtown"", ""tour:budapest:trip-to-budapest-buda-castle"", ""wv:en:Budapest#section:do:c1"", ""tour:budapest:trip-to-budapest-art-nouveau"", ""tour:budapest:trip-to-budapest-jewish-district"", ""tour:budapest:go-zeppelin-buda-castle""]"
s3vectors,2048,warm,jewish-quarter-tour,76.4,64.2,140.6,"[""tour:budapest:go-zeppelin-jewish-quarter"", ""tour:budapest:trip-to-budapest-jewish-district"", ""wv:en:Budapest/Erzsébetváros#section:understand/jewish-quarter:c1"", ""wp:en:35457863#s0-c1"", ""wv:en:Budapest/Budavár#see:medieval-jewish-prayer-house"", ""wp:en:7706391#s7-c1"", ""tour:budapest:trip-to-budapest-communism"", ""wp:en:39684758#s0-c1"", ""tour:budapest:go-zeppelin-buda-castle"", ""wv:en:Budapest/Kőbánya#see:jewish-cemetery""]"
s3vectors,2048,warm,danube-cruise,76.5,65.7,142.2,"[""wv:en:Budapest/Belváros#do:cruising-and-eating"", ""wv:en:Budapest/South Buda#section:drink/clubs-bars:c1"", ""wv:en:Budapest/Belváros#do:boat-trip-to-margaret-island"", ""wv:en:Budapest/Belváros#see:danube-promenade"", ""wp:en:9033099#s0-c1"", ""wv:en:Budapest#section:eat/restaurants:c2"", ""wv:en:Budapest#do:hungaria-koncert"", ""wv:en:Budapest/Belváros#drink:wine-tasting-on-boat"", ""wv:en:Budapest#do:firework-above-danube-river"", ""wv:en:Budapest#transport:boat""]"
s3vectors,2048,warm,cave-tour,78.2,65.8,144.0,"[""wv:en:Budapest/North Buda#do:szemlo-hill-cave"", ""wv:en:Budapest/North Buda#do:palvolgy-cave"", ""wv:en:Budapest/North Buda#do:molnar-janos-cave"", ""wv:en:Budapest/North Buda#do:matyas-hegyi-cave"", ""wv:en:Budapest/Hegyvidék#do:buda-protected-landscape-area"", ""tour:budapest:trip-to-budapest-buda-castle"", ""wv:en:Budapest/Óbuda#see:tabor-hegyi-cave"", ""wv:en:Budapest#section:do/caving:c1"", ""tour:budapest:luna-buda-castle"", ""wp:en:2994351#s71-c1""]"
s3vectors,2048,warm,bike-tour,73.5,66.2,139.7,"[""tour:budapest:by-locals-pest-english"", ""tour:budapest:go-zeppelin-best-of-budapest"", ""tour:budapest:luna-pest-downtown"", ""tour:budapest:trip-to-budapest-pest"", ""tour:budapest:by-locals-pest-spanish"", ""tour:budapest:go-zeppelin-buda-castle"", ""tour:budapest:trip-to-budapest-jewish-district"", ""tour:budapest:trip-to-budapest-buda-castle"", ""wv:en:Budapest#section:do:c1"", ""wv:en:Budapest#transport:yellow-zebra-bike""]"
s3vectors,2048,warm,fishermans-bastion,73.4,69.1,142.5,"[""wp:en:3733065#s7-c1"", ""wp:en:3733065#s6-c1"", ""wp:en:3733065#s4-c1"", ""wp:en:3733065#s3-c2"", ""wv:en:Budapest/Budavár#see:fisherman-s-bastion"", ""wp:en:3733065#s3-c1"", ""wp:en:3733065#s1-c1"", ""wp:en:3733065#s9-c1"", ""wp:en:3733065#s0-c1"", ""wp:en:3733065#s14-c1""]"
s3vectors,2048,warm,market-hall,74.6,67.6,142.2,"[""wv:en:Budapest/Ferencváros#do:great-market-hall"", ""wp:en:6155085#s1-c2"", ""wp:en:6155085#s0-c1"", ""wp:en:6155085#s1-c1"", ""osm:node/1160266661"", ""wv:en:Budapest/Belváros#do:market-hall"", ""wv:en:Budapest/Ferencváros#see:grand-market-area"", ""wv:en:Budapest/Angyalföld#do:lehel-market-hall"", ""wv:en:Budapest/Józsefváros#do:rakoczi-square-market-hall"", ""osm:node/3588514314""]"
s3vectors,2048,warm,opera,69.8,64.6,134.4,"[""wv:en:Budapest/Terézváros#do:state-opera-or-hungarian-state-opera-house"", ""wv:en:Budapest/Terézváros#see:state-opera-house"", ""wp:en:1438363#s0-c1"", ""wp:en:1438363#s2-c1"", ""wp:en:1438363#s3-c1"", ""wp:en:1438363#s1-c1"", ""wp:en:1438363#s4-c1"", ""wv:en:Budapest/Terézváros#do:budapest-operetta-theatre"", ""wv:en:Budapest/Angyalföld#do:open-air-theatre"", ""wv:en:Budapest/South Pest#do:sari-fedak-theatre""]"
s3vectors,2048,warm,memento-park,76.3,60.8,137.1,"[""wv:en:Budapest/South Buda#see:memento-park"", ""tour:budapest:trip-to-budapest-communism"", ""wv:en:Budapest/Aquincum#see:graphisoft-park"", ""wv:en:Budapest/Kőbánya#do:tchaikovsky-park"", ""osm:way/83186847"", ""wp:en:8362709#s1-c1"", ""osm:way/469218807"", ""wv:en:Budapest/Belváros#do:park-of-szechenyi-istvan-ter"", ""osm:way/365216106"", ""wv:en:Budapest/North Buda#see:millenaris-park""]"
s3vectors,2048,warm,hospital-rock,77.9,59.6,137.5,"[""wp:en:75078576#s0-c1"", ""wp:en:44810974#s0-c1"", ""wv:en:Budapest/Budavár#see:hospital-in-the-rock-nuclear-bunker-museum"", ""wv:en:Budapest/Belváros#see:f4-object"", ""wp:en:44810974#s6-c1"", ""wv:en:Budapest/South Buda#see:cave-house-museum"", ""wv:en:Budapest/Kőbánya#see:central-museum-of-disaster-management"", ""wp:en:44810974#s3-c1"", ""wp:en:75078576#s1-c1"", ""wp:en:2994351#s21-c1""]"
s3vectors,2048,warm,shoes-memorial,78.0,65.8,143.8,"[""wp:en:9052076#s0-c1"", ""wp:en:9052076#s1-c1"", ""wv:en:Budapest/Belváros#see:shoes-on-the-danube-memorial"", ""wp:en:9052076#s3-c1"", ""wp:en:7706391#s10-c1"", ""wp:en:9052076#s4-c1"", ""wv:en:Budapest/Ferencváros#see:holocaust-memorial-center"", ""wp:en:39684758#s0-c1"", ""osm:node/13390812109"", ""osm:node/12296868961""]"
s3vectors,2048,warm,heroes-square,83.8,62.6,146.4,"[""osm:relation/7108327"", ""osm:relation/6411893"", ""wp:en:2254072#s0-c1"", ""wv:en:Budapest#section:see:c4"", ""wv:en:Budapest/Terézváros#section:understand:c1"", ""wv:en:Budapest/Budavár#see:homeland-defence-headquarter"", ""wv:en:Budapest/Víziváros#section:see/vizivaros/around-adam-clark-square-clark-adam-ter:c1"", ""wv:en:Budapest/Budavár#see:castle-chapel"", ""wv:en:Budapest/Víziváros#see:castle-garden-kiosk-ybl-buda-creative-house"", ""wv:en:Budapest#section:see:c2""]"
s3vectors,2048,warm,aquincum,72.4,64.7,137.1,"[""wv:en:Budapest/Óbuda#see:thermae-maiores"", ""wv:en:Budapest/Óbuda#see:hercules-villa"", ""wv:en:Budapest/Óbuda#see:cella-trichora"", ""wv:en:Budapest/Aquincum#see:aquincum-museum-and-archaeological-park"", ""wp:en:78012312#s0-c1"", ""wv:en:Budapest/Józsefváros#see:museum-of-funeral"", ""wv:en:Budapest/Óbuda#see:porta-principalis-dextra"", ""wv:en:Budapest/Budavár#see:castle-museum"", ""wv:en:Budapest/Óbuda#see:aquincum-military-amphitheatre"", ""osm:node/3884465506""]"
s3vectors,2048,warm,airport-to-centre,73.4,59.9,133.3,"[""wv:en:Budapest#section:get-in/by-plane:c2"", ""wv:es:Budapest#section:llegar/en-avion:c3"", ""wv:es:Budapest#section:llegar/en-avion:c4"", ""wv:en:Budapest#section:get-in/by-plane:c1"", ""wv:en:Budapest#section:get-around/public-transport:c2"", ""wv:en:Budapest/Hegyvidék#section:get-in/other-transport-modes:c1"", ""wv:es:Budapest#section:llegar/en-avion:c1"", ""wv:es:Budapest#section:llegar/transporte-publico:c2"", ""wp:en:56138927#s17-c1"", ""wv:en:Budapest/Hegyvidék#section:get-in:c1""]"
s3vectors,2048,warm,airport-es,77.4,65.8,143.2,"[""wv:es:Budapest#section:llegar/en-avion:c3"", ""wv:es:Budapest#section:llegar/en-avion:c4"", ""wv:es:Budapest#section:llegar/en-avion:c1"", ""wv:en:Budapest#section:get-in/by-plane:c2"", ""wv:es:Budapest#section:llegar/transporte-publico:c2"", ""wv:es:Budapest#section:llegar/en-bus:c1"", ""wv:en:Budapest#section:get-around/public-transport:c2"", ""wv:es:Budapest#section:llegar/transporte-publico/otro:c1"", ""wv:en:Budapest#section:get-in/by-plane:c1"", ""wv:es:Budapest#section:llegar/en-avion:c2""]"
s3vectors,2048,warm,public-transport,75.8,60.9,136.7,"[""wv:en:Budapest#section:get-around/public-transport/tickets-and-passes:c1"", ""wv:en:Budapest#section:get-around/public-transport/tickets-and-passes:c2"", ""wv:es:Budapest#section:llegar/transporte-publico/entradas-y-pases:c2"", ""wv:en:Budapest#transport:tram-60-cogwheel-railway"", ""wv:es:Budapest#section:llegar/transporte-publico/entradas-y-pases:c1"", ""wv:es:Budapest#section:llegar/transporte-publico/metro:c1"", ""wp:en:31148640#s6-c1"", ""wv:en:Budapest#section:get-around/public-transport/tram:c1"", ""wv:en:Budapest#section:get-around/public-transport/metro:c1"", ""wv:es:Budapest#section:seguridad/trampas-para-turistas:c1""]"
s3vectors,2048,warm,funicular,71.8,65.2,137.0,"[""wv:en:Budapest/Budavár#section:get-in/by-funicular:c1"", ""wv:es:Budapest#transport:funicular-del-castillo-buda"", ""wv:en:Budapest#transport:buda-castle-funicular"", ""wv:en:Budapest/Budavár#section:get-in:c1"", ""tour:budapest:luna-buda-castle"", ""wp:en:2994351#s40-c1"", ""wv:en:Budapest/Hegyvidék#section:get-in/buses:c1"", ""wp:en:2994351#s53-c1"", ""wv:en:Budapest/Víziváros#see:buda-castle-tunnel"", ""tour:budapest:go-zeppelin-buda-castle""]"
s3vectors,2048,warm,escape-room,76.0,76.1,152.1,"[""wv:en:Budapest/Erzsébetváros#do:play-escape-room"", ""wv:en:Budapest/Városliget#do:prizone-escape"", ""wv:en:Budapest/Zugló#do:parahotel"", ""wv:en:Budapest/Kőbánya#do:pirate-cave"", ""wv:en:Budapest/Csepel#do:trap-factory"", ""wv:en:Budapest/Kőbánya#do:rage-room-budapest"", ""wp:en:2994351#s34-c1"", ""wv:en:Budapest/Óbuda#do:brainmaze"", ""wp:en:2994351#s65-c1"", ""wp:en:2994351#s32-c1""]"
s3vectors,2048,warm,vegan,76.7,85.7,162.5,"[""wv:en:Budapest#section:eat/vegetarian-vegan:c1"", ""wv:es:Budapest#section:comer/vegetariano-vegano:c1"", ""wv:en:Budapest/Víziváros#eat:edeni-vegan"", ""osm:node/4585086090"", ""osm:node/5770690057"", ""wv:en:Budapest/Víziváros#eat:edeni-vegan-restaurant"", ""wv:en:Budapest/Belváros#eat:govinda-restaurants"", ""wv:en:Budapest/Aquincum#eat:govinda-csillaghegy"", ""osm:node/5528143821"", ""osm:node/1918883383""]"
s3vectors,2048,warm,new-york-cafe,73.5,65.0,138.5,"[""wv:en:Budapest#section:eat/coffee-houses:c1"", ""wv:en:Budapest/Terézváros#eat:sugarshop"", ""osm:node/5474855522"", ""wv:es:Budapest#section:comer/cafeterias:c1"", ""wv:en:Budapest/Erzsébetváros#eat:new-york-cafe"", ""osm:node/9082621846"", ""osm:node/13680999181"", ""osm:node/5387347771"", ""osm:node/692977110"", ""osm:node/1573205258""]"
s3vectors,2048,warm,national-museum,73.8,61.5,135.3,"[""wp:en:7799944#s0-c1"", ""wv:en:Budapest/Erzsébetváros#see:hungarian-national-museum"", ""wv:en:Budapest/Józsefváros#see:national-museum"", ""wp:en:35457863#s2-c1"", ""wp:en:7799944#s1-c1"", ""wp:en:7799944#s2-c1"", ""wp:en:7799944#s3-c1"", ""wp:en:12058019#s0-c1"", ""wv:en:Budapest/Budavár#see:hungarian-national-gallery"", ""wp:en:7799944#s1-c2""]"
s3vectors,2048,warm,zoo,78.0,61.8,139.8,"[""wv:en:Budapest/Budavár#see:fountain-of-fishing-kids"", ""wv:en:Budapest/Csepel#eat:arany-pancake-shop-and-pub"", ""wv:en:Budapest/Hegyvidék#transport:children-s-railway"", ""osm:way/25281026"", ""osm:way/906696800"", ""wv:en:Budapest/South Buda#eat:becsiszelet-restaurant"", ""wv:en:Budapest/Angyalföld#do:oko-playground"", ""wv:en:Budapest/Kőbánya#do:family-center"", ""wv:en:Budapest/Csepel#eat:nadfedeles-csarda"", ""wv:en:Budapest/South Pest#drink:nyalifali""]"
s3vectors,2048,warm,margaret-island,74.2,65.6,139.7,"[""wp:en:20947490#s0-c1"", ""wp:en:20947490#s1-c1"", ""wv:en:Budapest/Aquincum#do:obuda-island"", ""wv:en:Budapest/Belváros#see:danube-promenade"", ""wp:en:9033099#s0-c1"", ""wv:en:Budapest/Angyalföld#do:people-island"", ""osm:relation/21179013"", ""wv:en:Budapest/Kőbánya#do:people-s-park"", ""wv:en:Budapest/Budavár#do:europe-park"", ""wv:en:Budapest/South Buda#do:independent-park""]"
s3vectors,2048,warm,climate-october,71.7,62.6,134.3,"[""om:climate:budapest:10"", ""om:climate:budapest:11"", ""wv:en:Budapest#section:understand/climate:c1"", ""wv:es:Budapest#section:comprender/clima:c1"", ""om:climate:budapest:09"", ""om:climate:budapest:08"", ""wv:en:Budapest/Víziváros#see:gyorgy-dozsa-monument"", ""om:climate:budapest:04"", ""osm:way/57716766"", ""wv:en:Budapest#practical:republic-of-korea""]"
s3vectors,2048,warm,clima-enero-es,79.4,81.6,160.9,"[""om:climate:budapest:01"", ""om:climate:budapest:02"", ""wv:es:Budapest#section:comprender/clima:c1"", ""wv:en:Budapest/North Buda#see:ruins-of-pauline-monastery"", ""osm:way/166167091"", ""wv:en:Budapest/South Buda#see:kelenfold-bus-depot"", ""osm:way/166167074"", ""om:climate:budapest:12"", ""osm:way/166167090"", ""wp:en:2994351#s21-c1""]"
s3vectors,2048,warm,baths-buda,73.0,62.0,135.0,"[""wv:en:Budapest/North Buda#do:thermal-bath-szent-lukacs"", ""wv:en:Budapest/South Buda#do:gellert-baths"", ""wv:en:Budapest#section:do/thermal-baths:c1"", ""wv:en:Budapest/Víziváros#do:rudas-thermal-bath"", ""wv:es:Budapest#section:hacer/banos-termales:c1"", ""wv:en:Budapest#section:do/thermal-baths/modern-baths:c1"", ""wp:en:1672696#s0-c1"", ""wv:en:Budapest#section:do/thermal-baths/traditional-public-baths:c1"", ""wp:en:35313365#s0-c2"", ""wv:en:Budapest/Városliget#do:szechenyi-thermal-bath""]"
s3vectors,2048,warm,baths-buda-es,75.6,67.0,142.6,"[""wv:es:Budapest#section:hacer/banos-termales:c1"", ""wv:en:Budapest/South Buda#do:gellert-baths"", ""wv:en:Budapest/North Buda#do:thermal-bath-szent-lukacs"", ""wv:es:Budapest#section:hacer/banos-termales/banos-publicos-tradicionales/banos-modernos:c1"", ""wv:en:Budapest#section:do/thermal-baths:c1"", ""wv:en:Budapest#section:do/thermal-baths/modern-baths:c1"", ""wv:en:Budapest/Víziváros#do:rudas-thermal-bath"", ""wp:en:35313365#s0-c2"", ""wp:en:1672696#s0-c1"", ""wv:es:Budapest#section:hacer/banos-termales/banos-publicos-tradicionales:c1""]"
s3vectors,2048,warm,szechenyi,73.2,65.8,139.0,"[""wp:en:2613263#s1-c1"", ""wv:en:Budapest/Városliget#do:szechenyi-thermal-bath"", ""wp:en:2613263#s0-c1"", ""wv:en:Budapest/Városliget#section:do/leisure:c1"", ""wp:en:35313365#s0-c2"", ""wv:en:Budapest/Aquincum#do:csillaghegy-arpad-bath"", ""wv:en:Budapest#section:do/thermal-baths:c1"", ""wv:en:Budapest/Erzsébetváros#see:hungaria-bath"", ""wp:en:35313365#s0-c1"", ""wv:en:Budapest/Belváros#do:park-of-szechenyi-istvan-ter""]"
s3vectors,2048,warm,szechenyi-plain,68.1,60.0,128.1,"[""wp:en:2613263#s2-c1"", ""wv:en:Budapest/East Pest#do:szentmihaly-swimming-pool"", ""wv:en:Budapest/Városliget#do:szechenyi-thermal-bath"", ""wv:en:Budapest/East Pest#do:erzsebetliget-swimming-pool"", ""wv:en:Budapest/Zugló#do:bvsc-swimming-pool"", ""wv:en:Budapest/Kőbánya#do:ujhegy-swimming-pool-and-bath"", ""wv:en:Budapest/East Pest#do:ujlak-swimming-pool"", ""wp:en:2613263#s1-c1"", ""wv:en:Budapest/Aquincum#do:szedruskert-training-pool"", ""wv:en:Budapest/Zugló#do:paskal-thermal-bath""]"
s3vectors,2048,warm,ruin-bars,72.3,68.0,140.3,"[""wv:en:Budapest/Erzsébetváros#section:understand/jewish-quarter:c1"", ""osm:node/3283497736"", ""wv:en:Budapest/Erzsébetváros#section:drink:c1"", ""osm:node/3134154429"", ""wv:en:Budapest/Belváros#section:drink:c1"", ""tour:budapest:go-zeppelin-jewish-quarter"", ""wv:en:Budapest/South Buda#drink:avar-pub"", ""wp:en:7706391#s9-c1"", ""osm:node/9084818345"", ""wv:en:Budapest/East Pest#drink:kispipa-pub""]"
s3vectors,2048,warm,parliament,71.9,71.1,143.1,"[""wv:en:Budapest/Belváros#see:parliament"", ""wv:en:Budapest/Belváros#section:see/the-parliament:c1"", ""wv:en:Budapest/Józsefváros#see:former-house-of-parliament"", ""wv:en:Budapest/Belváros#see:ethnographic-museum"", ""wv:es:Budapest#section:ver:c1"", ""wv:en:Budapest/Hegyvidék#do:budapest-congress-center"", ""wv:en:Budapest#section:see:c3"", ""wv:en:Budapest/Józsefváros#see:national-museum"", ""osm:node/10010248985"", ""wp:en:1438363#s0-c1""]"
s3vectors,2048,warm,free-walking-tour,78.2,60.0,138.2,"[""tour:budapest:by-locals-pest-english"", ""tour:budapest:go-zeppelin-best-of-budapest"", ""tour:budapest:trip-to-budapest-pest"", ""tour:budapest:luna-pest-downtown"", ""tour:budapest:trip-to-budapest-art-nouveau"", ""tour:budapest:go-zeppelin-buda-castle"", ""tour:budapest:by-locals-pest-spanish"", ""wv:en:Budapest#section:do:c1"", ""tour:budapest:trip-to-budapest-buda-castle"", ""tour:budapest:trip-to-budapest-jewish-district""]"
s3vectors,2048,warm,free-tour-es,72.8,67.2,140.0,"[""tour:budapest:by-locals-pest-spanish"", ""tour:budapest:trip-to-budapest-pest"", ""tour:budapest:by-locals-pest-english"", ""tour:budapest:go-zeppelin-best-of-budapest"", ""tour:budapest:luna-pest-downtown"", ""tour:budapest:trip-to-budapest-buda-castle"", ""wv:en:Budapest#section:do:c1"", ""tour:budapest:trip-to-budapest-art-nouveau"", ""tour:budapest:trip-to-budapest-jewish-district"", ""tour:budapest:go-zeppelin-buda-castle""]"
s3vectors,2048,warm,jewish-quarter-tour,73.0,62.0,135.0,"[""tour:budapest:go-zeppelin-jewish-quarter"", ""tour:budapest:trip-to-budapest-jewish-district"", ""wv:en:Budapest/Erzsébetváros#section:understand/jewish-quarter:c1"", ""wp:en:35457863#s0-c1"", ""wv:en:Budapest/Budavár#see:medieval-jewish-prayer-house"", ""wp:en:7706391#s7-c1"", ""tour:budapest:trip-to-budapest-communism"", ""wp:en:39684758#s0-c1"", ""tour:budapest:go-zeppelin-buda-castle"", ""wv:en:Budapest/Kőbánya#see:jewish-cemetery""]"
s3vectors,2048,warm,danube-cruise,68.5,64.6,133.0,"[""wv:en:Budapest/Belváros#do:cruising-and-eating"", ""wv:en:Budapest/South Buda#section:drink/clubs-bars:c1"", ""wv:en:Budapest/Belváros#do:boat-trip-to-margaret-island"", ""wv:en:Budapest/Belváros#see:danube-promenade"", ""wp:en:9033099#s0-c1"", ""wv:en:Budapest#section:eat/restaurants:c2"", ""wv:en:Budapest#do:hungaria-koncert"", ""wv:en:Budapest/Belváros#drink:wine-tasting-on-boat"", ""wv:en:Budapest#do:firework-above-danube-river"", ""wv:en:Budapest#transport:boat""]"
s3vectors,2048,warm,cave-tour,71.3,67.7,139.0,"[""wv:en:Budapest/North Buda#do:szemlo-hill-cave"", ""wv:en:Budapest/North Buda#do:palvolgy-cave"", ""wv:en:Budapest/North Buda#do:molnar-janos-cave"", ""wv:en:Budapest/North Buda#do:matyas-hegyi-cave"", ""wv:en:Budapest/Hegyvidék#do:buda-protected-landscape-area"", ""tour:budapest:trip-to-budapest-buda-castle"", ""wv:en:Budapest/Óbuda#see:tabor-hegyi-cave"", ""wv:en:Budapest#section:do/caving:c1"", ""tour:budapest:luna-buda-castle"", ""wp:en:2994351#s71-c1""]"
s3vectors,2048,warm,bike-tour,69.2,63.0,132.2,"[""tour:budapest:by-locals-pest-english"", ""tour:budapest:go-zeppelin-best-of-budapest"", ""tour:budapest:luna-pest-downtown"", ""tour:budapest:trip-to-budapest-pest"", ""tour:budapest:by-locals-pest-spanish"", ""tour:budapest:go-zeppelin-buda-castle"", ""tour:budapest:trip-to-budapest-jewish-district"", ""tour:budapest:trip-to-budapest-buda-castle"", ""wv:en:Budapest#section:do:c1"", ""wv:en:Budapest#transport:yellow-zebra-bike""]"
s3vectors,2048,warm,fishermans-bastion,71.8,59.7,131.5,"[""wp:en:3733065#s7-c1"", ""wp:en:3733065#s6-c1"", ""wp:en:3733065#s4-c1"", ""wp:en:3733065#s3-c2"", ""wv:en:Budapest/Budavár#see:fisherman-s-bastion"", ""wp:en:3733065#s3-c1"", ""wp:en:3733065#s1-c1"", ""wp:en:3733065#s9-c1"", ""wp:en:3733065#s0-c1"", ""wp:en:3733065#s14-c1""]"
s3vectors,2048,warm,market-hall,72.2,62.7,134.9,"[""wv:en:Budapest/Ferencváros#do:great-market-hall"", ""wp:en:6155085#s1-c2"", ""wp:en:6155085#s0-c1"", ""wp:en:6155085#s1-c1"", ""osm:node/1160266661"", ""wv:en:Budapest/Belváros#do:market-hall"", ""wv:en:Budapest/Ferencváros#see:grand-market-area"", ""wv:en:Budapest/Angyalföld#do:lehel-market-hall"", ""wv:en:Budapest/Józsefváros#do:rakoczi-square-market-hall"", ""osm:node/3588514314""]"
s3vectors,2048,warm,opera,74.2,62.5,136.7,"[""wv:en:Budapest/Terézváros#do:state-opera-or-hungarian-state-opera-house"", ""wv:en:Budapest/Terézváros#see:state-opera-house"", ""wp:en:1438363#s0-c1"", ""wp:en:1438363#s2-c1"", ""wp:en:1438363#s3-c1"", ""wp:en:1438363#s1-c1"", ""wp:en:1438363#s4-c1"", ""wv:en:Budapest/Terézváros#do:budapest-operetta-theatre"", ""wv:en:Budapest/Angyalföld#do:open-air-theatre"", ""wv:en:Budapest/South Pest#do:sari-fedak-theatre""]"
s3vectors,2048,warm,memento-park,74.6,61.0,135.6,"[""wv:en:Budapest/South Buda#see:memento-park"", ""tour:budapest:trip-to-budapest-communism"", ""wv:en:Budapest/Aquincum#see:graphisoft-park"", ""wv:en:Budapest/Kőbánya#do:tchaikovsky-park"", ""osm:way/83186847"", ""wp:en:8362709#s1-c1"", ""osm:way/469218807"", ""wv:en:Budapest/Belváros#do:park-of-szechenyi-istvan-ter"", ""osm:way/365216106"", ""wv:en:Budapest/North Buda#see:millenaris-park""]"
s3vectors,2048,warm,hospital-rock,75.1,65.8,140.9,"[""wp:en:75078576#s0-c1"", ""wp:en:44810974#s0-c1"", ""wv:en:Budapest/Budavár#see:hospital-in-the-rock-nuclear-bunker-museum"", ""wv:en:Budapest/Belváros#see:f4-object"", ""wp:en:44810974#s6-c1"", ""wv:en:Budapest/South Buda#see:cave-house-museum"", ""wv:en:Budapest/Kőbánya#see:central-museum-of-disaster-management"", ""wp:en:44810974#s3-c1"", ""wp:en:75078576#s1-c1"", ""wp:en:2994351#s21-c1""]"
s3vectors,2048,warm,shoes-memorial,82.6,59.8,142.5,"[""wp:en:9052076#s0-c1"", ""wp:en:9052076#s1-c1"", ""wv:en:Budapest/Belváros#see:shoes-on-the-danube-memorial"", ""wp:en:9052076#s3-c1"", ""wp:en:7706391#s10-c1"", ""wp:en:9052076#s4-c1"", ""wv:en:Budapest/Ferencváros#see:holocaust-memorial-center"", ""wp:en:39684758#s0-c1"", ""osm:node/13390812109"", ""osm:node/12296868961""]"
s3vectors,2048,warm,heroes-square,72.3,61.3,133.6,"[""osm:relation/7108327"", ""osm:relation/6411893"", ""wp:en:2254072#s0-c1"", ""wv:en:Budapest#section:see:c4"", ""wv:en:Budapest/Terézváros#section:understand:c1"", ""wv:en:Budapest/Budavár#see:homeland-defence-headquarter"", ""wv:en:Budapest/Víziváros#section:see/vizivaros/around-adam-clark-square-clark-adam-ter:c1"", ""wv:en:Budapest/Budavár#see:castle-chapel"", ""wv:en:Budapest/Víziváros#see:castle-garden-kiosk-ybl-buda-creative-house"", ""wv:en:Budapest#section:see:c2""]"
s3vectors,2048,warm,aquincum,78.4,63.2,141.6,"[""wv:en:Budapest/Óbuda#see:thermae-maiores"", ""wv:en:Budapest/Óbuda#see:hercules-villa"", ""wv:en:Budapest/Óbuda#see:cella-trichora"", ""wv:en:Budapest/Aquincum#see:aquincum-museum-and-archaeological-park"", ""wp:en:78012312#s0-c1"", ""wv:en:Budapest/Józsefváros#see:museum-of-funeral"", ""wv:en:Budapest/Óbuda#see:porta-principalis-dextra"", ""wv:en:Budapest/Budavár#see:castle-museum"", ""wv:en:Budapest/Óbuda#see:aquincum-military-amphitheatre"", ""osm:node/3884465506""]"
s3vectors,2048,warm,airport-to-centre,75.2,58.6,133.8,"[""wv:en:Budapest#section:get-in/by-plane:c2"", ""wv:es:Budapest#section:llegar/en-avion:c3"", ""wv:es:Budapest#section:llegar/en-avion:c4"", ""wv:en:Budapest#section:get-in/by-plane:c1"", ""wv:en:Budapest#section:get-around/public-transport:c2"", ""wv:en:Budapest/Hegyvidék#section:get-in/other-transport-modes:c1"", ""wv:es:Budapest#section:llegar/en-avion:c1"", ""wv:es:Budapest#section:llegar/transporte-publico:c2"", ""wp:en:56138927#s17-c1"", ""wv:en:Budapest/Hegyvidék#section:get-in:c1""]"
s3vectors,2048,warm,airport-es,72.8,68.8,141.6,"[""wv:es:Budapest#section:llegar/en-avion:c3"", ""wv:es:Budapest#section:llegar/en-avion:c4"", ""wv:es:Budapest#section:llegar/en-avion:c1"", ""wv:en:Budapest#section:get-in/by-plane:c2"", ""wv:es:Budapest#section:llegar/transporte-publico:c2"", ""wv:es:Budapest#section:llegar/en-bus:c1"", ""wv:en:Budapest#section:get-around/public-transport:c2"", ""wv:es:Budapest#section:llegar/transporte-publico/otro:c1"", ""wv:en:Budapest#section:get-in/by-plane:c1"", ""wv:es:Budapest#section:llegar/en-avion:c2""]"
s3vectors,2048,warm,public-transport,163.5,61.4,224.9,"[""wv:en:Budapest#section:get-around/public-transport/tickets-and-passes:c1"", ""wv:en:Budapest#section:get-around/public-transport/tickets-and-passes:c2"", ""wv:es:Budapest#section:llegar/transporte-publico/entradas-y-pases:c2"", ""wv:en:Budapest#transport:tram-60-cogwheel-railway"", ""wv:es:Budapest#section:llegar/transporte-publico/entradas-y-pases:c1"", ""wv:es:Budapest#section:llegar/transporte-publico/metro:c1"", ""wp:en:31148640#s6-c1"", ""wv:en:Budapest#section:get-around/public-transport/tram:c1"", ""wv:en:Budapest#section:get-around/public-transport/metro:c1"", ""wv:es:Budapest#section:seguridad/trampas-para-turistas:c1""]"
s3vectors,2048,warm,funicular,70.2,66.9,137.1,"[""wv:en:Budapest/Budavár#section:get-in/by-funicular:c1"", ""wv:es:Budapest#transport:funicular-del-castillo-buda"", ""wv:en:Budapest#transport:buda-castle-funicular"", ""wv:en:Budapest/Budavár#section:get-in:c1"", ""tour:budapest:luna-buda-castle"", ""wp:en:2994351#s40-c1"", ""wv:en:Budapest/Hegyvidék#section:get-in/buses:c1"", ""wp:en:2994351#s53-c1"", ""wv:en:Budapest/Víziváros#see:buda-castle-tunnel"", ""tour:budapest:go-zeppelin-buda-castle""]"
s3vectors,2048,warm,escape-room,79.5,59.1,138.6,"[""wv:en:Budapest/Erzsébetváros#do:play-escape-room"", ""wv:en:Budapest/Városliget#do:prizone-escape"", ""wv:en:Budapest/Zugló#do:parahotel"", ""wv:en:Budapest/Kőbánya#do:pirate-cave"", ""wv:en:Budapest/Csepel#do:trap-factory"", ""wv:en:Budapest/Kőbánya#do:rage-room-budapest"", ""wp:en:2994351#s34-c1"", ""wv:en:Budapest/Óbuda#do:brainmaze"", ""wp:en:2994351#s65-c1"", ""wp:en:2994351#s32-c1""]"
s3vectors,2048,warm,vegan,76.0,67.2,143.2,"[""wv:en:Budapest#section:eat/vegetarian-vegan:c1"", ""wv:es:Budapest#section:comer/vegetariano-vegano:c1"", ""wv:en:Budapest/Víziváros#eat:edeni-vegan"", ""osm:node/4585086090"", ""osm:node/5770690057"", ""wv:en:Budapest/Víziváros#eat:edeni-vegan-restaurant"", ""wv:en:Budapest/Belváros#eat:govinda-restaurants"", ""wv:en:Budapest/Aquincum#eat:govinda-csillaghegy"", ""osm:node/5528143821"", ""osm:node/1918883383""]"
s3vectors,2048,warm,new-york-cafe,74.0,67.0,141.0,"[""wv:en:Budapest#section:eat/coffee-houses:c1"", ""wv:en:Budapest/Terézváros#eat:sugarshop"", ""osm:node/5474855522"", ""wv:es:Budapest#section:comer/cafeterias:c1"", ""wv:en:Budapest/Erzsébetváros#eat:new-york-cafe"", ""osm:node/9082621846"", ""osm:node/13680999181"", ""osm:node/5387347771"", ""osm:node/692977110"", ""osm:node/1573205258""]"
s3vectors,2048,warm,national-museum,79.6,58.9,138.5,"[""wp:en:7799944#s0-c1"", ""wv:en:Budapest/Erzsébetváros#see:hungarian-national-museum"", ""wv:en:Budapest/Józsefváros#see:national-museum"", ""wp:en:35457863#s2-c1"", ""wp:en:7799944#s1-c1"", ""wp:en:7799944#s2-c1"", ""wp:en:7799944#s3-c1"", ""wp:en:12058019#s0-c1"", ""wv:en:Budapest/Budavár#see:hungarian-national-gallery"", ""wp:en:7799944#s1-c2""]"
s3vectors,2048,warm,zoo,72.4,69.5,141.8,"[""wv:en:Budapest/Budavár#see:fountain-of-fishing-kids"", ""wv:en:Budapest/Csepel#eat:arany-pancake-shop-and-pub"", ""wv:en:Budapest/Hegyvidék#transport:children-s-railway"", ""osm:way/25281026"", ""osm:way/906696800"", ""wv:en:Budapest/South Buda#eat:becsiszelet-restaurant"", ""wv:en:Budapest/Angyalföld#do:oko-playground"", ""wv:en:Budapest/Kőbánya#do:family-center"", ""wv:en:Budapest/Csepel#eat:nadfedeles-csarda"", ""wv:en:Budapest/South Pest#drink:nyalifali""]"
s3vectors,2048,warm,margaret-island,74.9,63.7,138.6,"[""wp:en:20947490#s0-c1"", ""wp:en:20947490#s1-c1"", ""wv:en:Budapest/Aquincum#do:obuda-island"", ""wv:en:Budapest/Belváros#see:danube-promenade"", ""wp:en:9033099#s0-c1"", ""wv:en:Budapest/Angyalföld#do:people-island"", ""osm:relation/21179013"", ""wv:en:Budapest/Kőbánya#do:people-s-park"", ""wv:en:Budapest/Budavár#do:europe-park"", ""wv:en:Budapest/South Buda#do:independent-park""]"
s3vectors,2048,warm,climate-october,71.6,65.3,136.9,"[""om:climate:budapest:10"", ""om:climate:budapest:11"", ""wv:en:Budapest#section:understand/climate:c1"", ""wv:es:Budapest#section:comprender/clima:c1"", ""om:climate:budapest:09"", ""om:climate:budapest:08"", ""wv:en:Budapest/Víziváros#see:gyorgy-dozsa-monument"", ""om:climate:budapest:04"", ""osm:way/57716766"", ""wv:en:Budapest#practical:republic-of-korea""]"
s3vectors,2048,warm,clima-enero-es,72.6,60.8,133.4,"[""om:climate:budapest:01"", ""om:climate:budapest:02"", ""wv:es:Budapest#section:comprender/clima:c1"", ""wv:en:Budapest/North Buda#see:ruins-of-pauline-monastery"", ""osm:way/166167091"", ""wv:en:Budapest/South Buda#see:kelenfold-bus-depot"", ""osm:way/166167074"", ""om:climate:budapest:12"", ""osm:way/166167090"", ""wp:en:2994351#s21-c1""]"
s3vectors,2048,warm,baths-buda,70.1,68.0,138.1,"[""wv:en:Budapest/North Buda#do:thermal-bath-szent-lukacs"", ""wv:en:Budapest/South Buda#do:gellert-baths"", ""wv:en:Budapest#section:do/thermal-baths:c1"", ""wv:en:Budapest/Víziváros#do:rudas-thermal-bath"", ""wv:es:Budapest#section:hacer/banos-termales:c1"", ""wv:en:Budapest#section:do/thermal-baths/modern-baths:c1"", ""wp:en:1672696#s0-c1"", ""wv:en:Budapest#section:do/thermal-baths/traditional-public-baths:c1"", ""wp:en:35313365#s0-c2"", ""wv:en:Budapest/Városliget#do:szechenyi-thermal-bath""]"
s3vectors,2048,warm,baths-buda-es,71.8,62.5,134.3,"[""wv:es:Budapest#section:hacer/banos-termales:c1"", ""wv:en:Budapest/South Buda#do:gellert-baths"", ""wv:en:Budapest/North Buda#do:thermal-bath-szent-lukacs"", ""wv:es:Budapest#section:hacer/banos-termales/banos-publicos-tradicionales/banos-modernos:c1"", ""wv:en:Budapest#section:do/thermal-baths:c1"", ""wv:en:Budapest#section:do/thermal-baths/modern-baths:c1"", ""wv:en:Budapest/Víziváros#do:rudas-thermal-bath"", ""wp:en:35313365#s0-c2"", ""wp:en:1672696#s0-c1"", ""wv:es:Budapest#section:hacer/banos-termales/banos-publicos-tradicionales:c1""]"
s3vectors,2048,warm,szechenyi,73.1,66.6,139.7,"[""wp:en:2613263#s1-c1"", ""wv:en:Budapest/Városliget#do:szechenyi-thermal-bath"", ""wp:en:2613263#s0-c1"", ""wv:en:Budapest/Városliget#section:do/leisure:c1"", ""wp:en:35313365#s0-c2"", ""wv:en:Budapest/Aquincum#do:csillaghegy-arpad-bath"", ""wv:en:Budapest#section:do/thermal-baths:c1"", ""wv:en:Budapest/Erzsébetváros#see:hungaria-bath"", ""wp:en:35313365#s0-c1"", ""wv:en:Budapest/Belváros#do:park-of-szechenyi-istvan-ter""]"
s3vectors,2048,warm,szechenyi-plain,73.8,61.8,135.6,"[""wp:en:2613263#s2-c1"", ""wv:en:Budapest/East Pest#do:szentmihaly-swimming-pool"", ""wv:en:Budapest/Városliget#do:szechenyi-thermal-bath"", ""wv:en:Budapest/East Pest#do:erzsebetliget-swimming-pool"", ""wv:en:Budapest/Zugló#do:bvsc-swimming-pool"", ""wv:en:Budapest/Kőbánya#do:ujhegy-swimming-pool-and-bath"", ""wv:en:Budapest/East Pest#do:ujlak-swimming-pool"", ""wp:en:2613263#s1-c1"", ""wv:en:Budapest/Aquincum#do:szedruskert-training-pool"", ""wv:en:Budapest/Zugló#do:paskal-thermal-bath""]"
s3vectors,2048,warm,ruin-bars,78.2,63.6,141.7,"[""wv:en:Budapest/Erzsébetváros#section:understand/jewish-quarter:c1"", ""osm:node/3283497736"", ""wv:en:Budapest/Erzsébetváros#section:drink:c1"", ""osm:node/3134154429"", ""wv:en:Budapest/Belváros#section:drink:c1"", ""tour:budapest:go-zeppelin-jewish-quarter"", ""wv:en:Budapest/South Buda#drink:avar-pub"", ""wp:en:7706391#s9-c1"", ""osm:node/9084818345"", ""wv:en:Budapest/East Pest#drink:kispipa-pub""]"
s3vectors,2048,warm,parliament,79.5,65.4,144.9,"[""wv:en:Budapest/Belváros#see:parliament"", ""wv:en:Budapest/Belváros#section:see/the-parliament:c1"", ""wv:en:Budapest/Józsefváros#see:former-house-of-parliament"", ""wv:en:Budapest/Belváros#see:ethnographic-museum"", ""wv:es:Budapest#section:ver:c1"", ""wv:en:Budapest/Hegyvidék#do:budapest-congress-center"", ""wv:en:Budapest#section:see:c3"", ""wv:en:Budapest/Józsefváros#see:national-museum"", ""osm:node/10010248985"", ""wp:en:1438363#s0-c1""]"
s3vectors,2048,warm,free-walking-tour,71.4,64.7,136.1,"[""tour:budapest:by-locals-pest-english"", ""tour:budapest:go-zeppelin-best-of-budapest"", ""tour:budapest:trip-to-budapest-pest"", ""tour:budapest:luna-pest-downtown"", ""tour:budapest:trip-to-budapest-art-nouveau"", ""tour:budapest:go-zeppelin-buda-castle"", ""tour:budapest:by-locals-pest-spanish"", ""wv:en:Budapest#section:do:c1"", ""tour:budapest:trip-to-budapest-buda-castle"", ""tour:budapest:trip-to-budapest-jewish-district""]"
s3vectors,2048,warm,free-tour-es,74.0,60.0,134.0,"[""tour:budapest:by-locals-pest-spanish"", ""tour:budapest:trip-to-budapest-pest"", ""tour:budapest:by-locals-pest-english"", ""tour:budapest:go-zeppelin-best-of-budapest"", ""tour:budapest:luna-pest-downtown"", ""tour:budapest:trip-to-budapest-buda-castle"", ""wv:en:Budapest#section:do:c1"", ""tour:budapest:trip-to-budapest-art-nouveau"", ""tour:budapest:trip-to-budapest-jewish-district"", ""tour:budapest:go-zeppelin-buda-castle""]"
s3vectors,2048,warm,jewish-quarter-tour,73.2,60.5,133.8,"[""tour:budapest:go-zeppelin-jewish-quarter"", ""tour:budapest:trip-to-budapest-jewish-district"", ""wv:en:Budapest/Erzsébetváros#section:understand/jewish-quarter:c1"", ""wp:en:35457863#s0-c1"", ""wv:en:Budapest/Budavár#see:medieval-jewish-prayer-house"", ""wp:en:7706391#s7-c1"", ""tour:budapest:trip-to-budapest-communism"", ""wp:en:39684758#s0-c1"", ""tour:budapest:go-zeppelin-buda-castle"", ""wv:en:Budapest/Kőbánya#see:jewish-cemetery""]"
s3vectors,2048,warm,danube-cruise,70.0,60.4,130.4,"[""wv:en:Budapest/Belváros#do:cruising-and-eating"", ""wv:en:Budapest/South Buda#section:drink/clubs-bars:c1"", ""wv:en:Budapest/Belváros#do:boat-trip-to-margaret-island"", ""wv:en:Budapest/Belváros#see:danube-promenade"", ""wp:en:9033099#s0-c1"", ""wv:en:Budapest#section:eat/restaurants:c2"", ""wv:en:Budapest#do:hungaria-koncert"", ""wv:en:Budapest/Belváros#drink:wine-tasting-on-boat"", ""wv:en:Budapest#do:firework-above-danube-river"", ""wv:en:Budapest#transport:boat""]"
s3vectors,2048,warm,cave-tour,70.3,64.4,134.7,"[""wv:en:Budapest/North Buda#do:szemlo-hill-cave"", ""wv:en:Budapest/North Buda#do:palvolgy-cave"", ""wv:en:Budapest/North Buda#do:molnar-janos-cave"", ""wv:en:Budapest/North Buda#do:matyas-hegyi-cave"", ""wv:en:Budapest/Hegyvidék#do:buda-protected-landscape-area"", ""tour:budapest:trip-to-budapest-buda-castle"", ""wv:en:Budapest/Óbuda#see:tabor-hegyi-cave"", ""wv:en:Budapest#section:do/caving:c1"", ""tour:budapest:luna-buda-castle"", ""wp:en:2994351#s71-c1""]"
s3vectors,2048,warm,bike-tour,71.0,64.6,135.6,"[""tour:budapest:by-locals-pest-english"", ""tour:budapest:go-zeppelin-best-of-budapest"", ""tour:budapest:luna-pest-downtown"", ""tour:budapest:trip-to-budapest-pest"", ""tour:budapest:by-locals-pest-spanish"", ""tour:budapest:go-zeppelin-buda-castle"", ""tour:budapest:trip-to-budapest-jewish-district"", ""tour:budapest:trip-to-budapest-buda-castle"", ""wv:en:Budapest#section:do:c1"", ""wv:en:Budapest#transport:yellow-zebra-bike""]"
s3vectors,2048,warm,fishermans-bastion,72.1,66.8,138.9,"[""wp:en:3733065#s7-c1"", ""wp:en:3733065#s6-c1"", ""wp:en:3733065#s4-c1"", ""wp:en:3733065#s3-c2"", ""wv:en:Budapest/Budavár#see:fisherman-s-bastion"", ""wp:en:3733065#s3-c1"", ""wp:en:3733065#s1-c1"", ""wp:en:3733065#s9-c1"", ""wp:en:3733065#s0-c1"", ""wp:en:3733065#s14-c1""]"
s3vectors,2048,warm,market-hall,75.3,60.4,135.7,"[""wv:en:Budapest/Ferencváros#do:great-market-hall"", ""wp:en:6155085#s1-c2"", ""wp:en:6155085#s0-c1"", ""wp:en:6155085#s1-c1"", ""osm:node/1160266661"", ""wv:en:Budapest/Belváros#do:market-hall"", ""wv:en:Budapest/Ferencváros#see:grand-market-area"", ""wv:en:Budapest/Angyalföld#do:lehel-market-hall"", ""wv:en:Budapest/Józsefváros#do:rakoczi-square-market-hall"", ""osm:node/3588514314""]"
s3vectors,2048,warm,opera,75.3,66.9,142.1,"[""wv:en:Budapest/Terézváros#do:state-opera-or-hungarian-state-opera-house"", ""wv:en:Budapest/Terézváros#see:state-opera-house"", ""wp:en:1438363#s0-c1"", ""wp:en:1438363#s2-c1"", ""wp:en:1438363#s3-c1"", ""wp:en:1438363#s1-c1"", ""wp:en:1438363#s4-c1"", ""wv:en:Budapest/Terézváros#do:budapest-operetta-theatre"", ""wv:en:Budapest/Angyalföld#do:open-air-theatre"", ""wv:en:Budapest/South Pest#do:sari-fedak-theatre""]"
s3vectors,2048,warm,memento-park,74.8,66.0,140.9,"[""wv:en:Budapest/South Buda#see:memento-park"", ""tour:budapest:trip-to-budapest-communism"", ""wv:en:Budapest/Aquincum#see:graphisoft-park"", ""wv:en:Budapest/Kőbánya#do:tchaikovsky-park"", ""osm:way/83186847"", ""wp:en:8362709#s1-c1"", ""osm:way/469218807"", ""wv:en:Budapest/Belváros#do:park-of-szechenyi-istvan-ter"", ""osm:way/365216106"", ""wv:en:Budapest/North Buda#see:millenaris-park""]"
s3vectors,2048,warm,hospital-rock,50.5,60.3,110.8,"[""wp:en:75078576#s0-c1"", ""wp:en:44810974#s0-c1"", ""wv:en:Budapest/Budavár#see:hospital-in-the-rock-nuclear-bunker-museum"", ""wv:en:Budapest/Belváros#see:f4-object"", ""wp:en:44810974#s6-c1"", ""wv:en:Budapest/South Buda#see:cave-house-museum"", ""wv:en:Budapest/Kőbánya#see:central-museum-of-disaster-management"", ""wp:en:44810974#s3-c1"", ""wp:en:75078576#s1-c1"", ""wp:en:2994351#s21-c1""]"
s3vectors,2048,warm,shoes-memorial,75.8,63.7,139.5,"[""wp:en:9052076#s0-c1"", ""wp:en:9052076#s1-c1"", ""wv:en:Budapest/Belváros#see:shoes-on-the-danube-memorial"", ""wp:en:9052076#s3-c1"", ""wp:en:7706391#s10-c1"", ""wp:en:9052076#s4-c1"", ""wv:en:Budapest/Ferencváros#see:holocaust-memorial-center"", ""wp:en:39684758#s0-c1"", ""osm:node/13390812109"", ""osm:node/12296868961""]"
s3vectors,2048,warm,heroes-square,55.8,62.1,118.0,"[""osm:relation/7108327"", ""osm:relation/6411893"", ""wp:en:2254072#s0-c1"", ""wv:en:Budapest#section:see:c4"", ""wv:en:Budapest/Terézváros#section:understand:c1"", ""wv:en:Budapest/Budavár#see:homeland-defence-headquarter"", ""wv:en:Budapest/Víziváros#section:see/vizivaros/around-adam-clark-square-clark-adam-ter:c1"", ""wv:en:Budapest/Budavár#see:castle-chapel"", ""wv:en:Budapest/Víziváros#see:castle-garden-kiosk-ybl-buda-creative-house"", ""wv:en:Budapest#section:see:c2""]"
s3vectors,2048,warm,aquincum,53.2,65.4,118.6,"[""wv:en:Budapest/Óbuda#see:thermae-maiores"", ""wv:en:Budapest/Óbuda#see:hercules-villa"", ""wv:en:Budapest/Óbuda#see:cella-trichora"", ""wv:en:Budapest/Aquincum#see:aquincum-museum-and-archaeological-park"", ""wp:en:78012312#s0-c1"", ""wv:en:Budapest/Józsefváros#see:museum-of-funeral"", ""wv:en:Budapest/Óbuda#see:porta-principalis-dextra"", ""wv:en:Budapest/Budavár#see:castle-museum"", ""wv:en:Budapest/Óbuda#see:aquincum-military-amphitheatre"", ""osm:node/3884465506""]"
s3vectors,2048,warm,airport-to-centre,74.1,62.7,136.8,"[""wv:en:Budapest#section:get-in/by-plane:c2"", ""wv:es:Budapest#section:llegar/en-avion:c3"", ""wv:es:Budapest#section:llegar/en-avion:c4"", ""wv:en:Budapest#section:get-in/by-plane:c1"", ""wv:en:Budapest#section:get-around/public-transport:c2"", ""wv:en:Budapest/Hegyvidék#section:get-in/other-transport-modes:c1"", ""wv:es:Budapest#section:llegar/en-avion:c1"", ""wv:es:Budapest#section:llegar/transporte-publico:c2"", ""wp:en:56138927#s17-c1"", ""wv:en:Budapest/Hegyvidék#section:get-in:c1""]"
s3vectors,2048,warm,airport-es,55.4,67.4,122.8,"[""wv:es:Budapest#section:llegar/en-avion:c3"", ""wv:es:Budapest#section:llegar/en-avion:c4"", ""wv:es:Budapest#section:llegar/en-avion:c1"", ""wv:en:Budapest#section:get-in/by-plane:c2"", ""wv:es:Budapest#section:llegar/transporte-publico:c2"", ""wv:es:Budapest#section:llegar/en-bus:c1"", ""wv:en:Budapest#section:get-around/public-transport:c2"", ""wv:es:Budapest#section:llegar/transporte-publico/otro:c1"", ""wv:en:Budapest#section:get-in/by-plane:c1"", ""wv:es:Budapest#section:llegar/en-avion:c2""]"
s3vectors,2048,warm,public-transport,55.7,64.8,120.5,"[""wv:en:Budapest#section:get-around/public-transport/tickets-and-passes:c1"", ""wv:en:Budapest#section:get-around/public-transport/tickets-and-passes:c2"", ""wv:es:Budapest#section:llegar/transporte-publico/entradas-y-pases:c2"", ""wv:en:Budapest#transport:tram-60-cogwheel-railway"", ""wv:es:Budapest#section:llegar/transporte-publico/entradas-y-pases:c1"", ""wv:es:Budapest#section:llegar/transporte-publico/metro:c1"", ""wp:en:31148640#s6-c1"", ""wv:en:Budapest#section:get-around/public-transport/tram:c1"", ""wv:en:Budapest#section:get-around/public-transport/metro:c1"", ""wv:es:Budapest#section:seguridad/trampas-para-turistas:c1""]"
s3vectors,2048,warm,funicular,54.1,65.9,120.1,"[""wv:en:Budapest/Budavár#section:get-in/by-funicular:c1"", ""wv:es:Budapest#transport:funicular-del-castillo-buda"", ""wv:en:Budapest#transport:buda-castle-funicular"", ""wv:en:Budapest/Budavár#section:get-in:c1"", ""tour:budapest:luna-buda-castle"", ""wp:en:2994351#s40-c1"", ""wv:en:Budapest/Hegyvidék#section:get-in/buses:c1"", ""wp:en:2994351#s53-c1"", ""wv:en:Budapest/Víziváros#see:buda-castle-tunnel"", ""tour:budapest:go-zeppelin-buda-castle""]"
s3vectors,2048,warm,escape-room,52.4,65.5,117.9,"[""wv:en:Budapest/Erzsébetváros#do:play-escape-room"", ""wv:en:Budapest/Városliget#do:prizone-escape"", ""wv:en:Budapest/Zugló#do:parahotel"", ""wv:en:Budapest/Kőbánya#do:pirate-cave"", ""wv:en:Budapest/Csepel#do:trap-factory"", ""wv:en:Budapest/Kőbánya#do:rage-room-budapest"", ""wp:en:2994351#s34-c1"", ""wv:en:Budapest/Óbuda#do:brainmaze"", ""wp:en:2994351#s65-c1"", ""wp:en:2994351#s32-c1""]"
s3vectors,2048,warm,vegan,72.0,64.7,136.8,"[""wv:en:Budapest#section:eat/vegetarian-vegan:c1"", ""wv:es:Budapest#section:comer/vegetariano-vegano:c1"", ""wv:en:Budapest/Víziváros#eat:edeni-vegan"", ""osm:node/4585086090"", ""osm:node/5770690057"", ""wv:en:Budapest/Víziváros#eat:edeni-vegan-restaurant"", ""wv:en:Budapest/Belváros#eat:govinda-restaurants"", ""wv:en:Budapest/Aquincum#eat:govinda-csillaghegy"", ""osm:node/5528143821"", ""osm:node/1918883383""]"
s3vectors,2048,warm,new-york-cafe,54.8,63.3,118.0,"[""wv:en:Budapest#section:eat/coffee-houses:c1"", ""wv:en:Budapest/Terézváros#eat:sugarshop"", ""osm:node/5474855522"", ""wv:es:Budapest#section:comer/cafeterias:c1"", ""wv:en:Budapest/Erzsébetváros#eat:new-york-cafe"", ""osm:node/9082621846"", ""osm:node/13680999181"", ""osm:node/5387347771"", ""osm:node/692977110"", ""osm:node/1573205258""]"
s3vectors,2048,warm,national-museum,51.7,64.5,116.2,"[""wp:en:7799944#s0-c1"", ""wv:en:Budapest/Erzsébetváros#see:hungarian-national-museum"", ""wv:en:Budapest/Józsefváros#see:national-museum"", ""wp:en:35457863#s2-c1"", ""wp:en:7799944#s1-c1"", ""wp:en:7799944#s2-c1"", ""wp:en:7799944#s3-c1"", ""wp:en:12058019#s0-c1"", ""wv:en:Budapest/Budavár#see:hungarian-national-gallery"", ""wp:en:7799944#s1-c2""]"
s3vectors,2048,warm,zoo,75.4,65.2,140.6,"[""wv:en:Budapest/Budavár#see:fountain-of-fishing-kids"", ""wv:en:Budapest/Csepel#eat:arany-pancake-shop-and-pub"", ""wv:en:Budapest/Hegyvidék#transport:children-s-railway"", ""osm:way/25281026"", ""osm:way/906696800"", ""wv:en:Budapest/South Buda#eat:becsiszelet-restaurant"", ""wv:en:Budapest/Angyalföld#do:oko-playground"", ""wv:en:Budapest/Kőbánya#do:family-center"", ""wv:en:Budapest/Csepel#eat:nadfedeles-csarda"", ""wv:en:Budapest/South Pest#drink:nyalifali""]"
s3vectors,2048,warm,margaret-island,74.4,65.3,139.7,"[""wp:en:20947490#s0-c1"", ""wp:en:20947490#s1-c1"", ""wv:en:Budapest/Aquincum#do:obuda-island"", ""wv:en:Budapest/Belváros#see:danube-promenade"", ""wp:en:9033099#s0-c1"", ""wv:en:Budapest/Angyalföld#do:people-island"", ""osm:relation/21179013"", ""wv:en:Budapest/Kőbánya#do:people-s-park"", ""wv:en:Budapest/Budavár#do:europe-park"", ""wv:en:Budapest/South Buda#do:independent-park""]"
s3vectors,2048,warm,climate-october,53.8,61.1,114.9,"[""om:climate:budapest:10"", ""om:climate:budapest:11"", ""wv:en:Budapest#section:understand/climate:c1"", ""wv:es:Budapest#section:comprender/clima:c1"", ""om:climate:budapest:09"", ""om:climate:budapest:08"", ""wv:en:Budapest/Víziváros#see:gyorgy-dozsa-monument"", ""om:climate:budapest:04"", ""osm:way/57716766"", ""wv:en:Budapest#practical:republic-of-korea""]"
s3vectors,2048,warm,clima-enero-es,54.4,62.4,116.8,"[""om:climate:budapest:01"", ""om:climate:budapest:02"", ""wv:es:Budapest#section:comprender/clima:c1"", ""wv:en:Budapest/North Buda#see:ruins-of-pauline-monastery"", ""osm:way/166167091"", ""wv:en:Budapest/South Buda#see:kelenfold-bus-depot"", ""osm:way/166167074"", ""om:climate:budapest:12"", ""osm:way/166167090"", ""wp:en:2994351#s21-c1""]"
s3vectors,2048,warm,baths-buda,54.6,59.6,114.1,"[""wv:en:Budapest/North Buda#do:thermal-bath-szent-lukacs"", ""wv:en:Budapest/South Buda#do:gellert-baths"", ""wv:en:Budapest#section:do/thermal-baths:c1"", ""wv:en:Budapest/Víziváros#do:rudas-thermal-bath"", ""wv:es:Budapest#section:hacer/banos-termales:c1"", ""wv:en:Budapest#section:do/thermal-baths/modern-baths:c1"", ""wp:en:1672696#s0-c1"", ""wv:en:Budapest#section:do/thermal-baths/traditional-public-baths:c1"", ""wp:en:35313365#s0-c2"", ""wv:en:Budapest/Városliget#do:szechenyi-thermal-bath""]"
s3vectors,2048,warm,baths-buda-es,72.8,64.1,136.9,"[""wv:es:Budapest#section:hacer/banos-termales:c1"", ""wv:en:Budapest/South Buda#do:gellert-baths"", ""wv:en:Budapest/North Buda#do:thermal-bath-szent-lukacs"", ""wv:es:Budapest#section:hacer/banos-termales/banos-publicos-tradicionales/banos-modernos:c1"", ""wv:en:Budapest#section:do/thermal-baths:c1"", ""wv:en:Budapest#section:do/thermal-baths/modern-baths:c1"", ""wv:en:Budapest/Víziváros#do:rudas-thermal-bath"", ""wp:en:35313365#s0-c2"", ""wp:en:1672696#s0-c1"", ""wv:es:Budapest#section:hacer/banos-termales/banos-publicos-tradicionales:c1""]"
s3vectors,2048,warm,szechenyi,52.6,66.5,119.1,"[""wp:en:2613263#s1-c1"", ""wv:en:Budapest/Városliget#do:szechenyi-thermal-bath"", ""wp:en:2613263#s0-c1"", ""wv:en:Budapest/Városliget#section:do/leisure:c1"", ""wp:en:35313365#s0-c2"", ""wv:en:Budapest/Aquincum#do:csillaghegy-arpad-bath"", ""wv:en:Budapest#section:do/thermal-baths:c1"", ""wv:en:Budapest/Erzsébetváros#see:hungaria-bath"", ""wp:en:35313365#s0-c1"", ""wv:en:Budapest/Belváros#do:park-of-szechenyi-istvan-ter""]"
s3vectors,2048,warm,szechenyi-plain,52.1,66.0,118.1,"[""wp:en:2613263#s2-c1"", ""wv:en:Budapest/East Pest#do:szentmihaly-swimming-pool"", ""wv:en:Budapest/Városliget#do:szechenyi-thermal-bath"", ""wv:en:Budapest/East Pest#do:erzsebetliget-swimming-pool"", ""wv:en:Budapest/Zugló#do:bvsc-swimming-pool"", ""wv:en:Budapest/Kőbánya#do:ujhegy-swimming-pool-and-bath"", ""wv:en:Budapest/East Pest#do:ujlak-swimming-pool"", ""wp:en:2613263#s1-c1"", ""wv:en:Budapest/Aquincum#do:szedruskert-training-pool"", ""wv:en:Budapest/Zugló#do:paskal-thermal-bath""]"
s3vectors,2048,warm,ruin-bars,50.5,59.1,109.6,"[""wv:en:Budapest/Erzsébetváros#section:understand/jewish-quarter:c1"", ""osm:node/3283497736"", ""wv:en:Budapest/Erzsébetváros#section:drink:c1"", ""osm:node/3134154429"", ""wv:en:Budapest/Belváros#section:drink:c1"", ""tour:budapest:go-zeppelin-jewish-quarter"", ""wv:en:Budapest/South Buda#drink:avar-pub"", ""wp:en:7706391#s9-c1"", ""osm:node/9084818345"", ""wv:en:Budapest/East Pest#drink:kispipa-pub""]"
s3vectors,2048,warm,parliament,69.5,62.4,131.9,"[""wv:en:Budapest/Belváros#see:parliament"", ""wv:en:Budapest/Belváros#section:see/the-parliament:c1"", ""wv:en:Budapest/Józsefváros#see:former-house-of-parliament"", ""wv:en:Budapest/Belváros#see:ethnographic-museum"", ""wv:es:Budapest#section:ver:c1"", ""wv:en:Budapest/Hegyvidék#do:budapest-congress-center"", ""wv:en:Budapest#section:see:c3"", ""wv:en:Budapest/Józsefváros#see:national-museum"", ""osm:node/10010248985"", ""wp:en:1438363#s0-c1""]"
s3vectors,2048,warm,free-walking-tour,72.4,67.1,139.5,"[""tour:budapest:by-locals-pest-english"", ""tour:budapest:go-zeppelin-best-of-budapest"", ""tour:budapest:trip-to-budapest-pest"", ""tour:budapest:luna-pest-downtown"", ""tour:budapest:trip-to-budapest-art-nouveau"", ""tour:budapest:go-zeppelin-buda-castle"", ""tour:budapest:by-locals-pest-spanish"", ""wv:en:Budapest#section:do:c1"", ""tour:budapest:trip-to-budapest-buda-castle"", ""tour:budapest:trip-to-budapest-jewish-district""]"
s3vectors,2048,warm,free-tour-es,57.2,62.9,120.0,"[""tour:budapest:by-locals-pest-spanish"", ""tour:budapest:trip-to-budapest-pest"", ""tour:budapest:by-locals-pest-english"", ""tour:budapest:go-zeppelin-best-of-budapest"", ""tour:budapest:luna-pest-downtown"", ""tour:budapest:trip-to-budapest-buda-castle"", ""wv:en:Budapest#section:do:c1"", ""tour:budapest:trip-to-budapest-art-nouveau"", ""tour:budapest:trip-to-budapest-jewish-district"", ""tour:budapest:go-zeppelin-buda-castle""]"
s3vectors,2048,warm,jewish-quarter-tour,55.8,64.3,120.1,"[""tour:budapest:go-zeppelin-jewish-quarter"", ""tour:budapest:trip-to-budapest-jewish-district"", ""wv:en:Budapest/Erzsébetváros#section:understand/jewish-quarter:c1"", ""wp:en:35457863#s0-c1"", ""wv:en:Budapest/Budavár#see:medieval-jewish-prayer-house"", ""wp:en:7706391#s7-c1"", ""tour:budapest:trip-to-budapest-communism"", ""wp:en:39684758#s0-c1"", ""tour:budapest:go-zeppelin-buda-castle"", ""wv:en:Budapest/Kőbánya#see:jewish-cemetery""]"
s3vectors,2048,warm,danube-cruise,74.7,63.3,138.0,"[""wv:en:Budapest/Belváros#do:cruising-and-eating"", ""wv:en:Budapest/South Buda#section:drink/clubs-bars:c1"", ""wv:en:Budapest/Belváros#do:boat-trip-to-margaret-island"", ""wv:en:Budapest/Belváros#see:danube-promenade"", ""wp:en:9033099#s0-c1"", ""wv:en:Budapest#section:eat/restaurants:c2"", ""wv:en:Budapest#do:hungaria-koncert"", ""wv:en:Budapest/Belváros#drink:wine-tasting-on-boat"", ""wv:en:Budapest#do:firework-above-danube-river"", ""wv:en:Budapest#transport:boat""]"
s3vectors,2048,warm,cave-tour,52.8,60.0,112.9,"[""wv:en:Budapest/North Buda#do:szemlo-hill-cave"", ""wv:en:Budapest/North Buda#do:palvolgy-cave"", ""wv:en:Budapest/North Buda#do:molnar-janos-cave"", ""wv:en:Budapest/North Buda#do:matyas-hegyi-cave"", ""wv:en:Budapest/Hegyvidék#do:buda-protected-landscape-area"", ""tour:budapest:trip-to-budapest-buda-castle"", ""wv:en:Budapest/Óbuda#see:tabor-hegyi-cave"", ""wv:en:Budapest#section:do/caving:c1"", ""tour:budapest:luna-buda-castle"", ""wp:en:2994351#s71-c1""]"
s3vectors,2048,warm,bike-tour,51.5,86.3,137.8,"[""tour:budapest:by-locals-pest-english"", ""tour:budapest:go-zeppelin-best-of-budapest"", ""tour:budapest:luna-pest-downtown"", ""tour:budapest:trip-to-budapest-pest"", ""tour:budapest:by-locals-pest-spanish"", ""tour:budapest:go-zeppelin-buda-castle"", ""tour:budapest:trip-to-budapest-jewish-district"", ""tour:budapest:trip-to-budapest-buda-castle"", ""wv:en:Budapest#section:do:c1"", ""wv:en:Budapest#transport:yellow-zebra-bike""]"
s3vectors,2048,warm,fishermans-bastion,86.1,64.4,150.5,"[""wp:en:3733065#s7-c1"", ""wp:en:3733065#s6-c1"", ""wp:en:3733065#s4-c1"", ""wp:en:3733065#s3-c2"", ""wv:en:Budapest/Budavár#see:fisherman-s-bastion"", ""wp:en:3733065#s3-c1"", ""wp:en:3733065#s1-c1"", ""wp:en:3733065#s9-c1"", ""wp:en:3733065#s0-c1"", ""wp:en:3733065#s14-c1""]"
s3vectors,2048,warm,market-hall,74.1,67.1,141.2,"[""wv:en:Budapest/Ferencváros#do:great-market-hall"", ""wp:en:6155085#s1-c2"", ""wp:en:6155085#s0-c1"", ""wp:en:6155085#s1-c1"", ""osm:node/1160266661"", ""wv:en:Budapest/Belváros#do:market-hall"", ""wv:en:Budapest/Ferencváros#see:grand-market-area"", ""wv:en:Budapest/Angyalföld#do:lehel-market-hall"", ""wv:en:Budapest/Józsefváros#do:rakoczi-square-market-hall"", ""osm:node/3588514314""]"
s3vectors,2048,warm,opera,71.8,59.8,131.5,"[""wv:en:Budapest/Terézváros#do:state-opera-or-hungarian-state-opera-house"", ""wv:en:Budapest/Terézváros#see:state-opera-house"", ""wp:en:1438363#s0-c1"", ""wp:en:1438363#s2-c1"", ""wp:en:1438363#s3-c1"", ""wp:en:1438363#s1-c1"", ""wp:en:1438363#s4-c1"", ""wv:en:Budapest/Terézváros#do:budapest-operetta-theatre"", ""wv:en:Budapest/Angyalföld#do:open-air-theatre"", ""wv:en:Budapest/South Pest#do:sari-fedak-theatre""]"
s3vectors,2048,warm,memento-park,74.7,61.2,135.9,"[""wv:en:Budapest/South Buda#see:memento-park"", ""tour:budapest:trip-to-budapest-communism"", ""wv:en:Budapest/Aquincum#see:graphisoft-park"", ""wv:en:Budapest/Kőbánya#do:tchaikovsky-park"", ""osm:way/83186847"", ""wp:en:8362709#s1-c1"", ""osm:way/469218807"", ""wv:en:Budapest/Belváros#do:park-of-szechenyi-istvan-ter"", ""osm:way/365216106"", ""wv:en:Budapest/North Buda#see:millenaris-park""]"
s3vectors,2048,warm,hospital-rock,77.3,62.1,139.5,"[""wp:en:75078576#s0-c1"", ""wp:en:44810974#s0-c1"", ""wv:en:Budapest/Budavár#see:hospital-in-the-rock-nuclear-bunker-museum"", ""wv:en:Budapest/Belváros#see:f4-object"", ""wp:en:44810974#s6-c1"", ""wv:en:Budapest/South Buda#see:cave-house-museum"", ""wv:en:Budapest/Kőbánya#see:central-museum-of-disaster-management"", ""wp:en:44810974#s3-c1"", ""wp:en:75078576#s1-c1"", ""wp:en:2994351#s21-c1""]"
s3vectors,2048,warm,shoes-memorial,51.2,64.5,115.6,"[""wp:en:9052076#s0-c1"", ""wp:en:9052076#s1-c1"", ""wv:en:Budapest/Belváros#see:shoes-on-the-danube-memorial"", ""wp:en:9052076#s3-c1"", ""wp:en:7706391#s10-c1"", ""wp:en:9052076#s4-c1"", ""wv:en:Budapest/Ferencváros#see:holocaust-memorial-center"", ""wp:en:39684758#s0-c1"", ""osm:node/13390812109"", ""osm:node/12296868961""]"
s3vectors,2048,warm,heroes-square,72.7,59.8,132.5,"[""osm:relation/7108327"", ""osm:relation/6411893"", ""wp:en:2254072#s0-c1"", ""wv:en:Budapest#section:see:c4"", ""wv:en:Budapest/Terézváros#section:understand:c1"", ""wv:en:Budapest/Budavár#see:homeland-defence-headquarter"", ""wv:en:Budapest/Víziváros#section:see/vizivaros/around-adam-clark-square-clark-adam-ter:c1"", ""wv:en:Budapest/Budavár#see:castle-chapel"", ""wv:en:Budapest/Víziváros#see:castle-garden-kiosk-ybl-buda-creative-house"", ""wv:en:Budapest#section:see:c2""]"
s3vectors,2048,warm,aquincum,51.8,60.2,112.1,"[""wv:en:Budapest/Óbuda#see:thermae-maiores"", ""wv:en:Budapest/Óbuda#see:hercules-villa"", ""wv:en:Budapest/Óbuda#see:cella-trichora"", ""wv:en:Budapest/Aquincum#see:aquincum-museum-and-archaeological-park"", ""wp:en:78012312#s0-c1"", ""wv:en:Budapest/Józsefváros#see:museum-of-funeral"", ""wv:en:Budapest/Óbuda#see:porta-principalis-dextra"", ""wv:en:Budapest/Budavár#see:castle-museum"", ""wv:en:Budapest/Óbuda#see:aquincum-military-amphitheatre"", ""osm:node/3884465506""]"
s3vectors,2048,warm,airport-to-centre,71.7,61.7,133.4,"[""wv:en:Budapest#section:get-in/by-plane:c2"", ""wv:es:Budapest#section:llegar/en-avion:c3"", ""wv:es:Budapest#section:llegar/en-avion:c4"", ""wv:en:Budapest#section:get-in/by-plane:c1"", ""wv:en:Budapest#section:get-around/public-transport:c2"", ""wv:en:Budapest/Hegyvidék#section:get-in/other-transport-modes:c1"", ""wv:es:Budapest#section:llegar/en-avion:c1"", ""wv:es:Budapest#section:llegar/transporte-publico:c2"", ""wp:en:56138927#s17-c1"", ""wv:en:Budapest/Hegyvidék#section:get-in:c1""]"
s3vectors,2048,warm,airport-es,75.1,65.5,140.5,"[""wv:es:Budapest#section:llegar/en-avion:c3"", ""wv:es:Budapest#section:llegar/en-avion:c4"", ""wv:es:Budapest#section:llegar/en-avion:c1"", ""wv:en:Budapest#section:get-in/by-plane:c2"", ""wv:es:Budapest#section:llegar/transporte-publico:c2"", ""wv:es:Budapest#section:llegar/en-bus:c1"", ""wv:en:Budapest#section:get-around/public-transport:c2"", ""wv:es:Budapest#section:llegar/transporte-publico/otro:c1"", ""wv:en:Budapest#section:get-in/by-plane:c1"", ""wv:es:Budapest#section:llegar/en-avion:c2""]"
s3vectors,2048,warm,public-transport,48.5,61.9,110.4,"[""wv:en:Budapest#section:get-around/public-transport/tickets-and-passes:c1"", ""wv:en:Budapest#section:get-around/public-transport/tickets-and-passes:c2"", ""wv:es:Budapest#section:llegar/transporte-publico/entradas-y-pases:c2"", ""wv:en:Budapest#transport:tram-60-cogwheel-railway"", ""wv:es:Budapest#section:llegar/transporte-publico/entradas-y-pases:c1"", ""wv:es:Budapest#section:llegar/transporte-publico/metro:c1"", ""wp:en:31148640#s6-c1"", ""wv:en:Budapest#section:get-around/public-transport/tram:c1"", ""wv:en:Budapest#section:get-around/public-transport/metro:c1"", ""wv:es:Budapest#section:seguridad/trampas-para-turistas:c1""]"
s3vectors,2048,warm,funicular,59.6,64.3,123.9,"[""wv:en:Budapest/Budavár#section:get-in/by-funicular:c1"", ""wv:es:Budapest#transport:funicular-del-castillo-buda"", ""wv:en:Budapest#transport:buda-castle-funicular"", ""wv:en:Budapest/Budavár#section:get-in:c1"", ""tour:budapest:luna-buda-castle"", ""wp:en:2994351#s40-c1"", ""wv:en:Budapest/Hegyvidék#section:get-in/buses:c1"", ""wp:en:2994351#s53-c1"", ""wv:en:Budapest/Víziváros#see:buda-castle-tunnel"", ""tour:budapest:go-zeppelin-buda-castle""]"
s3vectors,2048,warm,escape-room,69.4,62.9,132.3,"[""wv:en:Budapest/Erzsébetváros#do:play-escape-room"", ""wv:en:Budapest/Városliget#do:prizone-escape"", ""wv:en:Budapest/Zugló#do:parahotel"", ""wv:en:Budapest/Kőbánya#do:pirate-cave"", ""wv:en:Budapest/Csepel#do:trap-factory"", ""wv:en:Budapest/Kőbánya#do:rage-room-budapest"", ""wp:en:2994351#s34-c1"", ""wv:en:Budapest/Óbuda#do:brainmaze"", ""wp:en:2994351#s65-c1"", ""wp:en:2994351#s32-c1""]"
s3vectors,2048,warm,vegan,51.9,68.1,120.0,"[""wv:en:Budapest#section:eat/vegetarian-vegan:c1"", ""wv:es:Budapest#section:comer/vegetariano-vegano:c1"", ""wv:en:Budapest/Víziváros#eat:edeni-vegan"", ""osm:node/4585086090"", ""osm:node/5770690057"", ""wv:en:Budapest/Víziváros#eat:edeni-vegan-restaurant"", ""wv:en:Budapest/Belváros#eat:govinda-restaurants"", ""wv:en:Budapest/Aquincum#eat:govinda-csillaghegy"", ""osm:node/5528143821"", ""osm:node/1918883383""]"
s3vectors,2048,warm,new-york-cafe,52.0,58.7,110.7,"[""wv:en:Budapest#section:eat/coffee-houses:c1"", ""wv:en:Budapest/Terézváros#eat:sugarshop"", ""osm:node/5474855522"", ""wv:es:Budapest#section:comer/cafeterias:c1"", ""wv:en:Budapest/Erzsébetváros#eat:new-york-cafe"", ""osm:node/9082621846"", ""osm:node/13680999181"", ""osm:node/5387347771"", ""osm:node/692977110"", ""osm:node/1573205258""]"
s3vectors,2048,warm,national-museum,73.2,61.1,134.3,"[""wp:en:7799944#s0-c1"", ""wv:en:Budapest/Erzsébetváros#see:hungarian-national-museum"", ""wv:en:Budapest/Józsefváros#see:national-museum"", ""wp:en:35457863#s2-c1"", ""wp:en:7799944#s1-c1"", ""wp:en:7799944#s2-c1"", ""wp:en:7799944#s3-c1"", ""wp:en:12058019#s0-c1"", ""wv:en:Budapest/Budavár#see:hungarian-national-gallery"", ""wp:en:7799944#s1-c2""]"
s3vectors,2048,warm,zoo,72.7,59.6,132.3,"[""wv:en:Budapest/Budavár#see:fountain-of-fishing-kids"", ""wv:en:Budapest/Csepel#eat:arany-pancake-shop-and-pub"", ""wv:en:Budapest/Hegyvidék#transport:children-s-railway"", ""osm:way/25281026"", ""osm:way/906696800"", ""wv:en:Budapest/South Buda#eat:becsiszelet-restaurant"", ""wv:en:Budapest/Angyalföld#do:oko-playground"", ""wv:en:Budapest/Kőbánya#do:family-center"", ""wv:en:Budapest/Csepel#eat:nadfedeles-csarda"", ""wv:en:Budapest/South Pest#drink:nyalifali""]"
s3vectors,2048,warm,margaret-island,74.9,60.8,135.7,"[""wp:en:20947490#s0-c1"", ""wp:en:20947490#s1-c1"", ""wv:en:Budapest/Aquincum#do:obuda-island"", ""wv:en:Budapest/Belváros#see:danube-promenade"", ""wp:en:9033099#s0-c1"", ""wv:en:Budapest/Angyalföld#do:people-island"", ""osm:relation/21179013"", ""wv:en:Budapest/Kőbánya#do:people-s-park"", ""wv:en:Budapest/Budavár#do:europe-park"", ""wv:en:Budapest/South Buda#do:independent-park""]"
s3vectors,2048,warm,climate-october,73.3,58.7,132.0,"[""om:climate:budapest:10"", ""om:climate:budapest:11"", ""wv:en:Budapest#section:understand/climate:c1"", ""wv:es:Budapest#section:comprender/clima:c1"", ""om:climate:budapest:09"", ""om:climate:budapest:08"", ""wv:en:Budapest/Víziváros#see:gyorgy-dozsa-monument"", ""om:climate:budapest:04"", ""osm:way/57716766"", ""wv:en:Budapest#practical:republic-of-korea""]"
s3vectors,2048,warm,clima-enero-es,52.5,66.9,119.4,"[""om:climate:budapest:01"", ""om:climate:budapest:02"", ""wv:es:Budapest#section:comprender/clima:c1"", ""wv:en:Budapest/North Buda#see:ruins-of-pauline-monastery"", ""osm:way/166167091"", ""wv:en:Budapest/South Buda#see:kelenfold-bus-depot"", ""osm:way/166167074"", ""om:climate:budapest:12"", ""osm:way/166167090"", ""wp:en:2994351#s21-c1""]"
